drug_id,drug_name,approval_status,drug_type
DB00027,Gramicidin D,approved,small molecule
DB00080,Daptomycin,approved,small molecule
DB00140,Riboflavin,approved,small molecule
DB00152,Thiamine,approved,small molecule
DB00173,Adenine,approved,small molecule
DB00229,Cefotiam,approved,small molecule
DB00256,Lymecycline,approved,small molecule
DB00259,Sulfanilamide,approved,small molecule
DB00260,Cycloserine,approved,small molecule
DB00263,Sulfisoxazole,approved,small molecule
DB00267,Cefmenoxime,approved,small molecule
DB00274,Cefmetazole,approved,small molecule
DB00303,Ertapenem,approved,small molecule
DB00330,Ethambutol,approved,small molecule
DB00336,Nitrofural,approved,small molecule
DB00339,Pyrazinamide,approved,small molecule
DB00355,Aztreonam,approved,small molecule
DB00359,Sulfadiazine,approved,small molecule
DB00417,Phenoxymethylpenicillin,approved,small molecule
DB00430,Cefpiramide,approved,small molecule
DB00438,Ceftazidime,approved,small molecule
DB00440,Trimethoprim,approved,small molecule
DB00446,Chloramphenicol,approved,small molecule
DB00452,Framycetin,approved,small molecule
DB00453,Clomocycline,experimental,small molecule
DB00456,Cefalotin,approved,small molecule
DB00479,Amikacin,approved,small molecule
DB00548,Azelaic acid,approved,small molecule
DB00560,Tigecycline,approved,small molecule
DB00576,Sulfamethizole,approved,small molecule
DB00578,Carbenicillin,approved,small molecule
DB00581,Lactulose,approved,small molecule
DB00595,Oxytetracycline,approved,small molecule
DB00609,Ethionamide,approved,small molecule
DB00615,Rifabutin,approved,small molecule
DB00634,Sulfacetamide,approved,small molecule
DB00664,Sulfametopyrazine,approved,small molecule
DB00671,Cefixime,approved,small molecule
DB00689,Cephaloglycin,approved,small molecule
DB00698,Nitrofurantoin,approved,small molecule
DB00730,Thiabendazole,approved,small molecule
DB00756,Hexachlorophene,approved,small molecule
DB00759,Tetracycline,approved,small molecule
DB00760,Meropenem,approved,small molecule
DB00778,Roxithromycin,approved,small molecule
DB00798,Gentamicin,approved,small molecule
DB00803,Colistin,approved,biotech
DB00828,Fosfomycin,approved,small molecule
DB00891,Sulfapyridine,approved,small molecule
DB00919,Spectinomycin,approved,small molecule
DB00948,Mezlocillin,approved,small molecule
DB00951,Isoniazid,approved,small molecule
DB00955,Netilmicin,approved,small molecule
DB00994,Neomycin,approved,small molecule
DB01000,Cyclacillin,approved,small molecule
DB01015,Sulfamethoxazole,approved,small molecule
DB01017,Minocycline,approved,small molecule
DB01034,Cerulenin,experimental,small molecule
DB01045,Rifampin,approved,small molecule
DB01053,Benzylpenicillin,approved,small molecule
DB01082,Streptomycin,approved,small molecule
DB01111,Colistimethate,approved,small molecule
DB01147,Cloxacillin,approved,small molecule
DB01163,Amdinocillin,investigational,small molecule
DB01172,Kanamycin,approved,small molecule
DB01201,Rifapentine,approved,small molecule
DB01211,Clarithromycin,approved,small molecule
DB01220,Rifaximin,approved,small molecule
DB01298,Sulfacytine,approved,small molecule
DB01299,Sulfadoxine,approved,small molecule
DB01301,Rolitetracycline,approved,small molecule
DB01327,Cefazolin,approved,small molecule
DB01328,Cefonicid,approved,small molecule
DB01329,Cefoperazone,approved,small molecule
DB01331,Cefoxitin,approved,small molecule
DB01332,Ceftizoxime,approved,small molecule
DB01333,Cefradine,approved,small molecule
DB01369,Quinupristin,approved,small molecule
DB01413,Cefepime,approved,small molecule
DB01414,Cefacetrile,experimental,small molecule
DB01415,Ceftibuten,approved,small molecule
DB01416,Cefpodoxime,approved,small molecule
DB01581,Sulfamerazine,approved,small molecule
DB01582,Sulfamethazine,approved,small molecule
DB01598,Imipenem,approved,small molecule
DB01602,Bacampicillin,approved,small molecule
DB01629,5-fluorouridine,experimental,small molecule
DB01634,2-Oxy-4-Hydroxy-5-(2-Hydrazinopyridine)Phenylalanine,experimental,small molecule
DB01639,N-Methyl-Pyridoxal-5'-Phosphate,experimental,small molecule
DB01642,methyl beta-D-glucopyranoside,experimental,small molecule
DB01643,Thymidine monophosphate,experimental,small molecule
DB01655,L-gulonic acid 6-phosphate,experimental,small molecule
DB01657,"2-amino-3-[4-hydroxy-6-oxo-3-(2-phenyl-cyclopropylimino)-cyclohexa-1,4-dienyl]-propionic acid",experimental,small molecule
DB01661,1-(5-phospho-D-ribosyl)-ATP,experimental,small molecule
DB01673,Uridine-5'-Diphosphate-N-Acetylmuramoyl-L-Alanine,experimental,small molecule
DB01690,Bis(Adenosine)-5'-Triphosphate,experimental,small molecule
DB01691,Indole Naphthyridinone,experimental,small molecule
DB01692,Dithioerythritol,experimental,small molecule
DB01694,D-tartaric acid,experimental,small molecule
DB01715,"7,8-Diamino-Nonanoic Acid",experimental,small molecule
DB01717,Bis(Adenosine)-5'-Pentaphosphate,experimental,small molecule
DB01718,Cetrimonium,approved,small molecule
DB01727,Isocitric Acid,experimental,small molecule
DB01747,Coprogen,experimental,small molecule
DB01752,S-adenosyl-L-homocysteine,experimental,small molecule
DB01758,3-Iodo-Tyrosine,experimental,small molecule
DB01774,Adenosine-5'-Monophosphate Glucopyranosyl-Monophosphate Ester,experimental,small molecule
DB01783,Pantothenic acid,approved,small molecule
DB01785,Dimethylallyl Diphosphate,experimental,small molecule
DB01796,Quinolinic Acid,experimental,small molecule
DB01799,4-Hydroxy-3-Methyl Butyl Diphosphate,experimental,small molecule
DB01813,Pyridoxyl-Glutamic Acid-5'-Monophosphate,experimental,small molecule
DB01815,Nz-(Dicarboxymethyl)Lysine,experimental,small molecule
DB01817,Threonine-Aspartic Ester,experimental,small molecule
DB01819,Phosphoenolpyruvate,experimental,small molecule
DB01859,4-CDP-2-C-methyl-D-erythritol 2-phosphate,experimental,small molecule
DB01861,Uridine diphosphate glucose,experimental,small molecule
DB01862,Isopropyl beta-D-thiogalactopyranoside,experimental,small molecule
DB01865,3-(6-Aminopyridin-3-Yl)-N-Methyl-N-[(1-Methyl-1h-Indol-2-Yl)Methyl]Acrylamide,experimental,small molecule
DB01885,D-Galctopyranosyl-1-On,experimental,small molecule
DB01896,M-Aminophenylboronic Acid,experimental,small molecule
DB01917,Putrescine,experimental,small molecule
DB01920,1-O-[O-Nitrophenyl]-Beta-D-Galactopyranose,experimental,small molecule
DB01923,L-Xylulose 5-Phosphate,experimental,small molecule
DB01930,"2,4-Dihydroxy-3,3-Dimethyl-Butyrate",experimental,small molecule
DB01934,Arylomycin A2,experimental,small molecule
DB01936,alpha-D-arabinofuranose,investigational,small molecule
DB01942,Formic acid,investigational,small molecule
DB01956,Taurine,approved,small molecule
DB01965,"2'-Deoxyuridine 5'-alpha,beta-imido-triphosphate",experimental,small molecule
DB01972,Guanosine-5'-Monophosphate,experimental,small molecule
DB01975,AMPCPR,experimental,small molecule
DB01987,Cocarboxylase,approved,small molecule
DB01992,Coenzyme A,investigational,small molecule
DB02007,alpha-D-glucose 6-phosphate,experimental,small molecule
DB02015,Dihydrofolic Acid,experimental,small molecule
DB02024,3-phenylpropionic acid,experimental,small molecule
DB02031,"(6S)-5,6,7,8-tetrahydrofolic acid",experimental,small molecule
DB02038,"D-[3-hydroxy-2-methyl-5-phosphonooxymethyl-pyridin-4-ylmethyl]-N,O-cycloserylamide",experimental,small molecule
DB02039,S-Acetyl-Cysteine,experimental,small molecule
DB02059,Adenosine-5-Diphosphoribose,experimental,small molecule
DB02066,N7-Methyl-Formycin A,experimental,small molecule
DB02076,6-phospho-D-gluconic acid,experimental,small molecule
DB02080,"1-{2-[2-(2-Methoxyethoxy)Ethoxy]Ethoxy}-4-(1,1,3,3-Tetramethylbutyl)Benzene",experimental,small molecule
DB02094,N-2-Thiophen-2-Yl-Acetamide Boronic Acid,experimental,small molecule
DB02109,Hadacidin,experimental,small molecule
DB02113,6-Methylpurine,experimental,small molecule
DB02119,"6-Hydroxymethyl-7,8-Dihydropterin",experimental,small molecule
DB02129,Dihydroorotic Acid,experimental,small molecule
DB02130,Vanillic acid,experimental,small molecule
DB02134,Xanthine,experimental,small molecule
DB02135,"1-deoxy-1-{2,6,8-trioxo-7-[4-(phosphonooxy)butyl]-1,2,3,6,7,8-hexahydro-9H-purin-9-yl}-D-arabinitol",experimental,small molecule
DB02142,Pyridoxamine-5'-Phosphate,experimental,small molecule
DB02151,Methionine Phosphonate,experimental,small molecule
DB02153,3-sulfino-L-alanine,experimental,small molecule
DB02158,"(2S,3S,4R,5S)-2-(4-Amino-4,5-dihydro-1H-pyrrolo[3,2-d]pyrimidin-7-yl)-5-[(methylsulfanyl)methyl]-3,4-pyrrolidinediol",experimental,small molecule
DB02175,Malonic acid,experimental,small molecule
DB02178,Phenylacetaldehyde,experimental,small molecule
DB02184,"D-1,4-dithiothreitol",experimental,small molecule
DB02190,(S)-oxalosuccinic acid,experimental,small molecule
DB02196,Uridine-Diphosphate-N-Acetylgalactosamine,experimental,small molecule
DB02209,Pyridoxine phosphate,experimental,small molecule
DB02213,Metanitrophenyl-Alpha-D-Galactoside,experimental,small molecule
DB02223,LY231514 tetra glu,experimental,small molecule
DB02228,2-deoxy-2-fluoro-β-D-galactose,experimental,small molecule
DB02229,5'-O-[(L-methionyl)-sulphamoyl]adenosine,experimental,small molecule
DB02236,Glycinamide Ribonucleotide,experimental,small molecule
DB02247,Hydrolyzed Cephalothin,experimental,small molecule
DB02251,O-Succinylbenzoate,experimental,small molecule
DB02256,2'-Deoxyuridine,experimental,small molecule
DB02260,4-Oxosebacic Acid,experimental,small molecule
DB02262,Orotic acid,investigational,small molecule
DB02263,D-glyceraldehyde 3-phosphate,experimental,small molecule
DB02270,Dimethylallyl S-Thiolodiphosphate,experimental,small molecule
DB02274,7-Keto-8-Aminopelargonic Acid,experimental,small molecule
DB02281,Formycin,experimental,small molecule
DB02290,"Xanthylpropyl Phosphate",experimental,small molecule
DB02294,"(5R,6S,7S,8S)-5-hydroxymethyl-6,7,8-trihydroxy-tetrazolo[1,5-A]piperidine",experimental,small molecule
DB02301,"5,10-Methylene-6-Hydrofolic Acid",experimental,small molecule
DB02314,Uridine-5'-Diphosphate-N-Acetylmuramoyl-L-Alanine-D-Glutamate,experimental,small molecule
DB02316,"1-(5-Carboxypentyl)-5-[(2,6-Dichlorobenzyl)Oxy]-1 H-Indole-2-Carboxylic Acid",experimental,small molecule
DB02319,"5,6-dihydroxy-NADP",experimental,small molecule
DB02333,Deoxyuridine-5'-Triphosphate,experimental,small molecule
DB02345,Selenocysteine,experimental,small molecule
DB02363,2'-Monophosphoadenosine-5'-Diphosphate,experimental,small molecule
DB02377,Guanine,experimental,small molecule
DB02379,Beta-D-Glucose,experimental,small molecule
DB02382,Namn,experimental,small molecule
DB02384,(E)-2-Fluoro-P-Hydroxycinnamate,experimental,small molecule
DB02399,L-Rhamnitol,experimental,small molecule
DB02421,Uridine-5'-diphosphate-mannose,experimental,small molecule
DB02431,Cytidine-5'-Triphosphate,experimental,small molecule
DB02433,"{[(2,2-Dihydroxy-Ethyl)-(2,3,4,5-Tetrahydroxy-6-Phosphonooxy-Hexyl)-Amino]-Methyl}-Phosphonic Acid",experimental,small molecule
DB02435,Aminomethylcyclohexane,experimental,small molecule
DB02437,(5r)-5-Amino-6-Hydroxyhexylcarbamic Acid,experimental,small molecule
DB02445,2-Deoxy-2-Amino Glucitol-6-Phosphate,experimental,small molecule
DB02446,Glutamine hydroxamate,experimental,small molecule
DB02452,Thymidine 5'-triphosphate,experimental,small molecule
DB02456,Aracytidine 5'-monophosphate,experimental,small molecule
DB02461,S-Methyl Phosphocysteine,experimental,small molecule
DB02467,L-methionine (S)-S-oxide,experimental,small molecule
DB02474,BMSC-0013,experimental,small molecule
DB02480,(S)-4-bromo-3-hydroxy-3-methylbutyl diphosphate,experimental,small molecule
DB02493,Hydantocidin-5'-phosphate,experimental,small molecule
DB02496,1-Deoxy-D-xylulose 5-phosphate,experimental,small molecule
DB02501,N(2)-succinyl-L-arginine,experimental,small molecule
DB02503,4-(Carboxyvin-2-Yl)Phenylboronic Acid,experimental,small molecule
DB02508,Isopentyl Pyrophosphate,experimental,small molecule
DB02515,sn-glycerol 3-phosphate,experimental,small molecule
DB02527,Cyclic adenosine monophosphate,experimental,small molecule
DB02540,"10-formyl-5,8,10-trideazafolic acid",experimental,small molecule
DB02552,Geranyl Diphosphate,experimental,small molecule
DB02572,"1,3-bis-([3-[3-[3-(4-{3-[3-nitro-5-(galactopyranosyloxy)-benzoylamino]-propyl}-piperazin-1-yl)-propylamino-3,4-dioxo-cyclobutenyl]-amino-propoxy-ethoxy-ethoxy]-propyl-]amino-carbonyloxy)-2-amino-propane",experimental,small molecule
DB02574,BV2,experimental,biotech
DB02588,"(2R)-2-[(1R)-1-{[(2S)-2-Carboxy-2-(4-hydroxyphenyl)acetyl]amino}-1-methoxy-2-oxoethyl]-5-methylene-5,6-dihydro-2H-1,3-oxazine-4-carboxylic acid",experimental,small molecule
DB02596,"alpha,beta-Methyleneadenosine 5'-triphosphate",experimental,small molecule
DB02609,4-Hydroxy-L-Threonine-5-Monophosphate,experimental,small molecule
DB02627,"4,4'-Biphenyldiboronic Acid",experimental,small molecule
DB02630,L-xylitol 5-phosphate,experimental,small molecule
DB02632,4-nitrophenyl-beta-D-galactoside,experimental,small molecule
DB02657,Glucosamine 6-Phosphate,experimental,small molecule
DB02666,(C8-R)-hydantocidin 5'-phosphate,experimental,small molecule
DB02681,"2,8-bis[oxido(oxo)vanadio]-1,1,1,3,5,5,7,7,9,9,9-undecaoxopentavanadoxane-2,8-diium",experimental,small molecule
DB02693,"(4S,5S)-1,2-dithiane-4,5-diol",experimental,small molecule
DB02694,Pantoyl Adenylate,experimental,small molecule
DB02711,"4-{2,6,8-Trioxo-9-[(2S,3R,4R)-2,3,4,5-Tetrahydroxypentyl]-1,2,3,6,8,9-Hexahydro-7h-Purin-7-Yl}Butyl Dihydrogen Phosphate",experimental,small molecule
DB02724,Delta-2-Albomycin A1,experimental,small molecule
DB02725,"2-Amino-4-(4-Amino-Cyclohexa-2,5-Dienyl)-Butyric Acid",experimental,small molecule
DB02726,2-Phosphoglycolic Acid,experimental,small molecule
DB02746,Phthalic Acid,experimental,small molecule
DB02749,Pyromellitic Acid,experimental,small molecule
DB02752,Tosyl-D-Proline,experimental,small molecule
DB02758,Indolepropionic acid,experimental,small molecule
DB02761,S-Mercaptocysteine,experimental,small molecule
DB02772,Sucrose,approved,small molecule
DB02783,4'-Deoxy-4'-Acetylyamino-Pyridoxal-5'-Phosphate,experimental,small molecule
DB02790,Phenyl-uridine-5'-diphosphate,experimental,small molecule
DB02794,"(2S)-2-({4-[(2S)-1-(2-Amino-4-oxo-1,4-dihydro-6-quinazolinyl)-3-{[2-({(2R,3R,4S,5R)-3,4-dihydroxy-5-[(phosphonooxy)methyl]tetrahydro-2-furanyl}amino)-2-oxoethyl]amino}-2-hydroxy-2-propanyl]benzoyl}ami no)pentanedioic acid",experimental,small molecule
DB02797,3-Nitrophenylboronic Acid,experimental,small molecule
DB02799,N-[2-(1-maleimidyl)ethyl]-7-diethylaminocoumarin-3-carboxamide,experimental,small molecule
DB02801,"2,3-Anhydro-quinic acid",experimental,small molecule
DB02802,3-(alpha-D-Galactopyranosyloxy)-5-nitrobenzamide,experimental,small molecule
DB02811,Diethyl phosphonate,experimental,small molecule
DB02823,Phosphonoacetic Acid,experimental,small molecule
DB02824,N-Pyridoxyl-Glycine-5-Monophosphate,experimental,small molecule
DB02831,Dihydrogenphosphate,experimental,small molecule
DB02832,Siroheme,experimental,small molecule
DB02836,Guanosine 5'-diphosphate 2':3'-cyclic monophosphate,experimental,small molecule
DB02843,alpha-D-glucose-1-phosphate,experimental,small molecule
DB02854,Aetiocholanolone,experimental,small molecule
DB02858,Thiophenesulfonylboronic Acid,experimental,small molecule
DB02883,"2',3'-Dideoxycytidine-5'-Monophosphate",experimental,small molecule
DB02890,6-hydroxyuridine-5'-phosphate,experimental,small molecule
DB02896,Methylthioinosine,experimental,small molecule
DB02897,Acetylphosphate,experimental,small molecule
DB02899,N-Carboxymethionine,experimental,small molecule
DB02903,"1,3-bis-([[3-(4-{3-[3-nitro-5-(galactopyranosyloxy)-benzoylamino]-propyl}-piperazin-1-yl)-propylamino-3,4-dioxo-cyclobutenyl]-amino-ethyl]-amino-carbonyloxy)-2-amino-propane",experimental,small molecule
DB02927,"Mixed Carbamic Phosphoric Acid Anhydride of 7,8-Diaminononanic Acid",experimental,small molecule
DB02928,3-Amino-6-Hydroxy-Tyrosine,experimental,small molecule
DB02930,Adenosine 5'-[gamma-thio]triphosphate,experimental,small molecule
DB02933,5'-Deoxy-5'-(Methylthio)-Tubercidin,experimental,small molecule
DB02934,9-(6-deoxy-alpha-L-talofuranosyl)-6-methylpurine,experimental,small molecule
DB02937,"Gamma-Arsono-Beta, Gamma-Methyleneadenosine-5'-Diphosphate",experimental,small molecule
DB02941,3-(1-Aminoethyl)Nonanedioic Acid,experimental,small molecule
DB02947,2-Fluoro-2'-Deoxyadenosine,experimental,small molecule
DB02948,Fosmidomycin,investigational,small molecule
DB02951,3-Hydroxypyruvic Acid,experimental,small molecule
DB02954,(Carboxyhydroxyamino)Ethanoic Acid,experimental,small molecule
DB02961,Rhamnose,experimental,small molecule
DB02965,Ndelta-(N'-Sulphodiaminophosphinyl)-L-Ornithine,experimental,small molecule
DB02981,Vitamin B6 Complexed with 2-Amino-Hexanoic Acid,experimental,small molecule
DB02990,S-(2-Acetamidoethyl) hexadecanethioate,experimental,small molecule
DB02995,Cyclohexylammonium Ion,experimental,small molecule
DB03003,Glutathione sulfonic acid,experimental,small molecule
DB03017,Lauric acid,approved,small molecule
DB03022,"3-[2,6,8-Trioxo-9-[(2R,3S,4R)-2,3,4,5-tetrahydroxypentyl]-3H-purin-7-yl]propyl dihydrogen phosphate",experimental,small molecule
DB03026,Phosphoglycolohydroxamic Acid,experimental,small molecule
DB03030,4-(2-Thienyl)-1-(4-Methylbenzyl)-1h-Imidazole,experimental,small molecule
DB03038,LY341770,experimental,small molecule
DB03049,S-Selanyl Cysteine,experimental,small molecule
DB03051,(S)-2-Tetrahydrofuroic acid,experimental,small molecule
DB03059,Acetoacetyl-CoA,experimental,small molecule
DB03068,Zebularine,experimental,small molecule
DB03075,(Diphosphono)Aminophosphonic Acid,experimental,small molecule
DB03077,"3-Amino-4-{3-[2-(2-Propoxy-Ethoxy)-Ethoxy]-Propylamino}-Cyclobut-3-Ene-1,2-Dione",experimental,small molecule
DB03091,Isoglutamine,experimental,small molecule
DB03101,Ribose-1-Phosphate,experimental,small molecule
DB03107,beta-Alanine,experimental,small molecule
DB03108,4-phospho-D-erythronic acid,experimental,small molecule
DB03113,3-Fluoro-2-(Phosphonooxy)Propanoic Acid,experimental,small molecule
DB03116,5-(1-Carboxy-1-Phosphonooxy-Ethoxyl)-Shikimate-3-Phosphate,experimental,small molecule
DB03117,2-carboxypropyl-coenzyme A,experimental,small molecule
DB03140,4-Carboxyphenylboronic Acid,experimental,small molecule
DB03142,Alpha-L-Arabinose,experimental,small molecule
DB03146,2-deazo-6-thiophosphate guanosine-5'-monophosphate,experimental,small molecule
DB03147,Flavin adenine dinucleotide,approved,small molecule
DB03148,Adenosine 5'-methylenediphosphate,experimental,small molecule
DB03157,"N,O-didansyl-L-tyrosine",experimental,small molecule
DB03160,N-Pyridoxyl-7-Keto-8-Aminopelargonic Acid-5'-Monophosphate,experimental,small molecule
DB03165,2-Dimethylamino-Ethyl-Diphosphate,experimental,small molecule
DB03170,Dephospho Coenzyme A,experimental,small molecule
DB03172,Tubercidin,experimental,small molecule
DB03197,6-Hydroxymethylpterin,experimental,small molecule
DB03212,4-Deoxyglucarate,experimental,small molecule
DB03228,"5-[Bis-2(Chloro-Ethyl)-Amino]-2,4-Dintro-Benzamide",experimental,small molecule
DB03235,N-{3-[4-(3-aminopropyl)piperazin-1-yl]propyl}-3-(alpha-D-galactopyranosyloxy)-5-nitrobenzamide,experimental,small molecule
DB03237,"2,3-Dihydroxy-5-Oxo-Hexanedioate",experimental,small molecule
DB03246,Beta-L-Arabinose,experimental,small molecule
DB03247,Flavin mononucleotide,approved,small molecule
DB03252,D-Lysine,experimental,small molecule
DB03256,(6R)-Folinic acid,experimental,small molecule
DB03258,2'-Deoxycytidine 5'-triphosphate,experimental,small molecule
DB03264,Dodecyl-Coa,experimental,small molecule
DB03274,"2',5'-Dideoxyuridine",experimental,small molecule
DB03278,D-Treitol,experimental,small molecule
DB03280,p1-(5'-adenosyl)p5-(5'-thymidyl)pentaphosphate,experimental,small molecule
DB03313,Cephalosporin C,experimental,small molecule
DB03317,Ferroheme C,experimental,small molecule
DB03323,Maltose,investigational,small molecule
DB03325,Tyrosyladenylate,experimental,small molecule
DB03345,Mercaptoethanol,experimental,small molecule
DB03350,Cobalt hexammine ion,experimental,small molecule
DB03355,5'-O-(L-Threonylsulfamoyl)adenosine,experimental,small molecule
DB03363,3-Acetylpyridine Adenine Dinucleotide,experimental,small molecule
DB03366,Imidazole,investigational,small molecule
DB03374,"3,5-Diiodotyrosine",experimental,small molecule
DB03382,S-oxy-L-cysteine,experimental,small molecule
DB03397,Uridine-Diphosphate-N-Acetylglucosamine,experimental,small molecule
DB03403,Cytidine-5'-Monophosphate,experimental,small molecule
DB03411,"2-Hydroxymethyl-Pyrrolidine-3,4-Diol",experimental,small molecule
DB03413,Deoxyuridine-5'-Diphosphate,experimental,small molecule
DB03434,3-(N-morpholino)propanesulfonic acid,experimental,small molecule
DB03435,Uridine-5'-Diphosphate,experimental,small molecule
DB03436,Gallichrome,experimental,small molecule
DB03437,"(2R,4S)-2-[(1R)-1-{[(2Z)-2-(2-Amino-1,3-thiazol-4-yl)-2-(methoxyimino)acetyl]amino}-2-oxoethyl]-5,5-dimethyl-1,3-thiazolidine-4-carboxylic acid",experimental,small molecule
DB03452,3-Trimethylsilylsuccinic Acid,experimental,small molecule
DB03459,Sparfosic acid,experimental,small molecule
DB03461,Nicotinamide adenine dinucleotide phosphate,experimental,small molecule
DB03462,Thymine,experimental,small molecule
DB03464,Formycin-5'-Monophosphate,experimental,small molecule
DB03485,alpha-D-Fucopyranose,experimental,small molecule
DB03487,(S)-Aspartimide,experimental,small molecule
DB03488,Uridine-5'-diphosphate-2-deoxy-2-fluoro-alpha-D-galactose,experimental,small molecule
DB03498,Mercaptomethyl Phosphonate,experimental,small molecule
DB03499,D-Malic acid,experimental,small molecule
DB03524,"N-[3-[4-(3-aminopropyl)piperazin-1-yl]propyl]-3-[(2-thiophen-2-ylacetyl)amino]-5-[(2R,3R,4S,5R,6R)-3,4,5-trihydroxy-6-(hydroxymethyl)oxan-2-yl]oxybenzamide",experimental,small molecule
DB03528,9-Beta-D-Xylofuranosyl-Adenine,experimental,small molecule
DB03530,Acylated ceftazidime,experimental,small molecule
DB03534,3-[(Acetyl-Methyl-Amino)-Methyl]-4-Amino-N-Methyl-N-(1-Methyl-1h-Indol-2-Ylmethyl)-Benzamide,experimental,small molecule
DB03541,"10-Propargyl-5,8-Dideazafolic Acid",experimental,small molecule
DB03543,1-(O-Carboxy-Phenylamino)-1-Deoxy-D-Ribulose-5-Phosphate,experimental,small molecule
DB03544,S-Phosphocysteine,experimental,small molecule
DB03551,"(3R,4R)-3-Hydroxy-4-(hydroxymethyl)-1-[(4-oxo-4,4a,5,7a-tetrahydro-3H-pyrrolo[3,2-d]pyrimidin-7-yl)methyl]pyrrolidinium",experimental,small molecule
DB03553,Glutaric Acid,experimental,small molecule
DB03556,"2-(2-{2-[2-(2-{2-[2-(2-Ethoxy-Ethoxy)-Ethoxy]-Ethoxy}-Ethoxy)-Ethoxy]-Ethoxy}-Ethoxy)-Ethanol, Polyethyleneglycol Peg400",experimental,small molecule
DB03558,SP-876,experimental,small molecule
DB03566,Spermidine,experimental,small molecule
DB03581,Glucose-6-Phosphate,experimental,small molecule
DB03582,N~2~-Succinylornithine,experimental,small molecule
DB03584,4-Thio-beta-D-glucopyranose,experimental,small molecule
DB03590,"2,6-Diaminopimelic Acid",experimental,small molecule
DB03592,Pterin-6-Yl-Methyl-Monophosphate,experimental,small molecule
DB03600,Capric acid,experimental,small molecule
DB03603,Glucaric acid,experimental,small molecule
DB03615,Ribostamycin,approved,small molecule
DB03619,Deoxycholic acid,approved,small molecule
DB03624,7-(Carboxyamino)-8-Amino-Nonanoic Acid,experimental,small molecule
DB03629,Pyridoxal-5'-Phosphate-N-Oxide,experimental,small molecule
DB03631,"3-(4-hydroxy-3-imino-6-oxo-cyclohexa-1,4-dienyl)-alanine",experimental,small molecule
DB03649,"[{(5-Chloro-2-Pyridinyl)Amino} Methylene]-1,1-Bisphosphonate",experimental,small molecule
DB03658,"(2R,4S)-2-[(1R)-1-{[(2R)-2-Amino-2-(4-hydroxyphenyl)acetyl]amino}-2-oxoethyl]-5,5-dimethyl-1,3-thiazolidine-4-carboxylic acid",experimental,small molecule
DB03661,L-cysteic acid,experimental,small molecule
DB03662,Vitamin B6 Complexed with 2-Amino-Pentanoic Acid,experimental,small molecule
DB03666,Zidovudine monophosphate,experimental,small molecule
DB03668,6-oxouridine 5'-phosphate,experimental,small molecule
DB03685,Uridine monophosphate,experimental,small molecule
DB03687,4-(Cytidine 5'-diphospho)-2-C-methyl-D-erythritol,experimental,small molecule
DB03688,Hydracrylic acid,experimental,small molecule
DB03692,1-Hexadecanosulfonyl-O-L-Serine,experimental,small molecule
DB03705,6-Methylamino-5-Nitroisocytosine,experimental,small molecule
DB03709,Bicine,experimental,small molecule
DB03721,N-acetyl-alpha-neuraminic acid,experimental,small molecule
DB03734,Xylarohydroxamate,experimental,small molecule
DB03735,9-(2-Deoxy-Beta-D-Ribofuranosyl)-6-Methylpurine,experimental,small molecule
DB03739,3-Hydroxyimino Quinic Acid,experimental,small molecule
DB03746,"3-Amino-4,5-Dihydroxy-Cyclohex-1-Enecarboxylate",experimental,small molecule
DB03750,Isovaleric Acid,experimental,small molecule
DB03761,5-fluoro-2'-deoxyuridine-5'-monophosphate,experimental,small molecule
DB03775,Dethiobiotin,experimental,small molecule
DB03795,2-Dehydropantoate,experimental,small molecule
DB03799,Trifluoromethionine,experimental,small molecule
DB03800,Deoxyuridine monophosphate,experimental,small molecule
DB03801,Lysine Nz-Carboxylic Acid,experimental,small molecule
DB03811,Histidinol,experimental,small molecule
DB03812,"3-{2,6,8-trioxo-9-[(2S,3R,4R)-2,3,4,5-tetrahydroxypentyl]-1,2,3,6,8,9-hexahydro-7H-purin-7-Yl}propyl dihydrogen phosphate",experimental,small molecule
DB03813,2-Decenoyl N-acetyl cysteamine,experimental,small molecule
DB03814,2-(N-morpholino)ethanesulfonic acid,experimental,small molecule
DB03815,Fucitol,experimental,small molecule
DB03816,Difluoromethionine,experimental,small molecule
DB03818,N-[Tosyl-D-Prolinyl]Amino-Ethanethiol,experimental,small molecule
DB03825,Rhodamine 6G,experimental,small molecule
DB03830,Phosphorylated Dihydropteroate,experimental,small molecule
DB03846,2'-deoxy-5-(hydroxymethyl)uridine 5'-(dihydrogen phosphate),experimental,small molecule
DB03854,Cadaverine,experimental,small molecule
DB03855,L-Threonohydroxamate 4-Phosphate,experimental,small molecule
DB03869,5'-O-(L-Serylsulfamoyl)adenosine,experimental,small molecule
DB03909,"Adenosine-5'-[Beta, Gamma-Methylene]Triphosphate",experimental,small molecule
DB03912,D-pantetheine 4'-phosphate,experimental,small molecule
DB03915,2-Amino-3-Ketobutyric Acid,experimental,small molecule
DB03936,1-Deoxy-Ribofuranose-5'-Phosphate,experimental,small molecule
DB03939,"(4S)-4-hydroxy-3,4-dihydro-2(1H)-pyrimidinone",experimental,small molecule
DB03940,Oxamic Acid,experimental,small molecule
DB03942,Carboxylic PRPP,experimental,small molecule
DB03951,N-acetyl-D-glucosamine-6-phosphate,experimental,small molecule
DB03952,9-(6-deoxy-beta-D-allofuranosyl)-6-methylpurine,experimental,small molecule
DB03961,"2c-Methyl-D-Erythritol 2,4-Cyclodiphosphate",experimental,small molecule
DB03967,Dodecyl sulfate,experimental,small molecule
DB03973,"3-[2,6,8-Trioxo-9-[(2R,3R,4R)-2,3,4,5-tetrahydroxypentyl]-3H-purin-7-yl]propyl dihydrogen phosphate",experimental,small molecule
DB03986,6-methyl-formycin A,experimental,small molecule
DB03989,D-Allopyranose,experimental,small molecule
DB03993,Isocaproic acid,experimental,small molecule
DB03995,Betadex,experimental,small molecule
DB03997,L-histidinol phosphate,experimental,small molecule
DB04007,Bromo-WR99210,experimental,small molecule
DB04015,Methionine Phosphinate,experimental,small molecule
DB04024,Serine-3'-aminoadenosine,experimental,small molecule
DB04030,"1,3,4,9-Tetrahydro-2-(Hydroxybenzoyl)-9-[(4-Hydroxyphenyl)Methyl]-6-Methoxy-2h-Pyrido[3,4-B]Indole",experimental,small molecule
DB04031,Serine vanadate,experimental,small molecule
DB04034,Ribulose-5-Phosphate,experimental,small molecule
DB04035,Ceftazidime BATSI,experimental,small molecule
DB04047,6-hydroxymethylpterin diphosphate,experimental,small molecule
DB04062,beta-D-fucose,experimental,small molecule
DB04063,alpha-Methylleucine,experimental,small molecule
DB04073,N-{3-[4-(3-amino-propyl)-piperazin-1-yl]-propyl}-3-nitro-5-(galactopyranosyl)-beta-benzamide,experimental,small molecule
DB04074,alpha-Ketoisovalerate,experimental,small molecule
DB04075,Acetylglutamate,experimental,small molecule
DB04083,N(6)-(pyridoxal phosphate)-L-lysine,experimental,small molecule
DB04087,Open Form of 2'-Deoxy-Ribofuranose-5'-Phosphate,experimental,small molecule
DB04095,9-Deazahypoxanthine,experimental,small molecule
DB04097,Uridine-5'-diphosphate-4-deoxy-4-fluoro-alpha-D-galactose,experimental,small molecule
DB04099,Deamido-Nad+,experimental,small molecule
DB04104,3-Methyladenine,experimental,small molecule
DB04116,Allolactose,experimental,small molecule
DB04127,beta-D-arabinofuranose 5-phosphate,experimental,small molecule
DB04135,"(4S)-5-Fluoro-4-hydroxy-3,4-dihydro-2(1H)-pyrimidinone",experimental,small molecule
DB04137,Guanosine-5'-Triphosphate,experimental,small molecule
DB04138,"5-[Bis(2-bromoethyl)amino]-N-(2,3-dioxopropyl)-2,4-dinitrobenzamide",experimental,small molecule
DB04147,Dodecyldimethylamine N-oxide,experimental,small molecule
DB04155,2-Fluoro-2-Deoxy-Beta-D-Galactopyranosyl-Beta-D-Glucopyranose,experimental,small molecule
DB04156,Aspartate beryllium trifluoride,experimental,small molecule
DB04158,"6-(adenosine tetraphosphate-methyl)-7,8-dihydropterin",experimental,small molecule
DB04160,Pyrophosphoric acid,approved,small molecule
DB04170,4-bromo-3-hydroxy-3-methyl butyl diphosphate,experimental,small molecule
DB04196,Pteroic acid,experimental,small molecule
DB04198,Formycin B,experimental,small molecule
DB04201,Histidyl-Adenosine Monophosphate,experimental,small molecule
DB04210,"3-(alpha-D-galactopyranosyloxy)-N-(3-{4-[3-({2-[(3-{4-[3-({[3-(hexopyranosyloxy)-5-nitrophenyl]carbonyl}amino)propyl]piperazin-1-yl}propyl)amino]-3,4-dioxocyclobut-1-en-1-yl}amino)propyl]piperazin-1-yl}propyl)-5-nitrobenzamide",experimental,biotech
DB04217,L-2-amino-3-butynoic acid,experimental,small molecule
DB04221,Didecyldimethylammonium,approved,small molecule
DB04233,(Hydroxyethyloxy)Tri(Ethyloxy)Octane,experimental,small molecule
DB04242,4-hydroxybenzoic acid,experimental,small molecule
DB04243,TMP,experimental,small molecule
DB04252,N-Carbamoylaspartic acid,experimental,small molecule
DB04253,Tretazicar,investigational,small molecule
DB04264,"(10R)-10-formyl-5,8,10-trideazafolic acid",experimental,small molecule
DB04267,Dipicolinic acid,experimental,small molecule
DB04272,Citric acid,approved,small molecule
DB04279,3-Isopropylmalic Acid,experimental,small molecule
DB04284,L-proline betaine,experimental,small molecule
DB04286,beta-D-Ribopyranose,experimental,small molecule
DB04289,Genz-10850,experimental,small molecule
DB04293,7-(2-Amino-2-Phenyl-Acetylamino)-3-Chloro-8-Oxo-1-Aza-Bicyclo[4.2.0]Oct-2-Ene-2-Carboxylic Acid,experimental,small molecule
DB04294,5-Phosphoribosyl-1-(Beta-Methylene) Pyrophosphate,experimental,small molecule
DB04296,5-Oxo-L-Norleucine,experimental,small molecule
DB04299,Maleic acid,experimental,small molecule
DB04302,"4-Hydroxy-3,5-Dimethyl-5-(2-Methyl-Buta-1,3-Dienyl)-5h-Thiophen-2-One",experimental,small molecule
DB04315,Guanosine-5'-Diphosphate,experimental,small molecule
DB04317,"3,3-Dichloro-2-Phosphonomethyl-Acrylic Acid",experimental,small molecule
DB04325,Phenethylamine,experimental,small molecule
DB04326,Dihydroxyacetone phosphate,investigational,small molecule
DB04328,Shikimate-3-Phosphate,experimental,small molecule
DB04334,6-hydroxydopa quinone,experimental,small molecule
DB04335,Inosine,investigational,small molecule
DB04343,Glyoxylic acid,experimental,small molecule
DB04346,"(2r,4s)-2-Methyl-2,3,3,4-Tetrahydroxytetrahydrofuran",experimental,small molecule
DB04351,Aconitate Ion,experimental,small molecule
DB04360,Benzo[B]Thiophene-2-Boronic Acid,experimental,small molecule
DB04380,Allantoate,experimental,small molecule
DB04382,2-Deoxy-alpha-D-galactopyranose,experimental,small molecule
DB04385,3-Deazacytidine,experimental,small molecule
DB04392,"Bishydroxy[2h-1-Benzopyran-2-One,1,2-Benzopyrone]",experimental,small molecule
DB04393,Soneclosan,experimental,small molecule
DB04395,Phosphoaminophosphonic Acid-Adenylate Ester,experimental,small molecule
DB04398,Lactic acid,approved,small molecule
DB04401,Betaine aldehyde,experimental,small molecule
DB04441,2-Fluoroadenosine,experimental,small molecule
DB04444,Tetrafluoroaluminate Ion,experimental,small molecule
DB04447,"1,4-Dithiothreitol",experimental,small molecule
DB04450,Heptyl 1-Thiohexopyranoside,experimental,small molecule
DB04455,"N,N,N-trimethylglycinium",investigational,small molecule
DB04457,2'-Deoxyguanosine-5'-Monophosphate,experimental,small molecule
DB04460,(C8-S)-Hydantocidin 5'-phosphate,experimental,small molecule
DB04464,N-Formylmethionine,experimental,small molecule
DB04465,Lactose,approved,small molecule
DB04467,N-(5'-phosphopyridoxyl)-L-alanine,experimental,small molecule
DB04496,4-Phospho-D-erythronohydroxamic acid,experimental,small molecule
DB04503,Sp-722,experimental,small molecule
DB04517,Dipyrromethane Cofactor,experimental,small molecule
DB04519,Caprylic acid,investigational,small molecule
DB04522,Dexfosfoserine,experimental,small molecule
DB04524,Malonyl-CoA,experimental,small molecule
DB04530,"S,S-(2-Hydroxyethyl)Thiocysteine",experimental,small molecule
DB04539,Glyphosate,experimental,small molecule
DB04545,Afegostat,investigational,small molecule
DB04551,"beta-D-fructofuranose 1,6-bisphosphate",experimental,small molecule
DB04554,8-Bromoadenosine-5'-Diphosphate,experimental,small molecule
DB04555,Cytidine-5'-Diphosphate,experimental,small molecule
DB04560,"4,7-Dioxosebacic Acid",experimental,small molecule
DB04566,Inosinic Acid,experimental,small molecule
DB04570,Latamoxef,approved,small molecule
DB04586,o-Bromophenol,experimental,small molecule
DB04610,"7,8-dihydro-6-hydroxymethyl-7-methyl-7-[2-phenylethyl]-pterin",experimental,small molecule
DB04631,Atpenin A5,experimental,small molecule
DB04647,BOC-GAMMA-D-GLU-L-LYS(CBZ)-D-BOROALA,experimental,small molecule
DB04651,BIOTINOL-5-AMP,experimental,small molecule
DB04695,Farnesyl thiopyrophosphate,experimental,small molecule
DB04696,"4-CHLORO-3',3''-DIBROMOPHENOL-1,8-NAPHTHALEIN",experimental,small molecule
DB04714,ISOPENTENYL PYROPHOSPHATE,experimental,small molecule
DB04729,Gentamicin C1a,experimental,small molecule
DB04732,N-(4-MORPHOLINE)CARBONYL-B-(1-NAPHTHYL)-L-ALANINE-L-LEUCINE BORONIC ACID,experimental,small molecule
DB04762,N-PYRIDOXYL-D-GLUTAMIC ACID-5'-MONOPHOSPHATE,experimental,small molecule
DB04765,N-PYRIDOXYL-2-METHYL-L-GLUTAMIC ACID-5'-MONOPHOSPHATE,experimental,small molecule
DB04911,Oritavancin,approved,small molecule
DB04918,Ceftobiprole,approved,small molecule
DB04934,Rifalazil,investigational,small molecule
DB05154,Pretomanid,approved,small molecule
DB05245,Silver sulfadiazine,approved,small molecule
DB05540,Alanosine,investigational,small molecule
DB06211,Doripenem,approved,small molecule
DB06358,Iclaprim,investigational,small molecule
DB06590,Ceftaroline fosamil,approved,small molecule
DB06656,TAS-106,investigational,small molecule
DB06696,Arbekacin,investigational,small molecule
DB06729,Sulfaphenazole,approved,small molecule
DB06821,Sulfameter,approved,small molecule
DB06864,"2-(3-CARBOXYPROPIONYL)-6-HYDROXY-CYCLOHEXA-2,4-DIENE CARBOXYLIC ACID",experimental,small molecule
DB06872,"1-((2-HYDROXYETHOXY)METHYL)-5-(PHENYLTHIO)PYRIMIDINE-2,4(1H,3H)-DIONE",experimental,small molecule
DB06873,"1-((2-HYDROXYETHOXY)METHYL)-5-(3-(BENZYLOXY)BENZYL)PYRIMIDINE-2,4(1H,3H)-DIONE",experimental,small molecule
DB06904,"(5S,6S)-6-[(R)ACETOXYETH-2-YL]-PENEM-3-CARBOXYLATEPROPANE",experimental,small molecule
DB06922,"2-[(1R)-1-carboxy-2-naphthalen-1-ylethyl]-1,3-dioxo-2,3-dihydro-1H-isoindole-5-carboxylic acid",experimental,small molecule
DB06998,"[(5R)-5-(2,3-dibromo-5-ethoxy-4-hydroxybenzyl)-4-oxo-2-thioxo-1,3-thiazolidin-3-yl]acetic acid",experimental,small molecule
DB07052,5'-S-ethyl-5'-thioadenosine,experimental,small molecule
DB07057,(3S)-1-(2-hydroxyphenyl)-5-oxopyrrolidine-3-carboxylic acid,experimental,small molecule
DB07084,"N-(6,7,9,10,17,18,20,21-octahydrodibenzo[b,k][1,4,7,10,13,16]hexaoxacyclooctadecin-2-yl)acetamide",experimental,small molecule
DB07090,(3S)-N-(3-CHLORO-2-METHYLPHENYL)-1-CYCLOHEXYL-5-OXOPYRROLIDINE-3-CARBOXAMIDE,experimental,small molecule
DB07114,4-[(METHYLSULFONYL)AMINO]BENZOIC ACID,experimental,small molecule
DB07123,N-(4-METHYLBENZOYL)-4-BENZYLPIPERIDINE,experimental,small molecule
DB07155,(3S)-1-CYCLOHEXYL-5-OXO-N-PHENYLPYRROLIDINE-3-CARBOXAMIDE,experimental,small molecule
DB07178,5-PENTYL-2-PHENOXYPHENOL,experimental,small molecule
DB07188,"(3S)-1-CYCLOHEXYL-N-(3,5-DICHLOROPHENYL)-5-OXOPYRROLIDINE-3-CARBOXAMIDE",experimental,small molecule
DB07192,(3S)-N-(3-BROMOPHENYL)-1-CYCLOHEXYL-5-OXOPYRROLIDINE-3-CARBOXAMIDE,experimental,small molecule
DB07222,(3S)-N-(5-CHLORO-2-METHYLPHENYL)-1-CYCLOHEXYL-5-OXOPYRROLIDINE-3-CARBOXAMIDE,experimental,small molecule
DB07262,1-{[N-(1-Imino-guanidino-methyl)]sulfanylmethyl}-3-trifluoromethyl-benzene,experimental,small molecule
DB07287,"2-(2,4-DICHLOROPHENOXY)-5-(PYRIDIN-2-YLMETHYL)PHENOL",experimental,small molecule
DB07296,Chloronaphthyl Pulvinone,experimental,small molecule
DB07349,"(1S)-2-{[{[(2S)-2,3-DIHYDROXYPROPYL]OXY}(HYDROXY)PHOSPHORYL]OXY}-1-[(PENTANOYLOXY)METHYL]ETHYL OCTANOATE",experimental,small molecule
DB07398,"2-[(CYCLOPROPYLCARBONYL)AMINO]-4,5,6,7-TETRAHYDRO-1-BENZOTHIOPHENE-3-CARBOXAMIDE",experimental,small molecule
DB07404,BPH-608,experimental,small molecule
DB07409,"(1-HYDROXY-1-PHOSPHONO-2-[1,1';4',1'']TERPHENYL-3-YL-ETHYL)-PHOSPHONIC ACID",experimental,small molecule
DB07410,[2-(3-DIBENZOFURAN-4-YL-PHENYL)-1-HYDROXY-1-PHOSPHONO-ETHYL]-PHOSPHONIC ACID,experimental,small molecule
DB07413,5'-S-[2-(decylamino)ethyl]-5'-thioadenosine,experimental,small molecule
DB07426,"[1-HYDROXY-2-(1,1':3',1''-TERPHENYL-3-YLOXY)ETHANE-1,1-DIYL]BIS(PHOSPHONIC ACID)",experimental,small molecule
DB07432,"[[(3R,4R,5S,6R)-3-(butanoylamino)-4,5-dihydroxy-6-(hydroxymethyl)oxan-2-ylidene]amino] N-phenylcarbamate",experimental,small molecule
DB07437,5-Benzylacyclouridine,experimental,small molecule
DB07439,"1-((2-HYDROXYETHOXY)METHYL)-5-(3-(BENZYLOXY)BENZYL)-6-HYDROXYPYRIMIDINE-2,4(1H,3H)-DIONE",experimental,small molecule
DB07463,"(3R,4S)-1-[(4-amino-5H-pyrrolo[3,2-d]pyrimidin-7-yl)methyl]-4-[(butylsulfanyl)methyl]pyrrolidin-3-ol",experimental,small molecule
DB07490,"2-[1-(4-CHLORO-PHENYL)-ETHYL]-4,6-DINITRO-PHENOL",experimental,small molecule
DB07541,Borafenib,experimental,small molecule
DB07611,DECANE-1-THIOL,experimental,small molecule
DB07650,Decyl formate,experimental,small molecule
DB07663,"2-[(1R)-1-CARBOXY-2-(4-HYDROXYPHENYL)ETHYL]-1,3-DIOXOISOINDOLINE-5-CARBOXYLIC ACID",experimental,small molecule
DB07671,"2-[1-METHYLHEXYL]-4,6-DINITROPHENOL",experimental,small molecule
DB07780,Farnesyl diphosphate,experimental,small molecule
DB07803,2-phenyl-1H-imidazole-4-carboxylic acid,experimental,small molecule
DB07823,Isoindapropate,experimental,small molecule
DB07824,"4-ethyl-5-methyl-2-(1H-tetrazol-5-yl)-1,2-dihydro-3H-pyrazol-3-one",experimental,small molecule
DB07825,(3S)-1-(4-acetylphenyl)-5-oxopyrrolidine-3-carboxylic acid,experimental,small molecule
DB07850,"(1R,2S)-2-(5-thioxo-4,5-dihydro-1H-1,2,4-triazol-3-yl)cyclohexanecarboxylic acid",experimental,small molecule
DB07911,"(3E)-2,6-DIOXO-6-PHENYLHEX-3-ENOATE",experimental,small molecule
DB07918,2-heptyl-4-hydroxyquinoline N-oxide,experimental,small molecule
DB07927,3-[(4-Carboxy-2-hydroxyphenyl)sulfamoyl]-2-thiophenecarboxylic acid,experimental,small molecule
DB07928,N-(2-OXOTETRAHYDROFURAN-3-YL)OCTANAMIDE,experimental,small molecule
DB08016,"4-(6-CHLORO-2,4-DIOXO-1,2,3,4-TETRAHYDROPYRIMIDIN-5-YL) BUTYL PHOSPHATE",experimental,small molecule
DB08074,3-(3-Methyl-2-buten-1-yl)-3H-purin-6-amine,experimental,small molecule
DB08075,"4-(2-amino-1,3-thiazol-4-yl)pyrimidin-2-amine",experimental,small molecule
DB08076,"4-[1-(2,6-dichlorobenzyl)-2-methyl-1H-imidazol-4-yl]pyrimidin-2-amine",experimental,small molecule
DB08105,N-[(6-butoxynaphthalen-2-yl)sulfonyl]-L-glutamic acid,experimental,small molecule
DB08106,N-[(6-butoxynaphthalen-2-yl)sulfonyl]-D-glutamic acid,experimental,small molecule
DB08107,N-{[6-(PENTYLOXY)NAPHTHALEN-2-YL]SULFONYL}-D-GLUTAMIC ACID,experimental,small molecule
DB08108,N-({6-[(4-CYANOBENZYL)OXY]NAPHTHALEN-2-YL}SULFONYL)-D-GLUTAMIC ACID,experimental,small molecule
DB08112,N-({6-[(4-CYANO-2-FLUOROBENZYL)OXY]NAPHTHALEN-2-YL}SULFONYL)-D-GLUTAMIC ACID,experimental,small molecule
DB08131,"2-{4-[2-(2-AMINO-4-OXO-4,7-DIHYDRO-3H-PYRROLO[2,3-D]PYRIMIDIN-5-YL)-ETHYL]-BENZOYLAMINO}-3-METHYL-BUTYRIC ACID",experimental,small molecule
DB08144,"6-(2,6-dibromophenyl)pyrido[2,3-d]pyrimidine-2,7-diamine",experimental,small molecule
DB08145,"6-(2,6-DIMETHOXYPHENYL)PYRIDO[2,3-D]PYRIMIDINE-2,7-DIAMINE",experimental,small molecule
DB08146,"7-(2,5-dihydropyrrol-1-yl)-6-phenyl-pyrido[6,5-d]pyrimidin-2-amine",experimental,small molecule
DB08168,Coumarin 120,experimental,small molecule
DB08171,11-MERCAPTOUNDECANOIC ACID,experimental,small molecule
DB08227,"1-(1-HYDROXY-2,2,6,6-TETRAMETHYLPIPERIDIN-4-YL)PYRROLIDINE-2,5-DIONE",experimental,small molecule
DB08231,Myristic acid,experimental,small molecule
DB08265,"2-(TOLUENE-4-SULFONYL)-2H-BENZO[D][1,2,3]DIAZABORININ-1-OL",experimental,small molecule
DB08306,3-[(3-Nitrophenyl)sulfamoyl]-2-thiophenecarboxylic acid,experimental,small molecule
DB08314,"(2-AMINO-1,3-OXAZOL-5-YL)-(3-BROMOPHENYL)METHANONE",experimental,small molecule
DB08315,"2-AMINO-N,N-BIS(PHENYLMETHYL)-1,3-OXAZOLE-5-CARBOXAMIDE",experimental,small molecule
DB08316,"4-amino-7,7-dimethyl-7,8-dihydroquinazolin-5(6H)-one",experimental,small molecule
DB08317,"5-methyl-6-phenylquinazoline-2,4-diamine",experimental,small molecule
DB08318,"6-(2-phenoxyethoxy)-1,3,5-triazine-2,4-diamine",experimental,small molecule
DB08336,"2-Methyl-2-propanyl [(1R)-2-methyl-1-(1,3,4-oxadiazol-2-yl)propyl]carbamate",experimental,small molecule
DB08337,"2-Methyl-2-propanyl [(1S)-2-methyl-1-(1,3,4-oxadiazol-2-yl)propyl]carbamate",experimental,small molecule
DB08359,2-PHENYLAMINO-4-METHYL-5-ACETYL THIAZOLE,experimental,small molecule
DB08364,1-{[(1E)-(3-HYDROXY-2-METHYL-5-{[(TRIHYDROXY-LAMBDA^5^-PHOSPHANYL)OXY]METHYL}PYRIDIN-4-YL)METHYLIDENE]AMINO}UNDECAN-2-ONE,experimental,small molecule
DB08366,"3-({3-[(1S,4aS,6S,7S,9S,9aR)-1,6-dimethyl-2-oxodecahydro-6,9-epoxy-4a,7-methanobenzo[7]annulen-1-yl]propanoyl}amino)-2,4-dihydroxybenzoic acid",experimental,small molecule
DB08375,"(2R)-2-[(1R)-1-[[(2Z)-2-(2-Amino-1,3-thiazol-4-yl)-2-methoxyiminoacetyl]amino]-2-oxoethyl]-5-methylidene-2H-1,3-thiazine-4-carboxylic acid",experimental,small molecule
DB08404,"S-(2-{[N-(2-HYDROXY-4-{[HYDROXY(OXIDO)PHOSPHINO]OXY}-3,3-DIMETHYLBUTANOYL)-BETA-ALANYL]AMINO}ETHYL) HEXANETHIOATE",experimental,small molecule
DB08405,"S-(2-{[N-(2-HYDROXY-4-{[HYDROXY(OXIDO)PHOSPHINO]OXY}-3,3-DIMETHYLBUTANOYL)-BETA-ALANYL]AMINO}ETHYL) HEPTANETHIOATE",experimental,small molecule
DB08407,Platensimycin,experimental,small molecule
DB08432,THYMIDINE-5'-THIOPHOSPHATE,experimental,small molecule
DB08506,N-{(2S)-3-[(1R)-1-aminoethyl](hydroxy)phosphoryl-2-benzylpropanoyl}-L-phenylalanine,experimental,small molecule
DB08542,"3,4-dihydroxy-9,10-secoandrosta-1(10),2,4-triene-9,17-dione",experimental,small molecule
DB08551,3-{(R)-(Dihydroxyboryl)[(2-thienylacetyl)amino]methyl}benzoic acid,experimental,small molecule
DB08552,(1R)-1-(2-thienylacetylamino)-1-phenylmethylboronic acid,experimental,small molecule
DB08558,"2-HYDROXYMETHYL-6-OCTYLSULFANYL-TETRAHYDRO-PYRAN-3,4,5-TRIOL",experimental,small molecule
DB08573,3-[(4-CHLOROANILINO)SULFONYL]THIOPHENE-2-CARBOXYLIC ACID,experimental,small molecule
DB08604,Triclosan,approved,small molecule
DB08605,"6-METHYL-2(PROPANE-1-SULFONYL)-2H-THIENO[3,2-D][1,2,3]DIAZABORININ-1-OL",experimental,small molecule
DB08606,"(3R,4S)-1-[(4-AMINO-5H-PYRROLO[3,2-D]PYRIMIDIN-7-YL)METHYL]-4-[(METHYLSULFANYL)METHYL]PYRROLIDIN-3-OL",experimental,small molecule
DB08623,"2-[CARBOXY-(2-THIOPHEN-2-YL-ACETYLAMINO)-METHYL]-5-METHYLENE-5,6-DIHYDRO-2H-[1,3]THIAZINE-4-CARBOXYLIC ACID",experimental,small molecule
DB08627,"(5R)-4-HYDROXY-3,5-DIMETHYL-5-[(1E,3E)-2-METHYLPENTA-1,3-DIENYL]THIOPHEN-2(5H)-ONE",experimental,small molecule
DB08628,"(5R)-5-[(1E)-BUTA-1,3-DIENYL]-4-HYDROXY-3,5-DIMETHYLTHIOPHEN-2(5H)-ONE",experimental,small molecule
DB08648,"8-Hydroxy-2-oxa-bicyclo[3.3.1]non-6-ene-3,5-dicarboxylic acid",experimental,small molecule
DB08684,O-Decyl Hydrogen Thiocarbonate,experimental,small molecule
DB08689,Ubiquinone Q1,experimental,small molecule
DB08690,Ubiquinone Q2,experimental,small molecule
DB08704,"[[(3R,4R,5S,6R)-4,5-dihydroxy-6-(hydroxymethyl)-3-(pentanoylamino)oxan-2-ylidene]amino] N-phenylcarbamate",experimental,small molecule
DB08712,11-[(MERCAPTOCARBONYL)OXY]UNDECANOIC ACID,experimental,small molecule
DB08731,"2-[(1R)-2-carboxy-1-(naphthalen-1-ylmethyl)ethyl]-1,3-dioxo-2,3-dihydro-1H-isoindole-5-carboxylic acid",experimental,small molecule
DB08845,Oxogluric acid,investigational,small molecule
DB08903,Bedaquiline,approved,small molecule
DB09050,Ceftolozane,approved,small molecule
DB09062,Cefminox,experimental,small molecule
DB09093,Chlortetracycline,approved,small molecule
DB09319,Carindacillin,approved,small molecule
DB09320,Procaine benzylpenicillin,approved,small molecule
DB09462,Glycerin,approved,small molecule
DB11367,Cefroxadine,withdrawn,small molecule
DB11596,Levoleucovorin,approved,small molecule
DB11753,Rifamycin,approved,small molecule
DB12190,Faropenem,investigational,small molecule
DB12329,Eravacycline,approved,small molecule
DB12455,Omadacycline,approved,small molecule
DB12466,Favipiravir,approved,small molecule
DB12615,Plazomicin,approved,small molecule
DB12667,Protionamide,approved,small molecule
DB12769,Lometrexol,investigational,small molecule
DB13028,Biapenem,investigational,small molecule
DB13092,Meclocycline,investigational,small molecule
DB13179,Troleandomycin,approved,small molecule
DB13470,Cefodizime,experimental,small molecule
DB13503,Tyrothricin,approved,small molecule
DB13667,Cefozopran,experimental,small molecule
DB13682,Cefpirome,approved,small molecule
DB13726,Sulfaguanidine,experimental,small molecule
DB13918,Diclofop-methyl,experimental,small molecule
DB13949,Ferric cation,approved,small molecule
DB14033,Acetyl sulfisoxazole,approved,small molecule
DB14128,Nadide,experimental,small molecule
DB14189,Ethylenediamine,approved,small molecule
DB14511,Acetate,experimental,small molecule
DB14520,Tetraferric tricitrate decahydrate,approved,small molecule
DB00781,Polymyxin B,approved,biotech
DB14879,Cefiderocol,approved,small molecule
DB16335,Sulopenem etzadroxil,approved,small molecule
