kegg_drug_id,drug_name
D00123,Cyanamide (JP18)
D00131,Disulfiram (JP18/USP/INN)
D00359,Lovastatin (USP/INN)
D00434,Simvastatin (JP18/USP/INN)
D00887,Atorvastatin calcium anhydorous
D00889,Cerivastatin sodium (JAN/USAN)
D00892,Fluvastatin sodium (JAN/USP)
D00893,Pravastatin sodium (JP18/USP)
D01862,Pitavastatin calcium (JAN)
D01915,Rosuvastatin calcium (JP18/USP)
D02258,Atorvastatin calcium (USP)
D03601,Crilvastatin (USAN/INN)
D03643,Dalvastatin (USAN/INN)
D03816,Tenivastatin calcium (USAN)
D07474,Atorvastatin (INN)
D07661,Cerivastatin (INN)
D07983,Fluvastatin (INN)
D08410,Pravastatin (INN)
D08492,Rosuvastatin (INN)
D10568,Pitavastatin calcium hydrate (JP18)
D11092,Pitavastatin magnesium
D11095,Atorvastatin calcium propylene glycol solvate
D10901,Enasidenib (USAN/INN)
D11044,Enasidenib mesylate (USAN)
D11090,Ivosidenib (JAN/USAN/INN)
D11834,Vorasidenib (USAN/INN)
D11835,Vorasidenib citrate (USAN)
D12483,Olutasidenib (USAN/INN)
D12708,Crelosidenib (USAN)
D12717,Crelosidenib gentisate (USAN)
D00752,Mycophenolate mofetil (JAN/USP)
D01392,Mizoribine (JP18/INN)
D04936,Merimepodib (USAN/INN)
D05094,Mycophenolate mofetil hydrochloride (USAN)
D05095,Mycophenolate sodium (USP)
D05096,Mycophenolic acid (USAN/INN)
D06130,Tiazofurin (USAN)
D12792,Misetionamide (USAN/INN)
D00749,Leflunomide (JAN/USP/INN)
D03154,Brequinar sodium (USAN)
D10172,Teriflunomide (USAN)
D11890,Emvododstat (USAN)
D12505,Olorofim (JAN/USAN/INN)
D13127,Vidofludimus (USAN/INN)
D13128,Vidofludimus calcium (USAN)
D00142,Methotrexate (JP18/USP/INN)
D02115,Methotrexate sodium
D03828,Pemetrexed disodium (USAN)
D03942,Edatrexate (USAN/INN)
D05500,Piritrexim isethionate (USAN)
D05589,Pralatrexate (JAN/USAN/INN)
D05999,Talotrexin ammonium (USAN)
D06238,Trimetrexate (USAN/INN)
D06239,Trimetrexate glucuronate (USAN)
D06503,Pemetrexed sodium hydrate (JAN)
D07472,Pemetrexed (INN)
D10596,Pemetrexed sodium hemipentahydrate (JAN)
D11352,Pemetrexed tromethamine (USAN)
D13147,Pemetrexed dipotassium heptahydrate
D00236,Atovaquone (JAN/USP/INN)
D05177,Nitisinone (JAN/USAN/INN)
D11077,Pegvaliase (INN)
D03021,Azacitidine (JAN/USAN/INN)
D03665,Decitabine (USAN/INN)
D11740,Roducitabine (USAN)
D00323,Flucytosine (JP18/USP/INN)
D00391,Trifluridine (JAN/USP/INN)
D00584,Fluorouracil (JP18/USP/INN)
D01064,Raltitrexed (JAN/USAN/INN)
D01223,Capecitabine (JAN/USP/INN)
D01244,Tegafur (JP18/USAN/INN)
D01309,Doxifluridine (JP18/INN)
D01784,Carmofur (JP18/INN)
D04197,Floxuridine (USP/INN)
D04964,Metesind glucuronate (USAN)
D07974,Fluorouracil sodium salt
D10803,Plevitrexed (INN)
D11447,Arfolitixorin (USAN/INN)
D12388,Fosifloxuridine nafalbenamide
D12528,Arfolitixorin sulfate (JAN)
D02755,Acivicin (USAN/INN)
D04537,Ingliforib (USAN/INN)
D00161,Mercaptopurine (USP)
D04931,Mercaptopurine (INN)
D06109,Thioguanine (USP)
D08603,Tioguanine (INN)
D00925,Fosfomycin tromethamine (USP)
D02187,Fosfomycin calcium hydrate (JP18)
D02188,Fosfomycin sodium (JP18)
D04253,Fosfomycin (USAN/INN)
D07995,Fosfomycin calcium
D00433,"Sulfadiazine, silver (USP)"
D00447,Sulfamethoxazole (JP18/USP/INN)
D00450,Sulfisoxazole (JP18/USP)
D00580,Sulfadoxine (JAN/USP/INN)
D00587,Sulfadiazine (JAN/USP/INN)
D00592,Dapsone (USP)
D00870,Sulfamethizole (JP18/USP/INN)
D00871,Sulfacetamide sodium (USP)
D01047,Sulfathiazole (USP/INN)
D01141,Sulfamonomethoxine (JAN/USAN/INN)
D01142,Sulfadimethoxine (JAN/USP)
D01216,Sulfalene (USAN)
D01526,Sulfisomidine (JAN)
D01601,Acetylsulfamethoxazole (JAN)
D01954,Sulfaphenazole (JAN/INN)
D02001,Sulfamonomethoxine sodium (JAN)
D02434,Sulfapyridine (USP/INN)
D02435,Sulfamerazine (INN)
D02436,Sulfamethazine (USP)
D02437,Sulfaguanidine (INN)
D02439,Sulfamethoxypyridazine (INN)
D02440,Phthalylsulfathiazole (INN)
D02447,Succinylsulfathiazole
D02450,Sulfametomidine (JAN)
D02516,Sulfamoxole (USAN/INN)
D02517,Sulfameter (USAN)
D02519,Sulfacytine (USAN)
D02520,Glucosulfone (INN)
D05023,Sulfamonomethoxine hydrate (JP18)
D05947,Sulfacetamide (USP/INN)
D05948,Sulfachlorpyridazine (USP/INN)
D05949,Sulfadiazine sodium (USP)
D05952,Sulfaquinoxaline (USP/INN)
D05956,Sulfisoxazole acetyl (USP)
D05957,Sulfisoxazole diolamine (USAN)
D07060,Succinylsulfathiazole (INN)
D07239,Sulfathiourea (INN)
D07240,Sulfaperin (INN)
D07241,Sulfamazone (INN)
D08538,Sulfadimethoxine sodium (USP)
D08539,Sulfadimidine sodium
D08540,Sulfamethoxypyridazine sodium salt
D08543,Sulfanilamide (INN)
D12465,Doxecitine (USAN/INN)
D12466,Doxribtimine (USAN/INN)
D00216,Acarbose (JAN/USAN/INN)
D11738,Telaglenastat (USAN/INN)
D11739,Telaglenastat hydrochloride (USAN)
D00155,Pentostatin (JAN/USAN/INN)
D11017,Elapegademase (USAN/INN)
D11679,Cedazuridine (USAN/INN)
D00829,Eflornithine hydrochloride (USAN)
D07883,Eflornithine (INN)
D00877,Cycloserine (JP18/USP/INN)
D09324,Bederocin (USAN/INN)
D09872,Bedaquiline (USAN/INN)
D09873,Bedaquiline fumarate (JAN/USAN)
D09788,Enramycin hydrochloride (JAN)
D00128,Bacitracin (JP18/USP/INN)
D03047,Bacitracin methylenedisalicylate (USP)
D03048,Bacitracin zinc (USP)
D11811,Tofersen (JAN/USAN/INN)
D01076,Mupirocin (USP/INN)
D02195,Mupirocin calcium (USP)
D12612,Efzofitimod (INN)
D10087,Alisporivir (USAN)
D00424,Rifabutin (JAN/USP/INN)
D00211,Rifampin (USP)
D00879,Rifapentine (USAN/INN)
D02550,Rifalazil (USAN/INN)
D02554,Rifaximin (JAN/USAN/INN)
D08479,Rifampicin sodium
D09394,Fidaxomicin (JAN/USAN)
D03034,Azelaic acid (USAN/INN)
D04791,Lucanthone hydrochloride (USAN)
D04458,Hydralazine polistirex (USAN)
D08044,Hydralazine (INN)
D10595,Asfotase alfa (USAN/INN)
D12277,Ilofotase alfa (USAN/INN)
D12991,Efzimfotase alfa (USAN/INN)
D01805,Aceglatone (JAN/INN)
D11004,Vestronidase alfa (USAN/INN)
D00304,Divalproex sodium (USP)
D00399,Valproic acid (USP)
D00710,Valproate sodium (USAN)
D08667,Calcium valproate
D07258,Mitoguazone (INN)
D04245,Forodesine hydrochloride (JAN/USAN)
D05396,Peldesine (USAN)
D06596,Forodesine (USAN/INN)
D10431,Ulodesine (USAN/INN)
D10432,Ulodesine succinate (USAN)
D00145,Trimethoprim (JAN/USP/INN)
D06097,Tetroxoprim (USAN/INN)
D06236,Trimethoprim sulfate (USP)
D07238,Brodimoprim (INN)
D08337,Iclaprim (USAN/INN)
D08563,Iclaprim mesylate (USAN)
D08644,Trimethoprim lactate
D11085,Trimethoprim hydrochloride
D12817,Enmetazobactam (USAN/INN)
D11981,Luvadaxistat (USAN/INN)
D00505,Phenelzine sulfate (USP)
D00785,Selegiline hydrochloride (JAN/USP)
D00826,Tranylcypromine sulfate (USP)
D01097,Lazabemide hydrochloride (JAN/USAN)
D01888,Safrazine hydrochloride (JAN)
D02559,Toloxatone (INN)
D02560,Brofaromine (INN)
D02561,Moclobemide (USAN/INN)
D02562,Rasagiline mesylate (USAN)
D02563,Befloxatone (INN)
D02564,Pargyline hydrochloride (USAN)
D02579,Iproniazid (INN)
D02580,Isocarboxazid (INN)
D02581,Cimoxatone (INN)
D03239,Ladostigil tartrate (USAN)
D03248,Clorgiline (INN)
D03409,Caroxazone (USAN/INN)
D03731,Selegiline (USAN/INN)
D03733,Mofegiline hydrochloride (USAN)
D04092,Etryptamine acetate (USAN)
D04681,Lazabemide (USAN/INN)
D05033,Milacemide hydrochloride (USAN)
D05039,Minaprine (USAN/INN)
D05040,Minaprine hydrochloride (USAN)
D05458,Phentermine (USAN/INN)
D05459,Phentermine hydrochloride (USP)
D07337,Nialamide (INN)
D07338,Iproclozide (INN)
D08085,Iproniazid phosphate
D08349,Phenelzine (BAN)
D08392,Pirlindole (INN)
D08393,Pirlindole hydrochloride
D08453,Pargyline (INN)
D08469,Rasagiline (USAN/INN)
D08625,Tranylcypromine (INN)
D10158,Safinamide (USAN/INN)
D10191,Safinamide mesylate (USAN)
D10829,Rasagiline tartrate
D11224,Sembragiline (USAN/INN)
D13114,Irafamdastat (USAN)
D00220,Acetohydroxamic acid (USP/INN)
D03086,Benurestat (USAN/INN)
D04234,Flurofamide (USAN/INN)
D06180,Tolfamide (USAN/INN)
D12197,Pegtibatinase (USAN)
D00282,Clotrimazole (JP18/USP/INN)
D00322,Fluconazole (JP18/USP/INN)
D00350,Itraconazole (JP18/USP)
D00351,Ketoconazole (JP18/USP)
D00416,Miconazole (JP18/USP/INN)
D00578,Voriconazole (JP18/USP/INN)
D00880,Butoconazole nitrate (USP)
D00881,Econazole nitrate (JAN/USP)
D00882,Miconazole nitrate (JP18/USP)
D00885,Oxiconazole nitrate (JAN/USAN)
D00886,Sulconazole nitrate (JAN/USP)
D00888,Terconazole (USP/INN)
D00890,Tioconazole (JAN/USP/INN)
D01092,Lanoconazole (JP18/INN)
D01429,Fosfluconazole (JAN/INN)
D01480,Isoconazole nitrate (JAN)
D01620,Neticonazole hydrochloride (JAN)
D01664,Omoconazole nitrate (JAN/USAN)
D01775,Bifonazole (JP18/USAN/INN)
D01980,Luliconazole (JAN/USAN/INN)
D02169,Croconazole hydrochloride (JP18)
D02555,Posaconazole (JAN/USAN/INN)
D02556,Ravuconazole (prop.INN)
D02557,Chlormidazole (INN)
D02582,Fenticonazole (INN)
D02583,Fenticonazole nitrate (USAN)
D02584,Aliconazole (INN)
D02585,Vibunazole
D02586,Alteconazole (INN)
D03023,Azaconazole (USAN/INN)
D03025,Azalanstat dihydrochloride (USAN)
D03526,Cisconazole (USAN/INN)
D03883,Doconazole (USAN/INN)
D03936,Econazole (USAN/INN)
D03997,Enilconazole (USAN/INN)
D04624,Isoconazole (USAN/INN)
D05268,Orconazole nitrate (USAN)
D05367,Parconazole hydrochloride (USAN)
D05800,Saperconazole (USAN/INN)
D06373,Zinoconazole hydrochloride (USAN)
D06630,Pramiconazole (USAN/INN)
D06883,Sertaconazole (INN)
D07193,Flutrimazole (INN)
D07598,Butoconazole (INN)
D07676,Chlormidazole hydrochloride
D07752,Croconazole (INN)
D07882,Eberconazole (INN)
D07884,Eberconazole nitrate
D08296,Omoconazole (INN)
D08313,Oxiconazole (INN)
D08510,Sertaconazole nitrate
D08535,Sulconazole (INN)
D09702,Albaconazole (USAN/INN)
D10021,Efinaconazole (JAN/USAN/INN)
D10643,Isavuconazonium sulfate (JAN/USAN)
D10644,Isavuconazonium (USAN)
D10750,Isavuconazole (INN)
D10762,Fosravuconazole L-lysine ethanolate (JAN)
D11785,Oteseconazole (USAN/INN)
D12326,Opelconazole (USAN/INN)
D00346,Isoniazid (JP18/USP/INN)
D01501,Isoniazid calcium pyruvinate (JAN)
D02002,Isoniazid sodium methanesulfonate hydrate (JAN)
D09773,Isoniazid glucuronate sodium (JAN)
D00878,Ethambutol hydrochloride (JP18/USP)
D07925,Ethambutol (INN)
D12723,Nedosiran sodium (USAN)
D11695,Pegzilarginase (USAN/INN)
D11792,Numidargistat (USAN/INN)
D06554,Alvespimycin hydrochloride (USAN)
D06650,Tanespimycin (USAN)
D09375,Retaspimycin (USAN/INN)
D09376,Retaspimycin hydrochloride (USAN)
D09711,Efungumab (USAN/INN)
D10126,Ganetespib (USAN)
D10646,Luminespib (USAN/INN)
D10647,Luminespib mesylate (USAN)
D10719,Onalespib (USAN/INN)
D11766,Onalespib lactate (USAN)
D11920,Pimitespib (JAN)
