kegg_drug_id,pubchem_cid,smiles
D00123,7847191,CC1=CC=C(C=C1)C2=NN(C=C2C(=O)O[C@H](C)C(=O)NC3CCCC3)C4=CC=CC=C4
D00131,7847199,CC1=CC=C(C=C1)C2=NN(C=C2C(=O)OCC3=CC4=C(C=C3)OCO4)C5=CC=CC=C5
D00359,7847425,C[C@H](C(=O)NC1=CC=CC=C1OC)SC2=CC=C(C=C2)C(C)(C)C
D00434,7847500,CCC1=C(SC(=C1)C(=O)OCC(=O)NC2=CC=CC=C2C(=O)NCC(C)C)C
D00887,7847951,CC(C)COC1=C(C=C(C=C1Cl)/C=C/C(=O)OCC(=O)N2CCOCC2)OC
D00889,7847953,CC(C)COC1=C(C=C(C=C1Cl)/C=C/C(=O)OCC(=O)NC2CC2)OC
D00892,7847956,CC1=C(C=CC2=C1OC(=O)C=C2COC(=O)CCC(C)C)O
D00893,7847957,CC(C)CCC(=O)OCC1=NC2=C(C(=CS2)C3=CC=CC=C3)C(=O)N1CC#N
D01862,7848924,CC(C)(C)C(=O)CSC1=NC2=C(C=CC(=C2)C(=O)OC)C(=O)N1CC3=CC=CO3
D01915,7848977,C[C@@H](CN1C(=O)C2=C(C=C(C=C2)C(=O)OC)N=C1SCC3=CC(=CC=C3)C#N)O
D02258,7849317,CC1=C(C=C(C=C1)S(=O)(=O)C)C(=O)OCC2=C(C=C(C=C2)Br)F
D03601,17397711,CN1C=C(C=N1)/C=C\2/C(=O)N(C(=S)N2)CC3CCCO3
D03643,17397743,C1CN(C2=CC=CC=C21)C(=O)C3=CC=C(C=C3)N4C=NN=N4
D03816,17397903,CC(C1=CC=C(C=C1)S(=O)(=O)C)NC(=O)CNC(=O)C2=CC=CO2
D07474,51091801,C1=CC=C(C=C1)C2=NOC(=C2)CNC(=O)C3=CC(=NC=C3)N4C=NC=N4
D07661,51091965,CN1C=C(C=N1)CNC(=O)N2CCCC2CC3=CC(=CC=C3)F
D07983,96024677,CC1=CC2=C(C=C1C)[C@H](NCC2)/C=C/CN(C)C
D08410,96025096,CC1=CC2=C(C=C1C)[C@@H](NCC2)C=C
D08492,96025178,CC1=CC2=C(C=C1C)[C@@H](NCC2)C(C)(C)C
D00752,7847817,CC(C)[C@H](C(=O)NC(=O)N)OC(=O)C1=CC=C(S1)C2=CC=C(C=C2)Cl
D01392,7848455,COC1=CC(=C(C=C1)C(=O)COC(=O)C2=CC3=C(C=C2)SCCC(=O)N3)OC
D04936,47206686,C1CC1NC(=O)CS(=O)(=O)CC2=CC=C(C=C2)Br
D05094,47206819,CCNC(=O)CCS(=O)(=O)CC1=C(C=CC(=C1)Cl)OC
D05095,47206820,CNC(=O)CCS(=O)(=O)CC1=C(C=CC(=C1)Cl)OC
D05096,47206821,CCCC1=NOC(=N1)CS(=O)(=O)CC2=CC(=NO2)C
D06130,47207788,CC1=NC(=NO1)CS(=O)(=O)CCC(=O)NC(C)C
D00749,7847814,CCC1=CC=CC(=C1NC(=O)CSC2=C(C=CC=C2Cl)Cl)C
D03154,17397308,CC1=CC(=C(C=C1)C)C(=O)OCC(=O)C2=CC(=C(C=C2)O)NC(=O)C
D10172,135626890,CC1=CC(=C(C=C1)CCCNC(=O)C2=CC(=C(C(=C2SC3=NN=NN3C4=CC=CC=C4)O)O)O)C
D00142,7847210,CC1=C(C(=C(C=C1)[N+](=O)[O-])NC(=O)COC(=O)COC2=CC=CC=C2Cl)C
D02115,7849176,CC1=C(C=C(C=C1)S(=O)(=O)C)C(=O)OCC(=O)N[C@H]2CCCC3=CC=CC=C23
D03828,17397914,CC1=C(C=C(C=C1)C(=O)OCC(=O)NC2=CC=C(C=C2)SC)O
D03942,47205930,C1CN(CCN1CCC#N)C(=O)C2=CC=C(S2)[N+](=O)[O-]
D05500,47207169,CCS(=O)(=O)C(C)C(=O)NCC1=CC=C(C=C1)C
D05589,47207252,CCS(=O)(=O)C(C)C(=O)NCCC1=CC=C(C=C1)OC
D05999,47207657,CC1=CC(=NO1)CS(=O)(=O)CC(=O)NC
D06238,47207896,CS(=O)(=O)CC1=CSC(=N1)CC2=CC=C(C=C2)Cl
D06239,47207897,CC(C(=O)NC)S(=O)(=O)CC1=CC(=CC=C1)C(=O)N
D06503,47208159,CCCCCC1=CC=C(C=C1)NC(=O)C2=C(N=CS2)C
D07472,96024434,CC1=CC2=C(C=C1C)[C@H](NCC2)C3=CC4=CC=CC=C4S3
D00236,7847303,C[C@H](C(=O)NC1=CC=C(C=C1)C(=O)N)OC(=O)COC2=CC=CC=C2Cl
D05177,47206901,CC1=NC2=CC=CC=C2N=C1CS(=O)(=O)C
D03021,17397176,CC1=NN=C(N1C2=CC=CC=C2)SC(C)C(=O)NC(=O)NC3CC3
D03665,17397761,CC1=CC(=CC=C1)OCCC(=O)N(C2=CC=C(C=C2)C(=O)C)C3=NC4=CC=CC=C4S3
D00323,7847389,C1=CC=C(C=C1)/C=C/CC(=S)C(=O)[O-]
D00391,7847457,CCC1=C(SC(=C1)C(=O)OCC(=O)NC2=C(C(=CC=C2)Cl)Cl)C
D00584,7847650,C1CCC(C1)NC(=O)NC(=O)COC2=CC=CC=C2Br
D01064,7848127,CC(C)CCC(=O)OCC(=O)NC1=CC2=C(C=C1)OC(O2)(F)F
D01223,7848286,CNC(=O)COC(=O)C1=CC2=C(C=C1)SCCC(=O)N2
D01244,7848307,CC(C)CCC(=O)OCC(=O)NC1=CC=CC(=C1)C(=O)C
D01309,7848372,CC(C)CCC(=O)OCC(=O)NC1=C(C=C(C=C1)Br)Br
D01784,7848846,C[C@@H](C1=CC=C(C=C1)Cl)NC(=O)COC(=O)C2=CC3=C(C=C2)SCCC(=O)N3
D04197,47206143,COC(=O)COC1=CC=C(C=C1)NC(=O)NCC2CC2
D04964,47206700,C1CC1CNC(=O)CS(=O)(=O)CC2=CC=CC=C2Cl
D07974,96024669,CC1=CC(=C(C=C1)[C@H]2C3=C(CCN2)C=C(C(=C3)C)C)F
D02755,17396913,C1OC2=C(O1)C=C(C=C2)C(=O)NCC3=CC=CC=C3OC(F)(F)F
D04537,47206384,CC1CCCCN1CCNS(=O)(=O)C2=CC=C(C=C2)Cl
D00161,7847229,CC[C@H](C1=CC=C(C=C1)C)NC(=O)COC(=O)COC2=CC=CC=C2Cl
D04931,47206682,C1CC1C2=NOC(=N2)CS(=O)(=O)CC3=CC=CC=C3
D06109,47207767,C=C(CS(=O)(=O)CC1=CC=C(C=C1)C(=O)N)Cl
D08603,96025287,CC1=CC2=C(C=C1C)[C@H](NCC2)C3=C(C(=C(C=C3)O)F)F
D00925,7847988,CCCOC1=C(C=C(C=C1Cl)/C=C/C(=O)OCC(=O)NC(=O)N)OC
D02187,7849247,COC(=O)C1=CC2=C(C=C1)C(=O)N(C(=N2)SC[C@H]3CCOCO3)C[C@@H]4CCCO4
D02188,7849248,CC1=C(C=C(C=C1)S(=O)(=O)C)C(=O)O[C@H](C)C(=O)C2=CC3=C(CCC3)C=C2
D04253,47206194,CCNC(=O)C(C)NC(=O)NC1=CC=CC=C1COC
D07995,96024689,CC1=CC2=C(C=C1C)[C@H](NCC2)C3=CNC(=CC3=O)C
D00433,7847499,CC(C)(C)C1=CC=C(C=C1)SCC(=O)NCC2=CC=C(C=C2)OC
D00447,7847513,C1CCC2=C(C1)C=CC(=C2)S(=O)(=O)NCC(=O)OCC(=O)NC(=O)NC3CC3
D00450,7847516,C1CCC2=C(C1)C=CC(=C2)S(=O)(=O)NCC(=O)OCC3=NC4=CC=CC=C4S3
D00580,7847646,CCOC1=C(C=C(C=C1)CCNC(=O)COC2=CC=CC=C2Br)OCC
D00587,7847653,C1=CC=C(C(=C1)OCC(=O)NC(=O)NCC2=CC=CO2)Br
D00592,7847658,CC[C@@H](C)NC(=O)NC(=O)COC(=O)CNS(=O)(=O)C1=CC2=C(CCCC2)C=C1
D00870,7847935,CC(C)COC1=C(C=C(C=C1Cl)/C=C/C(=O)O[C@@H](C(C)C)C(=O)NC(=O)N)OC
D00871,7847936,C1=CC=C2C(=C1)C(=O)N(N=N2)CSC3=C(C=CC=C3Cl)Cl
D01047,7848110,CCOC(=O)C1=C(SC(=C1C)C(=O)OCC)NC(=O)COC(=O)CCC(C)C
D01141,7848204,CC1=CC=C(C=C1)NC(=O)[C@H](C)OC(=O)C2=CC3=C(C=C2)SCCC(=O)N3
D01142,7848205,C1CC2=C(C1)C=C(C=C2)NC(=O)COC(=O)C3=CC4=C(C=C3)SCCC(=O)N4
D01216,7848279,CCCCNC(=O)COC(=O)C1=CC2=C(C=C1)SCCC(=O)N2
D01526,7848589,C1CSC2=C(C=C(C=C2)C(=O)OCC3=C(C=CC=C3Cl)F)NC1=O
D01601,7848664,C[C@@H](C(=O)C1=CC=C(C=C1)Cl)OC(=O)CN(C)S(=O)(=O)C2=CC=C(C=C2)F
D01954,7849016,CN(CC(=O)OCC(=O)NC1=CC=C(C=C1)Cl)S(=O)(=O)C2=CC=C(C=C2)F
D02001,7849063,C[C@H](CN1C(=O)C2=C(C=C(C=C2)C(=O)OC)N=C1S[C@@H](C)C(=O)NC3CC3)O
D02434,7849492,C[C@H]1CC2=CC=CC=C2N1C(=O)[C@H](C)OC(=O)C3=C(C=CC(=C3)S(=O)(=O)C)C
D02435,7849493,CC1=CC=CC=C1/C=C/C(=O)OCC2=CC(=O)N3C=C(C=CC3=N2)Br
D02436,7849494,C[C@H]1CC2=CC=CC=C2N1C(=O)[C@@H](C)OC(=O)C3=C(C=CC(=C3)S(=O)(=O)C)C
D02437,7849495,CC1=CC=CC=C1/C=C/C(=O)OCC(=O)NC2=C(C=C(C(=N2)C)Cl)Cl
D02439,7849497,CC1=CC(=C(C=C1)C)C(=O)[C@H](C)OC(=O)C2=C(C=CC(=C2)S(=O)(=O)C)C
D02440,7849498,CC1=CC=CC=C1/C=C/C(=O)OCC2=CC(=CC3=C2OCOC3)[N+](=O)[O-]
D02447,7849505,CC1=C(C=C(C=C1)S(=O)(=O)C)C(=O)OCC(=O)NC(=O)C2=CC=CC=C2
D02450,7849507,CC1=CC=CC=C1/C=C/C(=O)OCC(=O)NC2=CC=C(C=C2)S(=O)(=O)N(C)C
D02516,17396690,C1COC2=C(O1)C=CC(=C2)CNC(=O)COC3=C(C=C(C=C3)F)Cl
D02517,17396691,COC1=CC(=CC(=C1OC)OC)CNC(=O)C2=CSC3=C2CCCC3
D02519,17396693,C1=CC=C(C(=C1)NC(=O)CC2=C(C=C(C=C2)Cl)Cl)O
D02520,17396694,COC1=C(C=C(C=C1)C(=O)NC2=CC=CC=C2O)OC
D05023,47206750,CCC(C)NC(=O)CS(=O)(=O)CC1=C(C=CC=C1Cl)Cl
D05947,47207605,CCCS(=O)(=O)CC(=O)NC(C)C1=CC=CS1
D05948,47207606,CCCS(=O)(=O)CC(=O)NC(C)C1=CC(=CC=C1)Cl
D05949,47207607,CCCS(=O)(=O)CC(=O)NC(C)C1=CC=CC=C1Cl
D05952,47207610,CCCS(=O)(=O)C(C)C(=O)NCC1=CC=C(C=C1)F
D05956,47207614,CCCS(=O)(=O)CC(=O)NCCSC1=CC=CC=C1
D05957,47207615,CCCS(=O)(=O)C(C)C(=O)NCCC1=CC=CC=C1C
D07060,51091402,CCC(C)NC(=O)C1(CCOCC1)C2=CC(=CC=C2)C(F)(F)F
D07239,51091577,CCCN(C(C)C1=CC2=CC=CC=C2O1)C(=O)CN3C=CC=NC3=O
D07240,51091578,CCCN(C(C)C1=CC2=CC=CC=C2O1)C(=O)C3CCC(=O)NC3
D07241,51091579,CN1C=C(C=N1)CNC(=O)CCC2=CC=C(O2)C3=CC=CC=C3F
D08538,96025223,CC1=CC2=C(C=C1C)[C@H](NCC2)/C=C/C3=C(C=CC(=C3)F)F
D08539,96025224,CC1=C(C2=C(CCN[C@H]2CC3=C(C=C(C=C3C)C)C)C=C1)C
D08540,96025225,CC1=C(C2=C(CCN[C@@H]2CC3=C(C=C(C=C3C)C)C)C=C1)C
D08543,96025228,CC1=C(C2=C(CCN[C@H]2CC3=CC4=C(C=C3)OCO4)C=C1)C
D00216,7847283,C[C@@H](C(=O)NC(=O)NC)OC(=O)COC1=CC=CC=C1Cl
D00155,7847223,CC1=CC=C(C=C1)NC(=O)CN(C)C(=O)COC(=O)COC2=CC=CC=C2Cl
D00829,7847894,CC(C)COC1=C(C=C(C=C1Cl)/C=C/C(=O)OCC(=O)N(C)C)OC
D07883,96024579,CC1=CC=C(C=C1)[C@H](C)[C@@H]2C3=C(CCN2)C=CC(=C3C)C
D00877,7847941,C[C@@H](C1=CC2=C(C=C1)OCO2)NC(=O)CSC3=C(C=CC=C3Cl)Cl
D09324,96026004,CC1=C2CCN[C@H](C2=C(C=C1)C)COCCOC
D09872,135626627,C1CCC(C1)N(CCO)C(=O)CCCCCOC2=CC3=C(C=C2)N=C4NC(=O)CN4C3=O
D09873,135626628,CC1=C(C=CC2=C1C(=O)N3CC(=O)NC3=N2)OCCCCC(=O)N(C)C4CCCC4
D09788,124490528,C1[C@@H](C(=O)CN1C2=CC=C(C=C2)Br)C#N
D00128,7847196,CC1=CC=C(C=C1)C2=NN(C=C2C(=O)O[C@@H](C)C#N)C3=CC=CC=C3
D03047,17397202,C1CN(CCC1OCC2=CC=CC=C2)C(=O)NC3=CC(=CC=C3)Cl
D03048,17397203,CC1=CC=C(S1)C(=O)CCC(=O)N(C)CC(=O)NC2=C(C(=C(C=C2)F)F)F
D01076,7848139,CC(C)CCC(=O)OCC(=O)C1=CC=C(C=C1)NC(=O)C
D02195,7849255,C[C@@H](C(=O)N)SC1=NC2=C(C=CC(=C2)C(=O)OC)C(=O)N1C[C@H]3CCCO3
D10087,135626806,CCCCCCN(CCCCCC)C(=O)CCCOC1=CC2=C(C=C1)N=C3NC(=O)CN3C2
D00424,7847490,CC(C)(C)C1=CC=C(C=C1)SCC(=O)NC2=CC=C(C=C2)C(=O)N(C)C
D00211,7847278,C1=CC=C(C=C1)C(=O)NC(=O)COC(=O)COC2=CC=CC=C2Cl
D00879,7847943,C[C@H](C1=CC2=C(C=C1)OCO2)NC(=O)CSC3=C(C=CC=C3Cl)Cl
D02550,17396721,COC(=O)C(CC1=CNC2=CC=CC=C21)NC(=O)C3=NN(C(=O)CC3)C4=CC=CC=C4
D02554,17396725,C1=CC2=NN=C(N2C=C1)CCNC(=O)C3=CC(=CC=C3)Br
D08479,96025165,CC1=C(C2=C(CCN[C@@H]2CNC)C=C1)C
D09394,96026074,CC1=CC(=C(C=C1)F)C[C@H]2C3=C(C=CC(=C3CCN2)C)C
D03034,17397189,COC1=CC(=CC(=C1OC)OC)CNC(=O)C2=C(C=CC(=C2)Cl)Cl
D04791,47206601,COCCCNC(=O)CS(=O)(=O)CC1=CC(=CC=C1)Br
D04458,47206322,CN1C=C(C=N1)S(=O)(=O)N(C)CC(=O)N2CCCC2
D08044,96024737,CC1=CC2=C(C=C1C)[C@H](NCC2)CNCC(=O)O
D01805,7848867,CC1=NC(=CS1)CSC2=NN=C(N2C)C3=CC(=CC=C3)Br
D00304,7847370,C1=CC(=CC(=C1)O)[C@@H](C[NH2+]CC2=CC=CS2)O
D00399,7847465,CC(C)(C)C1=CC=C(C=C1)SCC(=O)NC2=C(C=CC=C2F)F
D00710,7847775,CC1=C(C=CC(=C1)[N+](=O)[O-])NC(=O)CSC2=C(C=CC=C2Cl)Cl
D08667,96025350,CC1=CC=C(C=C1)C[C@@H]2C3=C(C=CC(=C3CCN2)C)C
D07258,51091596,CCN(CC1CCCO1)C(=O)C2=CC(=C(C=C2)OCC(=O)N)OC
D04245,47206191,CC(=O)NCCNC(=O)NC1=CC=CC=C1COC
D05396,47207072,CCOC1=CC=CC=C1C2=NOC(=N2)CS(=O)(=O)C
D06596,47208247,CC1=C(SC=N1)C(=O)NC(C)C2=CC(=C(C=C2)F)F
D10431,172232524,C1C(=NS(=O)(=O)O1)C2=C(C=CC(=C2)F)F
D10432,172232525,C1C(=NS(=O)(=O)O1)C2=C(C=C(C=C2)F)F
D00145,7847213,C[C@H](C(=O)NC1=CC=C(C=C1)C(=O)C)OC(=O)COC2=CC=CC=C2Cl
D06097,47207755,CC1=CC(=NO1)CS(=O)(=O)CC(=O)NCC(C)C
D06236,47207894,CS(=O)(=O)CC1=NOC(=N1)C2=CC=C(C=C2)Cl
D07238,51091576,CC1=NOC2=C1C=C(C=N2)C(=O)NCCC3=C(C=CC(=C3)OC)OC
D08337,96025024,CC1=C(C2=C(CCN[C@H]2CCC3CCCCC3)C=C1)C
D08563,96025248,CC1=C(C2=C(CCN[C@H]2C3=C(C=C(C=C3)Cl)C)C=C1)C
D08644,96025327,CC1=CC2=C(C=C1C)[C@H](NCC2)CC3=CC(=C(C=C3)F)OC
D00505,7847571,C1=CC=C(C(=C1)OCC(=O)NCC2=CC(=CC=C2)Cl)Br
D00785,7847850,C[C@H](C(=O)NC1=CC=C(C=C1)S(=O)(=O)N)SC2=C(C=CC=C2Cl)Cl
D00826,7847891,CC1=CC(=NO1)NC(=O)COC(=O)/C=C/C2=CC(=C(C(=C2)Cl)OCC(C)C)OC
D01097,7848160,COC1=C(C=C(C=C1)C(=O)COC(=O)C2=CC3=C(C=C2)SCCC(=O)N3)OC
D01888,7848950,C[C@H](CN1C(=O)C2=C(C=C(C=C2)C(=O)OC)N=C1S[C@@H](C)C3=CC=CC=C3)O
D02559,17396730,C1=CC=C2C(=C1)C(=CN2)CC(=O)NC3=CC=CC=C3O
D02560,17396731,CC(=O)NCC1=CC=C(C=C1)C(=O)NC2=NC3=C(C=CC=C3S2)OC
D02561,17396732,C1CCC(C1)N2CC(CC2=O)C(=O)NC3=CC=C(C=C3)SC(F)F
D02562,17396733,COC1=C2C(=CC=C1)SC(=N2)NC(=O)C3=C(C=CC(=C3)[N+](=O)[O-])OC
D02563,17396734,COC1=CC(=CC(=C1OC)OC)NC(=O)C2=NNC3=CC=CC=C32
D02564,17396735,CC1=CN=C(S1)NC(=O)C2=CC3=C(S2)N=C4N3C=CS4
D02579,17396750,C1CC(=O)N(C1)C2=CC=C(C=C2)CC(=O)NC3CCSC4=CC=CC=C34
D02580,17396751,CC1=CC(=CC=C1)N2C(=O)CCC(=N2)C(=O)NC3=C(C=C(C=C3)F)Cl
D02581,17396752,C1=CC=C(C(=C1)NC(=O)CCC(=O)C2=CC=CS2)O
D03239,17397392,CCN(CC1=CC=CS1)C(=O)C2=CC=C(C=C2)NC(=O)C3=CC=CO3
D03248,17397401,C1=CC=C(C(=C1)OCCCNC(=O)C2=COC=C2)F
D03409,17397549,CC(C1=CC=CC=N1)NS(=O)(=O)C2=CC=C(C=C2)C(=O)OC
D03731,17397820,C1=CC=C(C=C1)C2=CSC(=N2)C3=CSC=C3
D03733,17397822,C1CC(=O)N(C1)C2=CC=C(C=C2)OCC(=O)N3CCC4=CC=CC=C43
D04092,17398024,C1CCC(CC1)(CNC(=O)C2=CC(=C(C=C2)Cl)Cl)N3CCOCC3
D04681,47206517,CC(C1=CC=CC=C1Cl)S(=O)(=O)CC(=O)NC(C)(C)C
D05033,47206760,C1=CC(=CC(=C1)F)CS(=O)(=O)CC(=O)N
D05039,47206766,CC(C)NC(=O)C(C)S(=O)(=O)CC1=CC(=CC=C1)F
D05040,47206767,CC(C(=O)N)S(=O)(=O)CC1=CC(=CC=C1)F
D05458,47207127,CCS(=O)(=O)C(C)C(=O)NC1=C(C=C(C(=C1)C)Cl)OC
D05459,47207128,CCS(=O)(=O)C(C)C(=O)NC1=C(C=C(C=C1)C)Br
D07337,51091674,CNC(=O)C1=CC=C(C=C1)CN(CC2=NOC(=N2)C3CC3)C4CC4
D07338,51091675,CC(C)C1=NC(=NO1)CN(CC2=CC=C(C=C2)C(=O)NC)C3CC3
D08085,96024775,CC1=C(C2=C(CCN[C@@H]2C3CC3)C=C1)C
D08349,96025036,C/C=C/C=C/[C@@H]1C2=C(CCN1)C=CC(=C2C)C
D08392,96025078,CC1=CC2=C(C=C1C)[C@@H](NCC2)CCC(=O)C
D08393,96025079,CC1=CC2=C(C=C1C)[C@H](NCC2)CCC(=O)C
D08453,96025139,CC1=C(C2=C(CCN[C@@H]2CC3CCCCC3)C=C1)C
D08469,96025155,CC1=C(C2=C(CCN[C@@H]2[C@H](C)S)C=C1)C
D08625,96025309,CC1=C(C2=C(CCN[C@@H]2C3=CC(=CC(=C3)C#N)F)C=C1)C
D10158,135626876,CCCCC(C(=O)NC1=CC(=C(C=C1)Cl)N=C2C(C(=O)N(N2)C3=C(C=C(C=C3Cl)Cl)Cl)C4=NC(=NN4)Cl)OC5=C(C=C(C=C5)C)Cl
D10191,135626909,CC1=CC2=C(C=CN=C2N)C=C1O
D00220,7847287,CC1=CC(=CC=C1)NC(=O)[C@@H](C)OC(=O)COC2=CC=CC=C2Cl
D03086,17397241,CC1=C(OC=C1)C(=O)NN2C=NC3=C(C2=O)C(=CS3)C4=CC=CC=C4
D04234,47206180,COCC1=CC=CC=C1NC(=O)NCCN2C=CN=C2
D06180,47207838,CCC1=NC(=CS1)CS(=O)(=O)CC(=O)NCCCOC
D00282,7847348,C1=CC=C(C(=C1)OCC(=O)OCC(=O)NC2=C(C=CC=C2Cl)Cl)Cl
D00322,7847388,C1=CC=C(C(=C1)CNC2=NN=N[N-]2)OCC3=CC=C(C=C3)F
D00350,7847416,CC(C)(C)C1=CC=C(C=C1)SCC(=O)NNC(=O)C2=CC(=CC=C2)[N+](=O)[O-]
D00351,7847417,CC(C)(C)C1=CC=C(C=C1)SCC(=O)NNC(=O)C2=CC=C(C=C2)[N+](=O)[O-]
D00416,7847482,CCC1=C(SC(=C1)C(=O)OCC(=O)NC2=CC=C(C=C2)C#N)C
D00578,7847644,CC(=O)C1=CC=CC=C1NC(=O)COC2=CC=CC=C2Br
D00880,7847944,CC(C)COC1=C(C=C(C=C1Cl)/C=C/C(=O)OCC(=O)N)OC
D00881,7847945,C1CC1NC(=O)C2=CC=CC=C2NC(=O)CSC3=C(C=CC=C3Cl)Cl
D00882,7847946,CC(C)COC1=C(C=C(C=C1Cl)/C=C/C(=O)OCC#N)OC
D00885,7847949,CC(=O)C1=CC2=C(C=C1NC(=O)CSC3=C(C=CC=C3Cl)Cl)OCO2
D00886,7847950,CC(C)COC1=C(C=C(C=C1Cl)/C=C/C(=O)O[C@H]2CCCCC2=O)OC
D00888,7847952,CC1=C(C=CC(=C1)Br)NC(=O)CNC(=O)COC(=O)CCC(C)C
D00890,7847954,CC1=CC=C(C=C1)N2C(=C(C(=N2)C)NC(=O)COC(=O)CCC(C)C)C
D01092,7848155,C[C@H](C(=O)NC1=C(C=C(C=N1)Cl)Cl)OC(=O)CCC(C)C
D01429,7848492,C[C@@H](C(=O)NC1=CC=C(C=C1)F)OC(=O)C2=CC3=C(C=C2)SCCC(=O)N3
D01480,7848543,CCC1=CC=C(C=C1)NC(=O)[C@H](C)OC(=O)CN(C)S(=O)(=O)C2=CC=C(C=C2)F
D01620,7848683,CCOC(=O)C1CCN(CC1)C(=O)COC(=O)C2=CC3=C(C=C2)SCCC(=O)N3
D01664,7848727,CNC(=O)NC(=O)COC(=O)CN(C)S(=O)(=O)C1=CC=C(C=C1)F
D01775,7848838,C[C@H](C1=CC=CC=C1Cl)OC(=O)C2=CC3=C(C=C2)SCCC(=O)N3
D01980,7849042,CC(C)C1=CC=C(C=C1)C(=O)COC(=O)CN(C)S(=O)(=O)C2=CC=C(C=C2)F
D02169,7849230,CC(C)NC(=O)CSC1=NC2=C(C=CC(=C2)C(=O)OC)C(=O)N1C[C@H]3CCCO3
D02555,17396726,C1=CC=C(C(=C1)C2=CC=C(O2)C(=O)NCCC3=NN=C4N3C=CC=C4)F
D02556,17396727,CC1=CC2=C(C=C1)N=C(S2)NC(=O)C3=CSC=C3
D02557,17396728,C1=CC=NC(=C1)CCNC(=O)C2=CC3=C(O2)C=CC(=C3)Cl
D02582,17396753,C1OC2=C(O1)C=C(C=C2)C(=O)NCC(=O)NC3=CC=CC=C3O
D02583,17396754,CC(C)OC1=C(C=C(C=C1)C(=O)NC2=CC=CC=C2O)OC
D02584,17396755,C1=CC=C(C(=C1)NC(=O)C2=CC=C(C=C2)C(F)(F)F)O
D02585,17396756,C1=CC=C(C(=C1)NC(=O)C2=CC(=CC=C2)C(F)(F)F)O
D02586,17396757,CC(C)(C)NC(=O)CN(C)C(=O)CCNC(=O)NCC1=CC=CC=C1
D03023,17397178,CC1=CC=CC=C1N2C=NN=C2SCC(=O)NC3=CC=C(C=C3)SC
D03025,17397180,CCC(C(=O)NC1=CC=C(C=C1)F)SC2=NN=C(N2CC)C3=CC=CO3
D03526,17397659,CC1=CC(=C(C=C1)OC)NC(=O)C2=CN=C(C=C2)OC
D03883,17397967,CCNC(=O)NC(=O)CNC1=CC(=C(C=C1OC)Cl)OC
D03936,47205924,C1CN(CCN1CC#N)CC2=NC(=NO2)C3=CC=CS3
D03997,47205978,CCC1=CC=C(S1)CNC(=O)NC2=CC=C(C=C2)Cl
D04624,47206467,CN1C=C(C=N1)S(=O)(=O)NCCCN(C)S(=O)(=O)C
D05268,47206977,CC(C)NC(=O)CCS(=O)(=O)CC1=CC=C(C=C1)Cl
D05367,47207046,C1CCN(C1)C(=O)CS(=O)(=O)CC2=NC(=NO2)C3CC3
D05800,47207461,CCOC1=C(C=C(C=C1)NC(=O)CS(=O)(=O)C)OCC
D06373,47208030,CC1=C(SC=N1)C(=O)NC2=CC3=C(C=C2)OCCCO3
D06630,47208281,CC1=C(SC=N1)C(=O)NC2=CC=C(C=C2)C(F)(F)F
D06883,49661783,CCCCNC(=O)C1CCN(CC1)C2=C(C=CC=N2)S(=O)(=O)N3CCOCC3
D07193,51091531,CC(=O)NCCCCCC(=O)NC1CCN(CC1)C2=CC=C(C=C2)F
D07598,51091909,CC(C1=CC=CC=C1)N2CCC(C2)NC(=O)C3CCCN(C3)C(=O)C
D07676,51091978,C1CC(N(C1)CC(=O)NC2=CC(=CC=C2)F)C(=O)NCC(F)(F)F
D07752,51092044,CCC1=NC(=CS1)CC(=O)NC2=NC=CN2CC3=CC=CC=C3
D07882,96024578,CC1=CC=C(C=C1)[C@@H](C)[C@@H]2C3=C(CCN2)C=CC(=C3C)C
D07884,96024580,CC1=CC=C(C=C1)[C@@H](C)[C@H]2C3=C(CCN2)C=CC(=C3C)C
D08296,96024983,CC1=C(C(=CC=C1)OC[C@H]2C3=C(CCN2)C=CC(=C3C)C)C
D08313,96025000,CC1=C(C2=C(CCN[C@H]2C3=CC4=C(C=C3)N=CN4)C=C1)C
D08510,96025195,CC1=CC2=C(C=C1C)[C@H](NCC2)C3=C(C(=CC=C3)F)F
D08535,96025220,CC1=C(C2=C(CCN[C@H]2/C=C/C3=C(C=CC(=C3)F)F)C=C1)C
D09702,124490442,CCS(=O)(=O)N1CCC[C@](C1)(C)C2=CC=NN2
D10021,135626742,CC(=O)OCCCCN(C1CCCCC1)C(=O)CCCOC2=CC3=C(C=C2)N=C4NC(=O)CN4C3
D00346,7847412,CC(C)(C)C1=CC=C(C=C1)SCC(=O)N[C@@H]2CCS(=O)(=O)C2
D01501,7848564,CC1=CC(=C(C=C1COC(=O)C2=CC3=C(C=C2)SCCC(=O)N3)OC)OC
D02002,7849064,C[C@H]1CCC[C@@H](N1C(=O)COC(=O)CN(C)S(=O)(=O)C2=CC=C(C=C2)F)C
D09773,124490513,C1[C@H](C(=O)CN1C2=CC(=C(C=C2)F)Cl)C#N
D00878,7847942,C[C@H](C(=O)NC1CC1)OC(=O)/C=C/C2=CC(=C(C(=C2)Cl)OCC(C)C)OC
D07925,96024620,CC1=CC2=C(C=C1C)[C@@H](NCC2)/C(=C(/C=O)\Cl)/Cl
D06554,47208210,CC(C)C(=O)NNC(=O)C(C)OC1=C(C(=CC=C1)Cl)Cl
D06650,47208301,CC1=C(SC=N1)C(=O)NCC2=C(C=CC(=C2)[N+](=O)[O-])O
D09375,96026055,CC1=C2CCN[C@@H](C2=C(C=C1)C)CC3=C(C=CC(=C3)F)OC
D09376,96026056,CC1=C2CCN[C@H](C2=C(C=C1)C)CC3=C(C=CC(=C3)F)OC
D09711,124490451,CC1=C(NN=C1)[C@@]2(CN(CCO2)C)C
D10126,135626844,C1C2=C(C=C(C=C2)OCCCCCCC(=O)N(CCO)CC3=CC=C(C=C3)Cl)N=C4N1CC(=O)N4
