pathway_id,kegg_drug_id
map00561,D00123
map00561,D00131
map01100,D00359
map01100,D00434
map01100,D00887
map01100,D00889
map01100,D00892
map01100,D00893
map01100,D01862
map01100,D01915
map01100,D02258
map01100,D03601
map01100,D03643
map01100,D03816
map01100,D07474
map01100,D07661
map01100,D07983
map01100,D08410
map01100,D08492
map01100,D10568
map01100,D11092
map01100,D11095
map01100,D10901
map01100,D11044
map01100,D11090
map01100,D11834
map01100,D11835
map01100,D12483
map01100,D12708
map01100,D12717
map01100,D00752
map01100,D01392
map01100,D04936
map01100,D05094
map01100,D05095
map01100,D05096
map01100,D06130
map01100,D00123
map01100,D00131
map01100,D12792
map01100,D00749
map01100,D03154
map01100,D10172
map01100,D11890
map01100,D12505
map01100,D13127
map01100,D13128
map01100,D00142
map01100,D02115
map01100,D03828
map01100,D03942
map01100,D05500
map01100,D05589
map01100,D05999
map01100,D06238
map01100,D06239
map01100,D06503
map01100,D07472
map01100,D10596
map01100,D11352
map01100,D13147
map01100,D00236
map01100,D05177
map01100,D11077
map01100,D03021
map01100,D03665
map01100,D11740
map01100,D00323
map01100,D00391
map01100,D00584
map01100,D01064
map01100,D01223
map01100,D01244
map01100,D01309
map01100,D01784
map01100,D04197
map01100,D04964
map01100,D07974
map01100,D10803
map01100,D11447
map01100,D12388
map01100,D12528
map01100,D02755
map01100,D04537
map01100,D00161
map01100,D04931
map01100,D06109
map01100,D08603
map01100,D00925
map01100,D02187
map01100,D02188
map01100,D04253
map01100,D07995
map01100,D00433
map01100,D00447
map01100,D00450
map01100,D00580
map01100,D00587
map01100,D00592
map01100,D00870
map01100,D00871
map01100,D01047
map01100,D01141
map01100,D01142
map01100,D01216
map01100,D01526
map01100,D01601
map01100,D01954
map01100,D02001
map01100,D02434
map01100,D02435
map01100,D02436
map01100,D02437
map01100,D02439
map01100,D02440
map01100,D02447
map01100,D02450
map01100,D02516
map01100,D02517
map01100,D02519
map01100,D02520
map01100,D05023
map01100,D05947
map01100,D05948
map01100,D05949
map01100,D05952
map01100,D05956
map01100,D05957
map01100,D07060
map01100,D07239
map01100,D07240
map01100,D07241
map01100,D08538
map01100,D08539
map01100,D08540
map01100,D08543
map01100,D12465
map01100,D12466
map01100,D00216
map01100,D11738
map01100,D11739
map01100,D00155
map01100,D11017
map01100,D11679
map01100,D00829
map01100,D07883
map01100,D00877
map01100,D09324
map01100,D09872
map01100,D09873
map01100,D09788
map01110,D00359
map01110,D00434
map01110,D00887
map01110,D00889
map01110,D00892
map01110,D00893
map01110,D01862
map01110,D01915
map01110,D02258
map01110,D03601
map01110,D03643
map01110,D03816
map01110,D07474
map01110,D07661
map01110,D07983
map01110,D08410
map01110,D08492
map01110,D10568
map01110,D11092
map01110,D11095
map01110,D10901
map01110,D11044
map01110,D11090
map01110,D11834
map01110,D11835
map01110,D12483
map01110,D12708
map01110,D12717
map01110,D00752
map01110,D01392
map01110,D04936
map01110,D05094
map01110,D05095
map01110,D05096
map01110,D06130
map01110,D00123
map01110,D00131
map01110,D12792
map01110,D04537
map01110,D00161
map01110,D04931
map01110,D06109
map01110,D08603
map01110,D00216
map01110,D11738
map01110,D11739
map01110,D00829
map01110,D07883
map00270,D03021
map00270,D03665
map00270,D11740
map01120,D10901
map01120,D11044
map01120,D11090
map01120,D11834
map01120,D11835
map01120,D12483
map01120,D12708
map01120,D12717
map01120,D00123
map01120,D00131
map01120,D12792
map01210,D10901
map01210,D11044
map01210,D11090
map01210,D11834
map01210,D11835
map01210,D12483
map01210,D12708
map01210,D12717
map01230,D10901
map01230,D11044
map01230,D11090
map01230,D11834
map01230,D11835
map01230,D12483
map01230,D12708
map01230,D12717
map01230,D12792
map01230,D11077
map00330,D00123
map00330,D00131
map00330,D00829
map00330,D07883
map00071,D00123
map00071,D00131
map00280,D00123
map00280,D00131
map00310,D00123
map00310,D00131
map00380,D00123
map00380,D00131
map00410,D00123
map00410,D00131
map01200,D10901
map01200,D11044
map01200,D11090
map01200,D11834
map01200,D11835
map01200,D12483
map01200,D12708
map01200,D12717
map01200,D12792
map00470,D11738
map00470,D11739
map00470,D00877
map00520,D00925
map00520,D02187
map00520,D02188
map00520,D04253
map00520,D07995
map01250,D00925
map01250,D02187
map01250,D02188
map01250,D04253
map01250,D07995
map00230,D00752
map00230,D01392
map00230,D04936
map00230,D05094
map00230,D05095
map00230,D05096
map00230,D06130
map00230,D00161
map00230,D04931
map00230,D06109
map00230,D08603
map00230,D00155
map00230,D11017
map00240,D00749
map00240,D03154
map00240,D10172
map00240,D11890
map00240,D12505
map00240,D13127
map00240,D13128
map00240,D00323
map00240,D00391
map00240,D00584
map00240,D01064
map00240,D01223
map00240,D01244
map00240,D01309
map00240,D01784
map00240,D03828
map00240,D04197
map00240,D04964
map00240,D06503
map00240,D07472
map00240,D07974
map00240,D10596
map00240,D10803
map00240,D11352
map00240,D11447
map00240,D12388
map00240,D12528
map00240,D13147
map00240,D12465
map00240,D12466
map00240,D11679
map01232,D00752
map01232,D01392
map01232,D04936
map01232,D05094
map01232,D05095
map01232,D05096
map01232,D06130
map01232,D00323
map01232,D00391
map01232,D00584
map01232,D01064
map01232,D01223
map01232,D01244
map01232,D01309
map01232,D01784
map01232,D03828
map01232,D04197
map01232,D04964
map01232,D06503
map01232,D07472
map01232,D07974
map01232,D10596
map01232,D10803
map01232,D11352
map01232,D11447
map01232,D12388
map01232,D12528
map01232,D13147
map01232,D00161
map01232,D04931
map01232,D06109
map01232,D08603
map01232,D12465
map01232,D12466
map01232,D00155
map01232,D11017
map01232,D11679
map00010,D00123
map00010,D00131
map00010,D12792
map00550,D00925
map00550,D02187
map00550,D02188
map00550,D04253
map00550,D07995
map00550,D00877
map00550,D09788
map00550,D00128
map00550,D03047
map00550,D03048
map01240,D00123
map01240,D00131
map01240,D00749
map01240,D03154
map01240,D10172
map01240,D11890
map01240,D12505
map01240,D13127
map01240,D13128
map01240,D00142
map01240,D02115
map01240,D03828
map01240,D03942
map01240,D05500
map01240,D05589
map01240,D05999
map01240,D06238
map01240,D06239
map01240,D06503
map01240,D07472
map01240,D10596
map01240,D11352
map01240,D13147
map01240,D05177
map01240,D00433
map01240,D00447
map01240,D00450
map01240,D00580
map01240,D00587
map01240,D00592
map01240,D00870
map01240,D00871
map01240,D01047
map01240,D01141
map01240,D01142
map01240,D01216
map01240,D01526
map01240,D01601
map01240,D01954
map01240,D02001
map01240,D02434
map01240,D02435
map01240,D02436
map01240,D02437
map01240,D02439
map01240,D02440
map01240,D02447
map01240,D02450
map01240,D02516
map01240,D02517
map01240,D02519
map01240,D02520
map01240,D05023
map01240,D05947
map01240,D05948
map01240,D05949
map01240,D05952
map01240,D05956
map01240,D05957
map01240,D07060
map01240,D07239
map01240,D07240
map01240,D07241
map01240,D08538
map01240,D08539
map01240,D08540
map01240,D08543
map00220,D11738
map00220,D11739
map00250,D11738
map00250,D11739
map00400,D11077
map00790,D00142
map00790,D02115
map00790,D03828
map00790,D03942
map00790,D05500
map00790,D05589
map00790,D05999
map00790,D06238
map00790,D06239
map00790,D06503
map00790,D07472
map00790,D10596
map00790,D11352
map00790,D13147
map00790,D11077
map00790,D00433
map00790,D00447
map00790,D00450
map00790,D00580
map00790,D00587
map00790,D00592
map00790,D00870
map00790,D00871
map00790,D01047
map00790,D01141
map00790,D01142
map00790,D01216
map00790,D01526
map00790,D01601
map00790,D01954
map00790,D02001
map00790,D02434
map00790,D02435
map00790,D02436
map00790,D02437
map00790,D02439
map00790,D02440
map00790,D02447
map00790,D02450
map00790,D02516
map00790,D02517
map00790,D02519
map00790,D02520
map00790,D05023
map00790,D05947
map00790,D05948
map00790,D05949
map00790,D05952
map00790,D05956
map00790,D05957
map00790,D07060
map00790,D07239
map00790,D07240
map00790,D07241
map00790,D08538
map00790,D08539
map00790,D08540
map00790,D08543
map01502,D00877
map01502,D09788
map04146,D10901
map04146,D11044
map04146,D11090
map04146,D11834
map04146,D11835
map04146,D12483
map04146,D12708
map04146,D12717
map04146,D11811
map00770,D00123
map00770,D00131
map00670,D00142
map00670,D02115
map00670,D03828
map00670,D03942
map00670,D05500
map00670,D05589
map00670,D05999
map00670,D06238
map00670,D06239
map00670,D06503
map00670,D07472
map00670,D10596
map00670,D11352
map00670,D13147
map00670,D00323
map00670,D00391
map00670,D00584
map00670,D01064
map00670,D01223
map00670,D01244
map00670,D01309
map00670,D01784
map00670,D04197
map00670,D04964
map00670,D07974
map00670,D10803
map00670,D11447
map00670,D12388
map00670,D12528
map04981,D00142
map04981,D02115
map04981,D03828
map04981,D03942
map04981,D05500
map04981,D05589
map04981,D05999
map04981,D06238
map04981,D06239
map04981,D06503
map04981,D07472
map04981,D10596
map04981,D11352
map04981,D13147
map04981,D00323
map04981,D00391
map04981,D00584
map04981,D01064
map04981,D01223
map04981,D01244
map04981,D01309
map04981,D01784
map04981,D04197
map04981,D04964
map04981,D07974
map04981,D10803
map04981,D11447
map04981,D12388
map04981,D12528
map02020,D00236
map02020,D11738
map02020,D11739
map00053,D00123
map00053,D00131
map00340,D00123
map00340,D00131
map00620,D00123
map00620,D00131
map00625,D00123
map00625,D00131
map00480,D10901
map00480,D11044
map00480,D11090
map00480,D11834
map00480,D11835
map00480,D12483
map00480,D12708
map00480,D12717
map00480,D02755
map00480,D00829
map00480,D07883
map00970,D01076
map00970,D02195
map00970,D09324
map00970,D12612
map00710,D12792
map01503,D10087
map00500,D04537
map00500,D00216
map00460,D02755
map00430,D02755
map00720,D10901
map00720,D11044
map00720,D11090
map00720,D11834
map00720,D11835
map00720,D12483
map00720,D12708
map00720,D12717
map00190,D00236
map00190,D09872
map00190,D09873
map00020,D10901
map00020,D11044
map00020,D11090
map00020,D11834
map00020,D11835
map00020,D12483
map00020,D12708
map00020,D12717
map03020,D00424
map03020,D00211
map03020,D00879
map03020,D02550
map03020,D02554
map03020,D08479
map03020,D09394
map00130,D05177
map00450,D03034
map00450,D09324
map00900,D00359
map00900,D00434
map00900,D00887
map00900,D00889
map00900,D00892
map00900,D00893
map00900,D01862
map00900,D01915
map00900,D02258
map00900,D03601
map00900,D03643
map00900,D03816
map00900,D07474
map00900,D07661
map00900,D07983
map00900,D08410
map00900,D08492
map00900,D10568
map00900,D11092
map00900,D11095
map02030,D04791
map01100,D04458
map01100,D08044
map01100,D10595
map01100,D12277
map01100,D12991
map01100,D01805
map01100,D11004
map01100,D00304
map01100,D00399
map01100,D00710
map01100,D08667
map01100,D07258
map01100,D04245
map01100,D05396
map01100,D06596
map01100,D10431
map01100,D10432
map01100,D00145
map01100,D06097
map01100,D06236
map01100,D07238
map01100,D08337
map01100,D08563
map01100,D08644
map01100,D11085
map01110,D04458
map01110,D08044
map01110,D01805
map01110,D11004
map01110,D00304
map01110,D00399
map01110,D00710
map01110,D08667
map01110,D07258
map01110,D04245
map01110,D05396
map01110,D06596
map01110,D10431
map01110,D10432
map01120,D00304
map01120,D00399
map01120,D00710
map01120,D08667
map00650,D00304
map00650,D00399
map00650,D00710
map00650,D08667
map02020,D10595
map02020,D12277
map02020,D12991
map02020,D12817
map00250,D00304
map00250,D00399
map00250,D00710
map00250,D08667
map00230,D04245
map00230,D05396
map00230,D06596
map00230,D10431
map00230,D10432
map01232,D04245
map01232,D05396
map01232,D06596
map01232,D10431
map01232,D10432
map02026,D04537
map00270,D07258
map00330,D07258
map00350,D04458
map00350,D08044
map00360,D04458
map00360,D08044
map00260,D04458
map00260,D08044
map00730,D10595
map00730,D12277
map00730,D12991
map00790,D10595
map00790,D12277
map00790,D12991
map00790,D00145
map00790,D06097
map00790,D06236
map00790,D07238
map00790,D08337
map00790,D08563
map00790,D08644
map00790,D11085
map01240,D10595
map01240,D12277
map01240,D12991
map01240,D01805
map01240,D11004
map01501,D12817
map00860,D01805
map00860,D11004
map00040,D01805
map00040,D11004
map00053,D01805
map00053,D11004
map00760,D04245
map00760,D05396
map00760,D06596
map00760,D10431
map00760,D10432
map00670,D00145
map00670,D06097
map00670,D06236
map00670,D07238
map00670,D08337
map00670,D08563
map00670,D08644
map00670,D11085
map00430,D00304
map00430,D00399
map00430,D00710
map00430,D08667
map02024,D00304
map02024,D00399
map02024,D00710
map02024,D08667
map00410,D04458
map00410,D08044
map00410,D00304
map00410,D00399
map00410,D00710
map00410,D08667
map00552,D00128
map00552,D03047
map00552,D03048
map01100,D11981
map01100,D00505
map01100,D00785
map01100,D00826
map01100,D01097
map01100,D01888
map01100,D02559
map01100,D02560
map01100,D02561
map01100,D02562
map01100,D02563
map01100,D02564
map01100,D02579
map01100,D02580
map01100,D02581
map01100,D03239
map01100,D03248
map01100,D03409
map01100,D03731
map01100,D03733
map01100,D04092
map01100,D04681
map01100,D05033
map01100,D05039
map01100,D05040
map01100,D05458
map01100,D05459
map01100,D07337
map01100,D07338
map01100,D08085
map01100,D08349
map01100,D08392
map01100,D08393
map01100,D08453
map01100,D08469
map01100,D08625
map01100,D10158
map01100,D10191
map01100,D10829
map01100,D11224
map01100,D13114
map01100,D00220
map01100,D03086
map01100,D04234
map01100,D06180
map01100,D12197
map01100,D00282
map01100,D00322
map01100,D00350
map01100,D00351
map01100,D00416
map01100,D00578
map01100,D00880
map01100,D00881
map01100,D00882
map01100,D00885
map01100,D00886
map01100,D00888
map01100,D00890
map01100,D01092
map01100,D01429
map01100,D01480
map01100,D01620
map01100,D01664
map01100,D01775
map01100,D01980
map01100,D02169
map01100,D02555
map01100,D02556
map01100,D02557
map01100,D02582
map01100,D02583
map01100,D02584
map01100,D02585
map01100,D02586
map01100,D03023
map01100,D03025
map01100,D03526
map01100,D03883
map01100,D03936
map01100,D03997
map01100,D04624
map01100,D05268
map01100,D05367
map01100,D05800
map01100,D06373
map01100,D06630
map01100,D06883
map01100,D07193
map01100,D07598
map01100,D07676
map01100,D07752
map01100,D07882
map01100,D07884
map01100,D08296
map01100,D08313
map01100,D08510
map01100,D08535
map01100,D09702
map01100,D10021
map01100,D10643
map01100,D10644
map01100,D10750
map01100,D10762
map01100,D11785
map01100,D12326
map01100,D00346
map01100,D01501
map01100,D02002
map01100,D09773
map01110,D11981
map01110,D00505
map01110,D00785
map01110,D00826
map01110,D01097
map01110,D01888
map01110,D02559
map01110,D02560
map01110,D02561
map01110,D02562
map01110,D02563
map01110,D02564
map01110,D02579
map01110,D02580
map01110,D02581
map01110,D03239
map01110,D03248
map01110,D03409
map01110,D03731
map01110,D03733
map01110,D04092
map01110,D04681
map01110,D05033
map01110,D05039
map01110,D05040
map01110,D05458
map01110,D05459
map01110,D07337
map01110,D07338
map01110,D08085
map01110,D08349
map01110,D08392
map01110,D08393
map01110,D08453
map01110,D08469
map01110,D08625
map01110,D10158
map01110,D10191
map01110,D10829
map01110,D11224
map01110,D13114
map01110,D12197
map01110,D00282
map01110,D00322
map01110,D00350
map01110,D00351
map01110,D00416
map01110,D00578
map01110,D00880
map01110,D00881
map01110,D00882
map01110,D00885
map01110,D00886
map01110,D00888
map01110,D00890
map01110,D01092
map01110,D01429
map01110,D01480
map01110,D01620
map01110,D01664
map01110,D01775
map01110,D01980
map01110,D02169
map01110,D02555
map01110,D02556
map01110,D02557
map01110,D02582
map01110,D02583
map01110,D02584
map01110,D02585
map01110,D02586
map01110,D03023
map01110,D03025
map01110,D03526
map01110,D03883
map01110,D03936
map01110,D03997
map01110,D04624
map01110,D05268
map01110,D05367
map01110,D05800
map01110,D06373
map01110,D06630
map01110,D06883
map01110,D07193
map01110,D07598
map01110,D07676
map01110,D07752
map01110,D07882
map01110,D07884
map01110,D08296
map01110,D08313
map01110,D08510
map01110,D08535
map01110,D09702
map01110,D10021
map01110,D10643
map01110,D10644
map01110,D10750
map01110,D10762
map01110,D11785
map01110,D12326
map01110,D00346
map01110,D01501
map01110,D02002
map01110,D09773
map00074,D00346
map00074,D01501
map00074,D02002
map00074,D09773
map01120,D00220
map01120,D03086
map01120,D04234
map01120,D06180
map00561,D13114
map01230,D12197
map04146,D11981
map00903,D00123
map00903,D00131
map00220,D00220
map00220,D03086
map00220,D04234
map00220,D06180
map00260,D11981
map00260,D00505
map00260,D00785
map00260,D00826
map00260,D01097
map00260,D01888
map00260,D02559
map00260,D02560
map00260,D02561
map00260,D02562
map00260,D02563
map00260,D02564
map00260,D02579
map00260,D02580
map00260,D02581
map00260,D03239
map00260,D03248
map00260,D03409
map00260,D03731
map00260,D03733
map00260,D04092
map00260,D04681
map00260,D05033
map00260,D05039
map00260,D05040
map00260,D05458
map00260,D05459
map00260,D07337
map00260,D07338
map00260,D08085
map00260,D08349
map00260,D08392
map00260,D08393
map00260,D08453
map00260,D08469
map00260,D08625
map00260,D10158
map00260,D10191
map00260,D10829
map00260,D11224
map00260,D12197
map00572,D00878
map00572,D07925
map00270,D12197
map00230,D00220
map00230,D03086
map00230,D04234
map00230,D06180
map00670,D12197
map00380,D00505
map00380,D00785
map00380,D00826
map00380,D01097
map00380,D01888
map00380,D02559
map00380,D02560
map00380,D02561
map00380,D02562
map00380,D02563
map00380,D02564
map00380,D02579
map00380,D02580
map00380,D02581
map00380,D03239
map00380,D03248
map00380,D03409
map00380,D03731
map00380,D03733
map00380,D04092
map00380,D04681
map00380,D05033
map00380,D05039
map00380,D05040
map00380,D05458
map00380,D05459
map00380,D07337
map00380,D07338
map00380,D08085
map00380,D08349
map00380,D08392
map00380,D08393
map00380,D08453
map00380,D08469
map00380,D08625
map00380,D10158
map00380,D10191
map00380,D10829
map00380,D11224
map00983,D00752
map00983,D01392
map00983,D04936
map00983,D05094
map00983,D05095
map00983,D05096
map00983,D06130
map00983,D00161
map00983,D04931
map00983,D06109
map00983,D08603
map00983,D11679
map00360,D00505
map00360,D00785
map00360,D00826
map00360,D01097
map00360,D01888
map00360,D02559
map00360,D02560
map00360,D02561
map00360,D02562
map00360,D02563
map00360,D02564
map00360,D02579
map00360,D02580
map00360,D02581
map00360,D03239
map00360,D03248
map00360,D03409
map00360,D03731
map00360,D03733
map00360,D04092
map00360,D04681
map00360,D05033
map00360,D05039
map00360,D05040
map00360,D05458
map00360,D05459
map00360,D07337
map00360,D07338
map00360,D08085
map00360,D08349
map00360,D08392
map00360,D08393
map00360,D08453
map00360,D08469
map00360,D08625
map00360,D10158
map00360,D10191
map00360,D10829
map00360,D11224
map00470,D11981
map00311,D11981
map00360,D05177
map00360,D11077
map00350,D05177
map00270,D12723
map01100,D12723
map01100,D11695
map01100,D11792
map01110,D12723
map01110,D11695
map01110,D11792
map01120,D12723
map01230,D11695
map01230,D11792
map00220,D11695
map00220,D11792
map00620,D12723
map00010,D12723
map00330,D11695
map00330,D11792
map00640,D12723
map04148,D11695
map04148,D11792
map05132,D12792
map05132,D06554
map05132,D06650
map05132,D09375
map05132,D09376
map05132,D09711
map05132,D10126
map05132,D10646
map05132,D10647
map05132,D10719
map05132,D11766
map05132,D11920
