disease,drug,rank,score
nephroticsyndrome,DB06705,1,0.72474706
nephroticsyndrome,DB03585,2,0.7228609
nephroticsyndrome,DB00743,3,0.7216415
nephroticsyndrome,DB04711,4,0.71789455
nephroticsyndrome,DB13967,5,0.717666
nephroticsyndrome,DB08820,6,0.6874695
nephroticsyndrome,DB00384,7,0.6789125
nephroticsyndrome,DB11712,8,0.6737889
nephroticsyndrome,DB00594,9,0.6731837
nephroticsyndrome,DB09280,10,0.6701187
nephroticsyndrome,DB15444,11,0.66416734
nephroticsyndrome,DB01162,12,0.66083336
nephroticsyndrome,DB04951,13,0.65622824
nephroticsyndrome,DB00763,14,0.6554663
nephroticsyndrome,DB00550,15,0.65309584
nephroticsyndrome,DB00811,16,0.65281665
nephroticsyndrome,DB11496,17,0.65241474
nephroticsyndrome,DB01024,18,0.64805746
nephroticsyndrome,DB01033,19,0.6480444
nephroticsyndrome,DB00389,20,0.64797926
burkittlymphoma,DB15568,1,0.6014434
burkittlymphoma,DB15569,2,0.5914882
burkittlymphoma,DB05294,3,0.58078325
burkittlymphoma,DB15822,4,0.57770264
burkittlymphoma,DB15685,5,0.56935656
burkittlymphoma,DB12483,6,0.5293719
burkittlymphoma,DB12015,7,0.5206764
burkittlymphoma,DB00559,8,0.5162263
burkittlymphoma,DB11828,9,0.5159132
burkittlymphoma,DB15059,10,0.5142951
burkittlymphoma,DB08916,11,0.5140604
burkittlymphoma,DB01259,12,0.5137595
burkittlymphoma,DB11963,13,0.5133062
burkittlymphoma,DB00317,14,0.5049587
burkittlymphoma,DB00619,15,0.50292796
burkittlymphoma,DB08875,16,0.49001545
burkittlymphoma,DB16390,17,0.48234212
burkittlymphoma,DB09330,18,0.47988048
burkittlymphoma,DB16216,19,0.4797047
burkittlymphoma,DB09078,20,0.47011635
atherosclerosis,DB06083,1,0.76598674
atherosclerosis,DB00513,2,0.7533968
atherosclerosis,DB02325,3,0.74616766
atherosclerosis,DB00313,4,0.74583614
atherosclerosis,DB00132,5,0.74207616
atherosclerosis,DB01599,6,0.7412203
atherosclerosis,DB00768,7,0.73322237
atherosclerosis,DB00283,8,0.730687
atherosclerosis,DB06774,9,0.7299043
atherosclerosis,DB09120,10,0.7299043
atherosclerosis,DB04837,11,0.72926223
atherosclerosis,DB00777,12,0.7286478
atherosclerosis,DB01246,13,0.7281773
atherosclerosis,DB00637,14,0.72708935
atherosclerosis,DB00902,15,0.7268021
atherosclerosis,DB01069,16,0.7256535
atherosclerosis,DB06766,17,0.7254368
atherosclerosis,DB00392,18,0.72541
atherosclerosis,DB00885,19,0.7249104
atherosclerosis,DB00719,20,0.72456366
retinitispigmentosa,DB15456,1,0.7489656
retinitispigmentosa,DB00811,2,0.7470509
retinitispigmentosa,DB01162,3,0.74601185
retinitispigmentosa,DB04209,4,0.743732
retinitispigmentosa,DB08931,5,0.7435148
retinitispigmentosa,DB04951,6,0.7418858
retinitispigmentosa,DB01033,7,0.74099326
retinitispigmentosa,DB01024,8,0.7383131
retinitispigmentosa,DB00688,9,0.73699915
retinitispigmentosa,DB04854,10,0.68133414
retinitispigmentosa,DB16628,11,0.68122923
retinitispigmentosa,DB00437,12,0.66927826
retinitispigmentosa,DB08820,13,0.6569263
retinitispigmentosa,DB11712,14,0.6432554
retinitispigmentosa,DB00384,15,0.64108354
retinitispigmentosa,DB09280,16,0.63812923
retinitispigmentosa,DB00594,17,0.6373394
retinitispigmentosa,DB15444,18,0.6340829
retinitispigmentosa,DB00763,19,0.62317264
retinitispigmentosa,DB00550,20,0.61755043
neuroblastoma,DB00806,1,0.7883688
neuroblastoma,DB12141,2,0.7063271
neuroblastoma,DB11363,3,0.70566773
neuroblastoma,DB09063,4,0.7002058
neuroblastoma,DB04938,5,0.64468193
neuroblastoma,DB00977,6,0.6432514
neuroblastoma,DB00539,7,0.6426468
neuroblastoma,DB04575,8,0.64240444
neuroblastoma,DB12235,9,0.64233094
neuroblastoma,DB01357,10,0.6410397
neuroblastoma,DB00947,11,0.6406178
neuroblastoma,DB04573,12,0.6405716
neuroblastoma,DB13981,13,0.6380868
neuroblastoma,DB00648,14,0.63664937
neuroblastoma,DB00655,15,0.6355017
neuroblastoma,DB00890,16,0.6303444
neuroblastoma,DB00882,17,0.6295481
neuroblastoma,DB04574,18,0.6283859
neuroblastoma,DB09070,19,0.6276822
neuroblastoma,DB06374,20,0.6254178
adrenoleukodystrophy,DB01041,1,0.5246345
adrenoleukodystrophy,DB11611,2,0.4640746
adrenoleukodystrophy,DB08814,3,0.46352857
adrenoleukodystrophy,DB01421,4,0.4067063
adrenoleukodystrophy,DB00445,5,0.39604765
adrenoleukodystrophy,DB09130,6,0.39526948
adrenoleukodystrophy,DB08910,7,0.38306415
adrenoleukodystrophy,DB04845,8,0.38031563
adrenoleukodystrophy,DB00197,9,0.37020063
adrenoleukodystrophy,DB01132,10,0.36508346
adrenoleukodystrophy,DB09257,11,0.3616627
adrenoleukodystrophy,DB08818,12,0.3551131
adrenoleukodystrophy,DB11823,13,0.3501345
adrenoleukodystrophy,DB01011,14,0.34979564
adrenoleukodystrophy,DB09517,15,0.3452847
adrenoleukodystrophy,DB00944,16,0.34435618
adrenoleukodystrophy,DB01698,17,0.34407955
adrenoleukodystrophy,DB13063,18,0.34190255
adrenoleukodystrophy,DB00126,19,0.33760607
adrenoleukodystrophy,DB00693,20,0.33606422
zellwegersyndrome,DB16650,1,0.6559666
zellwegersyndrome,DB08818,2,0.6363392
zellwegersyndrome,DB13873,3,0.5832373
zellwegersyndrome,DB00746,4,0.5815549
zellwegersyndrome,DB09064,5,0.57053876
zellwegersyndrome,DB01039,6,0.56635666
zellwegersyndrome,DB01609,7,0.5606594
zellwegersyndrome,DB00449,8,0.5286497
zellwegersyndrome,DB01083,9,0.52094483
zellwegersyndrome,DB00545,10,0.51977205
zellwegersyndrome,DB00733,11,0.51882863
zellwegersyndrome,DB00989,12,0.51836616
zellwegersyndrome,DB00677,13,0.51732135
zellwegersyndrome,DB01057,14,0.517223
zellwegersyndrome,DB00941,15,0.5171027
zellwegersyndrome,DB00772,16,0.5141424
zellwegersyndrome,DB08877,17,0.5141011
zellwegersyndrome,DB01010,18,0.51371944
zellwegersyndrome,DB06155,19,0.5081103
zellwegersyndrome,DB00382,20,0.5071566
gout,DB00437,1,0.5837029
gout,DB04854,2,0.5347608
gout,DB16628,3,0.5194889
gout,DB01041,4,0.5126713
gout,DB01213,5,0.5093285
gout,DB01296,6,0.49438125
gout,DB11994,7,0.48875687
gout,DB05260,8,0.48066056
gout,DB00480,9,0.48016313
gout,DB08814,10,0.47841698
gout,DB12243,11,0.4217673
gout,DB01229,12,0.40218347
gout,DB11581,13,0.40182164
gout,DB01162,14,0.39529687
gout,DB04951,15,0.38154662
gout,DB12789,16,0.35340255
gout,DB16157,17,0.3507684
gout,DB00651,18,0.34906143
gout,DB01656,19,0.34426
gout,DB05219,20,0.3438996
celiacdisease,DB00492,1,0.70293057
celiacdisease,DB13166,2,0.7024925
celiacdisease,DB00519,3,0.7005191
celiacdisease,DB00178,4,0.70032
celiacdisease,DB00691,5,0.69999945
celiacdisease,DB01197,6,0.699699
celiacdisease,DB01348,7,0.6991054
celiacdisease,DB00542,8,0.6987097
celiacdisease,DB00790,9,0.69723046
celiacdisease,DB00881,10,0.69692343
celiacdisease,DB09477,11,0.69679356
celiacdisease,DB00584,12,0.69660336
celiacdisease,DB01340,13,0.6960056
celiacdisease,DB00722,14,0.6949938
celiacdisease,DB01180,15,0.690827
celiacdisease,DB00999,16,0.6898278
celiacdisease,DB13853,17,0.6784451
celiacdisease,DB11328,18,0.63129187
celiacdisease,DB00170,19,0.6210191
celiacdisease,DB01022,20,0.620802
diabeticretinopathy,DB00966,1,0.47807473
diabeticretinopathy,DB00609,2,0.44258323
diabeticretinopathy,DB13751,3,0.44199598
diabeticretinopathy,DB04339,4,0.43873343
diabeticretinopathy,DB00445,5,0.43352693
diabeticretinopathy,DB12513,6,0.42513418
diabeticretinopathy,DB08818,7,0.40668035
diabeticretinopathy,DB00275,8,0.3994016
diabeticretinopathy,DB09019,9,0.3939426
diabeticretinopathy,DB01029,10,0.39372516
diabeticretinopathy,DB13063,11,0.39358556
diabeticretinopathy,DB04931,12,0.39027005
diabeticretinopathy,DB00177,13,0.3872738
diabeticretinopathy,DB00678,14,0.38301113
diabeticretinopathy,DB00876,15,0.3814974
diabeticretinopathy,DB08822,16,0.38131508
diabeticretinopathy,DB01421,17,0.37891084
diabeticretinopathy,DB12548,18,0.37518328
diabeticretinopathy,DB00796,19,0.35994148
diabeticretinopathy,DB00693,20,0.35806912
malaria,DB09517,1,0.58225375
malaria,DB09112,2,0.5534394
malaria,DB03085,3,0.54970294
malaria,DB01708,4,0.5380772
malaria,DB06154,5,0.5367042
malaria,DB09130,6,0.5176405
malaria,DB00548,7,0.51209664
malaria,DB00608,8,0.48882216
malaria,DB01254,9,0.4727697
malaria,DB01611,10,0.46762067
malaria,DB01064,11,0.45286846
malaria,DB11611,12,0.44828412
malaria,DB00208,13,0.4439261
malaria,DB05187,14,0.43430823
malaria,DB08814,15,0.43099707
malaria,DB01421,16,0.42347306
malaria,DB01393,17,0.41547066
malaria,DB11823,18,0.4146936
malaria,DB04348,19,0.4135449
malaria,DB00197,20,0.4116649
marfansyndrome,DB01041,1,0.6230338
marfansyndrome,DB08814,2,0.6109794
marfansyndrome,DB08910,3,0.5484303
marfansyndrome,DB01213,4,0.5437907
marfansyndrome,DB00795,5,0.43086922
marfansyndrome,DB00480,6,0.405308
marfansyndrome,DB11760,7,0.3802089
marfansyndrome,DB11327,8,0.3741349
marfansyndrome,DB12332,9,0.37397778
marfansyndrome,DB11793,10,0.364225
marfansyndrome,DB09074,11,0.36410955
marfansyndrome,DB12243,12,0.358786
marfansyndrome,DB13063,13,0.34871346
marfansyndrome,DB11994,14,0.33201766
marfansyndrome,DB01296,15,0.32944787
marfansyndrome,DB00445,16,0.3290096
marfansyndrome,DB01229,17,0.3200097
marfansyndrome,DB05260,18,0.3125633
marfansyndrome,DB09257,19,0.31233633
marfansyndrome,DB11611,20,0.31164408
osteoporosis,DB09092,1,0.76625323
osteoporosis,DB08905,2,0.7626586
osteoporosis,DB07776,3,0.759976
osteoporosis,DB00990,4,0.7540393
osteoporosis,DB00894,5,0.7531157
osteoporosis,DB01006,6,0.7514176
osteoporosis,DB01217,7,0.7508753
osteoporosis,DB00357,8,0.75058967
osteoporosis,DB12754,9,0.7495828
osteoporosis,DB03255,10,0.74808097
osteoporosis,DB01031,11,0.7472358
osteoporosis,DB00591,12,0.74688244
osteoporosis,DB14086,13,0.7458986
osteoporosis,DB11085,14,0.7455802
osteoporosis,DB09472,15,0.7454822
osteoporosis,DB00819,16,0.74503225
osteoporosis,DB00703,17,0.7449167
osteoporosis,DB00606,18,0.7442349
osteoporosis,DB00880,19,0.7437003
osteoporosis,DB06795,20,0.74354
glioma,DB05382,1,0.70397913
glioma,DB09418,2,0.69852245
glioma,DB16267,3,0.6797508
glioma,DB14568,4,0.6668025
glioma,DB13949,5,0.6389172
glioma,DB14520,6,0.6306868
glioma,DB01396,7,0.62768507
glioma,DB09020,8,0.62718284
glioma,DB00390,9,0.6237603
glioma,DB00694,10,0.62263346
glioma,DB00276,11,0.61642516
glioma,DB01177,12,0.61613786
glioma,DB00265,13,0.61555976
glioma,DB00779,14,0.6146612
glioma,DB01204,15,0.6132511
glioma,DB01046,16,0.6125922
glioma,DB00487,17,0.6119834
glioma,DB00380,18,0.6097636
glioma,DB00817,19,0.609033
glioma,DB00978,20,0.6070561
ehlers-danlossyndrome,DB01162,1,0.5204587
ehlers-danlossyndrome,DB04951,2,0.5154083
ehlers-danlossyndrome,DB00437,3,0.5115594
ehlers-danlossyndrome,DB04854,4,0.49258012
ehlers-danlossyndrome,DB16628,5,0.4808227
ehlers-danlossyndrome,DB01254,6,0.47886845
ehlers-danlossyndrome,DB09112,7,0.46020666
ehlers-danlossyndrome,DB03085,8,0.45714754
ehlers-danlossyndrome,DB00608,9,0.4567588
ehlers-danlossyndrome,DB01708,10,0.45296314
ehlers-danlossyndrome,DB06154,11,0.4521067
ehlers-danlossyndrome,DB00746,12,0.44903386
ehlers-danlossyndrome,DB00811,13,0.42929184
ehlers-danlossyndrome,DB01609,14,0.42782143
ehlers-danlossyndrome,DB05260,15,0.4212134
ehlers-danlossyndrome,DB01296,16,0.4201812
ehlers-danlossyndrome,DB01033,17,0.41754466
ehlers-danlossyndrome,DB11994,18,0.4110059
ehlers-danlossyndrome,DB01024,19,0.40907052
ehlers-danlossyndrome,DB00688,20,0.40629125
aicardi-goutieressyndrome,DB13063,1,0.3688745
aicardi-goutieressyndrome,DB01041,2,0.31011194
aicardi-goutieressyndrome,DB00627,3,0.27607083
aicardi-goutieressyndrome,DB08949,4,0.2618227
aicardi-goutieressyndrome,DB00806,5,0.26048994
aicardi-goutieressyndrome,DB13751,6,0.25975966
aicardi-goutieressyndrome,DB03619,7,0.24936432
aicardi-goutieressyndrome,DB01296,8,0.24189328
aicardi-goutieressyndrome,DB11994,9,0.24028282
aicardi-goutieressyndrome,DB05260,10,0.23427516
aicardi-goutieressyndrome,DB04339,11,0.23107061
aicardi-goutieressyndrome,DB00609,12,0.22630475
aicardi-goutieressyndrome,DB01064,13,0.22368427
aicardi-goutieressyndrome,DB12513,14,0.21090461
aicardi-goutieressyndrome,DB08910,15,0.2024982
aicardi-goutieressyndrome,DB08814,16,0.19904615
aicardi-goutieressyndrome,DB08818,17,0.19781362
aicardi-goutieressyndrome,DB00445,18,0.19367987
aicardi-goutieressyndrome,DB00480,19,0.19060859
aicardi-goutieressyndrome,DB00720,20,0.18893087
crohndisease,DB05187,1,0.65248317
crohndisease,DB01393,2,0.63823295
crohndisease,DB00197,3,0.6191237
crohndisease,DB00208,4,0.61129224
crohndisease,DB01132,5,0.6059987
crohndisease,DB00412,6,0.58763075
crohndisease,DB04348,7,0.5818266
crohndisease,DB13615,8,0.53610235
crohndisease,DB13063,9,0.5300394
crohndisease,DB01064,10,0.5221654
crohndisease,DB00548,11,0.5194472
crohndisease,DB09517,12,0.5177977
crohndisease,DB16650,13,0.51475006
crohndisease,DB00627,14,0.5129777
crohndisease,DB13873,15,0.5123122
crohndisease,DB09130,16,0.51136273
crohndisease,DB01611,17,0.5067234
crohndisease,DB08949,18,0.4992224
crohndisease,DB09064,19,0.4938153
crohndisease,DB03619,20,0.49311516
huntingtondisease,DB00752,1,0.5806949
huntingtondisease,DB09086,2,0.5752125
huntingtondisease,DB01626,3,0.57004726
huntingtondisease,DB13766,4,0.569572
huntingtondisease,DB00780,5,0.5690252
huntingtondisease,DB01037,6,0.5682957
huntingtondisease,DB01247,7,0.5607445
huntingtondisease,DB01299,8,0.55996954
huntingtondisease,DB01168,9,0.5595833
huntingtondisease,DB06654,10,0.55897045
huntingtondisease,DB01171,11,0.5582845
huntingtondisease,DB06808,12,0.49391204
huntingtondisease,DB00714,13,0.4934568
huntingtondisease,DB00433,14,0.48893178
huntingtondisease,DB01184,15,0.4886671
huntingtondisease,DB00420,16,0.48755288
huntingtondisease,DB05271,17,0.48603567
huntingtondisease,DB00182,18,0.48590505
huntingtondisease,DB09097,19,0.4853954
huntingtondisease,DB00268,20,0.48512268
multiplesclerosis,DB08818,1,0.7425695
multiplesclerosis,DB16650,2,0.7171738
multiplesclerosis,DB01083,3,0.6875613
multiplesclerosis,DB06155,4,0.67495596
multiplesclerosis,DB11611,5,0.625279
multiplesclerosis,DB01296,6,0.6246402
multiplesclerosis,DB11994,7,0.620446
multiplesclerosis,DB13873,8,0.61902416
multiplesclerosis,DB05260,9,0.61682403
multiplesclerosis,DB00449,10,0.6162436
multiplesclerosis,DB09064,11,0.6098531
multiplesclerosis,DB00545,12,0.60981494
multiplesclerosis,DB00989,13,0.6082423
multiplesclerosis,DB00941,14,0.6074647
multiplesclerosis,DB00733,15,0.6066685
multiplesclerosis,DB01057,16,0.60614157
multiplesclerosis,DB01010,17,0.6050755
multiplesclerosis,DB01070,18,0.60497934
multiplesclerosis,DB00677,19,0.6039332
multiplesclerosis,DB00746,20,0.60170007
cataract,DB00605,1,0.49809963
cataract,DB01189,2,0.47214723
cataract,DB01236,3,0.4654751
cataract,DB01159,4,0.46483806
cataract,DB01064,5,0.42521736
cataract,DB00753,6,0.39162773
cataract,DB00241,7,0.3881681
cataract,DB01028,8,0.38782626
cataract,DB01558,9,0.38673455
cataract,DB00189,10,0.38618624
cataract,DB01068,11,0.38594714
cataract,DB00818,12,0.38593876
cataract,DB00228,13,0.3832339
cataract,DB01595,14,0.38314903
cataract,DB00897,15,0.3820316
cataract,DB01589,16,0.38189936
cataract,DB01544,17,0.38147467
cataract,DB00628,18,0.38082075
cataract,DB00306,19,0.38066858
cataract,DB00683,20,0.38057995
hemochromatosis,DB00548,1,0.5418939
hemochromatosis,DB09130,2,0.5044592
hemochromatosis,DB09517,3,0.4905223
hemochromatosis,DB01064,4,0.4898399
hemochromatosis,DB00197,5,0.47228009
hemochromatosis,DB05187,6,0.46925414
hemochromatosis,DB01041,7,0.46857235
hemochromatosis,DB01132,8,0.46327043
hemochromatosis,DB13063,9,0.45747286
hemochromatosis,DB01393,10,0.44906187
hemochromatosis,DB08814,11,0.4479015
hemochromatosis,DB00412,12,0.43147552
hemochromatosis,DB08910,13,0.4256781
hemochromatosis,DB11611,14,0.42435008
hemochromatosis,DB09112,15,0.41493466
hemochromatosis,DB00445,16,0.41332513
hemochromatosis,DB03085,17,0.40938982
hemochromatosis,DB08818,18,0.40915918
hemochromatosis,DB11823,19,0.4083186
hemochromatosis,DB01421,20,0.40613344
hypertriglyceridemia,DB08818,1,0.6487285
hypertriglyceridemia,DB16650,2,0.6462412
hypertriglyceridemia,DB13873,3,0.6203614
hypertriglyceridemia,DB09064,4,0.60477257
hypertriglyceridemia,DB01039,5,0.6017464
hypertriglyceridemia,DB00449,6,0.5709227
hypertriglyceridemia,DB00545,7,0.5656449
hypertriglyceridemia,DB00989,8,0.5617913
hypertriglyceridemia,DB00772,9,0.5603853
hypertriglyceridemia,DB01057,10,0.5598701
hypertriglyceridemia,DB00733,11,0.55973476
hypertriglyceridemia,DB00677,12,0.55626816
hypertriglyceridemia,DB01010,13,0.5544677
hypertriglyceridemia,DB00941,14,0.55443645
hypertriglyceridemia,DB00382,15,0.54735476
hypertriglyceridemia,DB04339,16,0.52440345
hypertriglyceridemia,DB05187,17,0.5229488
hypertriglyceridemia,DB00609,18,0.52151966
hypertriglyceridemia,DB01393,19,0.5201793
hypertriglyceridemia,DB00746,20,0.5156655
meningioma,DB06713,1,0.7512963
meningioma,DB09389,2,0.74705154
meningioma,DB00717,3,0.7445191
meningioma,DB00294,4,0.7392001
meningioma,DB00351,5,0.737111
meningioma,DB09124,6,0.7340274
meningioma,DB19378,7,0.73066115
meningioma,DB00834,8,0.73025334
meningioma,DB14583,9,0.7273375
meningioma,DB09123,10,0.725629
meningioma,DB08867,11,0.7251355
meningioma,DB00378,12,0.7245693
meningioma,DB00396,13,0.7245239
meningioma,DB01395,14,0.7233602
meningioma,DB09143,15,0.7127795
meningioma,DB08828,16,0.7069175
meningioma,DB11978,17,0.70592976
meningioma,DB00855,18,0.70034885
meningioma,DB11619,19,0.6779194
meningioma,DB00957,20,0.6757823
multiplemyeloma,DB01041,1,0.5361861
multiplemyeloma,DB12243,2,0.4532389
multiplemyeloma,DB11760,3,0.44012725
multiplemyeloma,DB12332,4,0.43700063
multiplemyeloma,DB11793,5,0.43182078
multiplemyeloma,DB01229,6,0.43114206
multiplemyeloma,DB11581,7,0.4307418
multiplemyeloma,DB09074,8,0.42552108
multiplemyeloma,DB08814,9,0.37331203
multiplemyeloma,DB08910,10,0.36448115
multiplemyeloma,DB00179,11,0.33309174
multiplemyeloma,DB01213,12,0.33276516
multiplemyeloma,DB16157,13,0.3135777
multiplemyeloma,DB00744,14,0.3122748
multiplemyeloma,DB12789,15,0.30961192
multiplemyeloma,DB01656,16,0.30945405
multiplemyeloma,DB05219,17,0.30909884
multiplemyeloma,DB00711,18,0.30851707
multiplemyeloma,DB01367,19,0.3064235
multiplemyeloma,DB03843,20,0.3063681
osteoporosis-pseudogliomasyndrome,DB00848,1,0.6832526
osteoporosis-pseudogliomasyndrome,DB04843,2,0.59438765
osteoporosis-pseudogliomasyndrome,DB00572,3,0.5928606
osteoporosis-pseudogliomasyndrome,DB01036,4,0.5925009
osteoporosis-pseudogliomasyndrome,DB09300,5,0.5924926
osteoporosis-pseudogliomasyndrome,DB00185,6,0.5924504
osteoporosis-pseudogliomasyndrome,DB00332,7,0.59227616
osteoporosis-pseudogliomasyndrome,DB00747,8,0.59220755
osteoporosis-pseudogliomasyndrome,DB15357,9,0.59216475
osteoporosis-pseudogliomasyndrome,DB01062,10,0.59199846
osteoporosis-pseudogliomasyndrome,DB00340,11,0.5918828
osteoporosis-pseudogliomasyndrome,DB01231,12,0.5914135
osteoporosis-pseudogliomasyndrome,DB08897,13,0.5911766
osteoporosis-pseudogliomasyndrome,DB01085,14,0.5910684
osteoporosis-pseudogliomasyndrome,DB01625,15,0.59104013
osteoporosis-pseudogliomasyndrome,DB00496,16,0.5910121
osteoporosis-pseudogliomasyndrome,DB13262,17,0.5909918
osteoporosis-pseudogliomasyndrome,DB01409,18,0.5909114
osteoporosis-pseudogliomasyndrome,DB11181,19,0.5906781
osteoporosis-pseudogliomasyndrome,DB01591,20,0.59054404
frontonasaldysplasia,DB01213,1,0.436752
frontonasaldysplasia,DB12243,2,0.3844804
frontonasaldysplasia,DB01229,3,0.3629855
frontonasaldysplasia,DB11581,4,0.3604415
frontonasaldysplasia,DB00437,5,0.35386956
frontonasaldysplasia,DB08814,6,0.34422773
frontonasaldysplasia,DB01041,7,0.33517098
frontonasaldysplasia,DB16157,8,0.31992754
frontonasaldysplasia,DB12789,9,0.3152911
frontonasaldysplasia,DB05219,10,0.31401843
frontonasaldysplasia,DB01656,11,0.31360656
frontonasaldysplasia,DB04854,12,0.31280518
frontonasaldysplasia,DB09543,13,0.3106016
frontonasaldysplasia,DB03843,14,0.3101196
frontonasaldysplasia,DB01427,15,0.309708
frontonasaldysplasia,DB01113,16,0.30943528
frontonasaldysplasia,DB14184,17,0.30699563
frontonasaldysplasia,DB00825,18,0.3057025
frontonasaldysplasia,DB00613,19,0.30512795
frontonasaldysplasia,DB14212,20,0.3045597
neuraltubedefects,DB06756,1,0.80858976
neuraltubedefects,DB01280,2,0.80340767
neuraltubedefects,DB01005,3,0.80078316
neuraltubedefects,DB00631,4,0.7998842
neuraltubedefects,DB01073,5,0.7996826
neuraltubedefects,DB00441,6,0.79885817
neuraltubedefects,DB00242,7,0.7483016
neuraltubedefects,DB16200,8,0.74441993
neuraltubedefects,DB15413,9,0.69711983
neuraltubedefects,DB06705,10,0.68501043
neuraltubedefects,DB03585,11,0.68391335
neuraltubedefects,DB04711,12,0.6817977
neuraltubedefects,DB00743,13,0.6799611
neuraltubedefects,DB13967,14,0.6795007
neuraltubedefects,DB00384,15,0.66371334
neuraltubedefects,DB15444,16,0.662742
neuraltubedefects,DB11712,17,0.6624324
neuraltubedefects,DB00594,18,0.66091526
neuraltubedefects,DB09280,19,0.65823865
neuraltubedefects,DB08820,20,0.6554401
craniosynostoses,DB11886,1,0.5456808
craniosynostoses,DB15149,2,0.54404646
craniosynostoses,DB11652,3,0.53871435
craniosynostoses,DB15102,4,0.5307205
craniosynostoses,DB01259,5,0.529271
craniosynostoses,DB11828,6,0.5282435
craniosynostoses,DB08916,7,0.5242306
craniosynostoses,DB11963,8,0.5235407
craniosynostoses,DB12147,9,0.51370883
craniosynostoses,DB09078,10,0.50252545
craniosynostoses,DB09079,11,0.5003651
craniosynostoses,DB11718,12,0.49239242
craniosynostoses,DB00398,13,0.48891482
craniosynostoses,DB08881,14,0.46140027
craniosynostoses,DB00317,15,0.45392656
craniosynostoses,DB09330,16,0.4377918
craniosynostoses,DB16216,17,0.4368176
craniosynostoses,DB15568,18,0.4339966
craniosynostoses,DB05294,19,0.43243003
craniosynostoses,DB16390,20,0.43193942
sarcoidosis,DB09112,1,0.5543641
sarcoidosis,DB03085,2,0.5531926
sarcoidosis,DB01708,3,0.54370594
sarcoidosis,DB06154,4,0.54253614
sarcoidosis,DB00746,5,0.54020435
sarcoidosis,DB00608,6,0.52339953
sarcoidosis,DB01609,7,0.5095705
sarcoidosis,DB01254,8,0.5083767
sarcoidosis,DB16650,9,0.49851748
sarcoidosis,DB09517,10,0.49561128
sarcoidosis,DB01611,11,0.49431077
sarcoidosis,DB00437,12,0.4819762
sarcoidosis,DB01296,13,0.46529388
sarcoidosis,DB05260,14,0.46065342
sarcoidosis,DB11611,15,0.46033618
sarcoidosis,DB11994,16,0.45604593
sarcoidosis,DB00548,17,0.45156005
sarcoidosis,DB04854,18,0.44859898
sarcoidosis,DB00208,19,0.43926758
sarcoidosis,DB16628,20,0.4352228
psoriasis,DB01041,1,0.5757263
psoriasis,DB13063,2,0.575407
psoriasis,DB08814,3,0.5052991
psoriasis,DB00627,4,0.5010621
psoriasis,DB08949,5,0.47868377
psoriasis,DB03619,6,0.46613765
psoriasis,DB05187,7,0.42471212
psoriasis,DB00197,8,0.42319477
psoriasis,DB01132,9,0.4122275
psoriasis,DB11611,10,0.40841052
psoriasis,DB08910,11,0.40375
psoriasis,DB01393,12,0.40285444
psoriasis,DB00445,13,0.39223042
psoriasis,DB00208,14,0.3813842
psoriasis,DB00412,15,0.38043773
psoriasis,DB16650,16,0.3763685
psoriasis,DB01421,17,0.37567824
psoriasis,DB08818,18,0.36773777
psoriasis,DB01064,19,0.3612957
psoriasis,DB04845,20,0.36068285
medulloblastoma,DB06595,1,0.656707
medulloblastoma,DB11995,2,0.65349805
medulloblastoma,DB05676,3,0.65132827
medulloblastoma,DB11730,4,0.6496719
medulloblastoma,DB06589,5,0.64945793
medulloblastoma,DB15442,6,0.64808494
medulloblastoma,DB12001,7,0.6469721
medulloblastoma,DB09073,8,0.6465235
medulloblastoma,DB15233,9,0.645891
medulloblastoma,DB06210,10,0.64484096
medulloblastoma,DB13125,11,0.64444876
medulloblastoma,DB01268,12,0.64215004
medulloblastoma,DB11952,13,0.6330669
medulloblastoma,DB15275,14,0.60749006
medulloblastoma,DB12483,15,0.5787214
medulloblastoma,DB14840,16,0.57096386
medulloblastoma,DB12015,17,0.5658266
medulloblastoma,DB00619,18,0.51792186
medulloblastoma,DB15569,19,0.500643
medulloblastoma,DB15568,20,0.49158627
leishmaniasis,DB01041,1,0.70092756
leishmaniasis,DB08814,2,0.5561313
leishmaniasis,DB08910,3,0.5375782
leishmaniasis,DB13063,4,0.45298588
leishmaniasis,DB11994,5,0.39434892
leishmaniasis,DB00445,6,0.39369223
leishmaniasis,DB01296,7,0.39207858
leishmaniasis,DB00480,8,0.38422844
leishmaniasis,DB11611,9,0.3759594
leishmaniasis,DB00806,10,0.37020105
leishmaniasis,DB05260,11,0.3678211
leishmaniasis,DB01213,12,0.35335797
leishmaniasis,DB01421,13,0.34315774
leishmaniasis,DB08818,14,0.33695924
leishmaniasis,DB00795,15,0.31931823
leishmaniasis,DB09257,16,0.31571835
leishmaniasis,DB04845,17,0.30707029
leishmaniasis,DB11760,18,0.2996487
leishmaniasis,DB11679,19,0.29380363
leishmaniasis,DB12332,20,0.29207817
cholangiocarcinoma,DB01250,1,0.63773936
cholangiocarcinoma,DB01401,2,0.63216877
cholangiocarcinoma,DB00533,3,0.6313751
cholangiocarcinoma,DB01009,4,0.63095284
cholangiocarcinoma,DB00712,5,0.630586
cholangiocarcinoma,DB11071,6,0.6305356
cholangiocarcinoma,DB09216,7,0.6298384
cholangiocarcinoma,DB00861,8,0.62967885
cholangiocarcinoma,DB00573,9,0.6296071
cholangiocarcinoma,DB11079,10,0.62921643
cholangiocarcinoma,DB00814,11,0.6289935
cholangiocarcinoma,DB01399,12,0.6289717
cholangiocarcinoma,DB01283,13,0.62805426
cholangiocarcinoma,DB11323,14,0.62709194
cholangiocarcinoma,DB00580,15,0.62668
cholangiocarcinoma,DB00784,16,0.62492925
cholangiocarcinoma,DB00500,17,0.62470096
cholangiocarcinoma,DB00870,18,0.62433517
cholangiocarcinoma,DB00554,19,0.623561
cholangiocarcinoma,DB01600,20,0.6233212
coffin-sirissyndrome,DB01296,1,0.4901818
coffin-sirissyndrome,DB05260,2,0.48979643
coffin-sirissyndrome,DB11994,3,0.47548625
coffin-sirissyndrome,DB00746,4,0.47168404
coffin-sirissyndrome,DB01609,5,0.45682138
coffin-sirissyndrome,DB16650,6,0.43292046
coffin-sirissyndrome,DB08818,7,0.42928183
coffin-sirissyndrome,DB09112,8,0.41064435
coffin-sirissyndrome,DB01708,9,0.40839434
coffin-sirissyndrome,DB00608,10,0.4079836
coffin-sirissyndrome,DB06154,11,0.40757638
coffin-sirissyndrome,DB03085,12,0.40655184
coffin-sirissyndrome,DB08877,13,0.39887625
coffin-sirissyndrome,DB01070,14,0.39491385
coffin-sirissyndrome,DB00672,15,0.3928557
coffin-sirissyndrome,DB00867,16,0.39274085
coffin-sirissyndrome,DB01254,17,0.3926996
coffin-sirissyndrome,DB01382,18,0.39149418
coffin-sirissyndrome,DB00153,19,0.39080852
coffin-sirissyndrome,DB00910,20,0.39067638
gravesdisease,DB01162,1,0.7665727
gravesdisease,DB04951,2,0.7639891
gravesdisease,DB00763,3,0.67928183
gravesdisease,DB00550,4,0.67515016
gravesdisease,DB11496,5,0.67430115
gravesdisease,DB00389,6,0.6681279
gravesdisease,DB04854,7,0.66720724
gravesdisease,DB00811,8,0.6631862
gravesdisease,DB08820,9,0.6626848
gravesdisease,DB16628,10,0.6622633
gravesdisease,DB00437,11,0.66006684
gravesdisease,DB01024,12,0.6523827
gravesdisease,DB01033,13,0.651312
gravesdisease,DB00384,14,0.64823586
gravesdisease,DB11712,15,0.6456546
gravesdisease,DB00688,16,0.6444822
gravesdisease,DB09280,17,0.6416784
gravesdisease,DB00594,18,0.641273
gravesdisease,DB06705,19,0.6359409
gravesdisease,DB04209,20,0.63409716
barrettesophagus,DB00159,1,0.65355337
barrettesophagus,DB01250,2,0.6491784
barrettesophagus,DB01401,3,0.64532036
barrettesophagus,DB01399,4,0.64102936
barrettesophagus,DB11079,5,0.6408733
barrettesophagus,DB11071,6,0.639321
barrettesophagus,DB01009,7,0.63723767
barrettesophagus,DB00533,8,0.6372338
barrettesophagus,DB11323,9,0.6372334
barrettesophagus,DB00861,10,0.6364353
barrettesophagus,DB09216,11,0.636233
barrettesophagus,DB01283,12,0.6360973
barrettesophagus,DB00712,13,0.63607013
barrettesophagus,DB00500,14,0.635119
barrettesophagus,DB00814,15,0.6348225
barrettesophagus,DB00573,16,0.63435555
barrettesophagus,DB06802,17,0.63329846
barrettesophagus,DB00580,18,0.63291913
barrettesophagus,DB01600,19,0.6317666
barrettesophagus,DB00784,20,0.63165087
intervertebraldiscdisease,DB00437,1,0.45575243
intervertebraldiscdisease,DB04854,2,0.4357653
intervertebraldiscdisease,DB16628,3,0.43050787
intervertebraldiscdisease,DB01254,4,0.41228318
intervertebraldiscdisease,DB09112,5,0.40718076
intervertebraldiscdisease,DB03085,6,0.4055307
intervertebraldiscdisease,DB01611,7,0.40480888
intervertebraldiscdisease,DB00608,8,0.39848524
intervertebraldiscdisease,DB06154,9,0.3960638
intervertebraldiscdisease,DB01708,10,0.39104134
intervertebraldiscdisease,DB00746,11,0.3835239
intervertebraldiscdisease,DB01162,12,0.38053322
intervertebraldiscdisease,DB09517,13,0.37174404
intervertebraldiscdisease,DB04348,14,0.3695944
intervertebraldiscdisease,DB09026,15,0.36941597
intervertebraldiscdisease,DB00208,16,0.36682492
intervertebraldiscdisease,DB04951,17,0.3650552
intervertebraldiscdisease,DB01609,18,0.36332914
intervertebraldiscdisease,DB03619,19,0.36247373
intervertebraldiscdisease,DB00627,20,0.35800672
hypospadias,DB01108,1,0.42322904
hypospadias,DB13953,2,0.41199917
hypospadias,DB04938,3,0.404537
hypospadias,DB00783,4,0.40267855
hypospadias,DB00648,5,0.39821628
hypospadias,DB12235,6,0.3979612
hypospadias,DB00539,7,0.39754936
hypospadias,DB13952,8,0.3972612
hypospadias,DB04575,9,0.39710698
hypospadias,DB04573,10,0.3968699
hypospadias,DB00977,11,0.39651957
hypospadias,DB00675,12,0.39596426
hypospadias,DB06202,13,0.3944029
hypospadias,DB01357,14,0.39340532
hypospadias,DB13955,15,0.39230466
hypospadias,DB13954,16,0.39230296
hypospadias,DB00947,17,0.39226916
hypospadias,DB13956,18,0.39151713
hypospadias,DB13981,19,0.3898291
hypospadias,DB00255,20,0.38952628
idiopathicpulmonaryfibrosis,DB04938,1,0.8269762
idiopathicpulmonaryfibrosis,DB00977,2,0.8232758
idiopathicpulmonaryfibrosis,DB04575,3,0.8226763
idiopathicpulmonaryfibrosis,DB01357,4,0.82240796
idiopathicpulmonaryfibrosis,DB12235,5,0.82230425
idiopathicpulmonaryfibrosis,DB00539,6,0.8222793
idiopathicpulmonaryfibrosis,DB04573,7,0.8214441
idiopathicpulmonaryfibrosis,DB00648,8,0.82065743
idiopathicpulmonaryfibrosis,DB13981,9,0.8200375
idiopathicpulmonaryfibrosis,DB00655,10,0.817911
idiopathicpulmonaryfibrosis,DB00947,11,0.8177904
idiopathicpulmonaryfibrosis,DB00890,12,0.8156761
idiopathicpulmonaryfibrosis,DB04574,13,0.8128228
idiopathicpulmonaryfibrosis,DB00882,14,0.81199324
idiopathicpulmonaryfibrosis,DB09070,15,0.8098664
idiopathicpulmonaryfibrosis,DB06401,16,0.8076685
idiopathicpulmonaryfibrosis,DB06374,17,0.80608094
idiopathicpulmonaryfibrosis,DB01185,18,0.797305
idiopathicpulmonaryfibrosis,DB13953,19,0.71109617
idiopathicpulmonaryfibrosis,DB00783,20,0.7012236
cryptorchidism,DB01231,1,0.64393723
cryptorchidism,DB12278,2,0.64192116
cryptorchidism,DB00383,3,0.6413876
cryptorchidism,DB09089,4,0.6407174
cryptorchidism,DB00387,5,0.6406952
cryptorchidism,DB04843,6,0.640656
cryptorchidism,DB06787,7,0.6403028
cryptorchidism,DB01062,8,0.6401627
cryptorchidism,DB00496,9,0.63975024
cryptorchidism,DB01625,10,0.6393516
cryptorchidism,DB01409,11,0.63925034
cryptorchidism,DB01036,12,0.6391545
cryptorchidism,DB13720,13,0.63902056
cryptorchidism,DB11855,14,0.63893425
cryptorchidism,DB00747,15,0.638249
cryptorchidism,DB00340,16,0.63748264
cryptorchidism,DB09300,17,0.63697904
cryptorchidism,DB06709,18,0.63625383
cryptorchidism,DB06702,19,0.635983
cryptorchidism,DB00986,20,0.63589615
vitiligo,DB13063,1,0.5544838
vitiligo,DB00609,2,0.5233631
vitiligo,DB04339,3,0.52101755
vitiligo,DB12513,4,0.49561918
vitiligo,DB01041,5,0.48338825
vitiligo,DB00627,6,0.45875528
vitiligo,DB13751,7,0.45785236
vitiligo,DB08818,8,0.45322096
vitiligo,DB05187,9,0.44790062
vitiligo,DB04931,10,0.43736666
vitiligo,DB08949,11,0.43679994
vitiligo,DB01393,12,0.43294764
vitiligo,DB03619,13,0.4167958
vitiligo,DB16650,14,0.4156212
vitiligo,DB00197,15,0.40891576
vitiligo,DB01132,16,0.40039343
vitiligo,DB00966,17,0.3847918
vitiligo,DB00445,18,0.3836936
vitiligo,DB11611,19,0.3810258
vitiligo,DB00412,20,0.37442255
osteosarcoma,DB00210,1,0.79096663
osteosarcoma,DB09065,2,0.7903246
osteosarcoma,DB12887,3,0.7821475
osteosarcoma,DB01169,4,0.7801324
osteosarcoma,DB01380,5,0.7799032
osteosarcoma,DB02546,6,0.779299
osteosarcoma,DB00995,7,0.77730453
osteosarcoma,DB06786,8,0.77729654
osteosarcoma,DB00846,9,0.7772717
osteosarcoma,DB00288,10,0.77634
osteosarcoma,DB06813,11,0.7762387
osteosarcoma,DB00663,12,0.77619076
osteosarcoma,DB00596,13,0.77605855
osteosarcoma,DB00547,14,0.7749014
osteosarcoma,DB01047,15,0.774876
osteosarcoma,DB01260,16,0.7746631
osteosarcoma,DB00253,17,0.7734815
osteosarcoma,DB00317,18,0.77340066
osteosarcoma,DB01131,19,0.7730423
osteosarcoma,DB00440,20,0.7723931
hirschsprungdisease,DB05294,1,0.64160204
hirschsprungdisease,DB15822,2,0.61432236
hirschsprungdisease,DB11828,3,0.61219597
hirschsprungdisease,DB01259,4,0.61058855
hirschsprungdisease,DB11963,5,0.6085596
hirschsprungdisease,DB08916,6,0.60797364
hirschsprungdisease,DB15685,7,0.60722303
hirschsprungdisease,DB15059,8,0.5984695
hirschsprungdisease,DB00559,9,0.5971757
hirschsprungdisease,DB15568,10,0.59429765
hirschsprungdisease,DB00398,11,0.58268905
hirschsprungdisease,DB00317,12,0.5794378
hirschsprungdisease,DB15569,13,0.57347184
hirschsprungdisease,DB16390,14,0.56172824
hirschsprungdisease,DB09330,15,0.56151307
hirschsprungdisease,DB16216,16,0.5607196
hirschsprungdisease,DB09078,17,0.5516126
hirschsprungdisease,DB11652,18,0.54367757
hirschsprungdisease,DB08881,19,0.53490996
hirschsprungdisease,DB12887,20,0.5299188
myopia,DB08883,1,0.62855124
myopia,DB01254,2,0.5562918
myopia,DB00608,3,0.5160105
myopia,DB09517,4,0.49590188
myopia,DB06154,5,0.48529541
myopia,DB09112,6,0.48444557
myopia,DB03085,7,0.47744083
myopia,DB01708,8,0.47526556
myopia,DB00548,9,0.4634734
myopia,DB08828,10,0.45578727
myopia,DB00855,11,0.4515144
myopia,DB09143,12,0.4471953
myopia,DB08820,13,0.44453815
myopia,DB11712,14,0.44184574
myopia,DB00384,15,0.4401855
myopia,DB15444,16,0.43970692
myopia,DB11978,17,0.4392492
myopia,DB13995,18,0.4383346
myopia,DB00594,19,0.43818393
myopia,DB00396,20,0.43686593
marshallsyndrome,DB01254,1,0.5655868
marshallsyndrome,DB09112,2,0.543501
marshallsyndrome,DB00608,3,0.5411338
marshallsyndrome,DB03085,4,0.54083693
marshallsyndrome,DB06154,5,0.538585
marshallsyndrome,DB01708,6,0.5337873
marshallsyndrome,DB01162,7,0.50390935
marshallsyndrome,DB00746,8,0.49663132
marshallsyndrome,DB00437,9,0.4953366
marshallsyndrome,DB04951,10,0.49523816
marshallsyndrome,DB04854,11,0.47866523
marshallsyndrome,DB01609,12,0.47796485
marshallsyndrome,DB16628,13,0.4698394
marshallsyndrome,DB01611,14,0.45261383
marshallsyndrome,DB09517,15,0.44088197
marshallsyndrome,DB08820,16,0.42961025
marshallsyndrome,DB08877,17,0.42644048
marshallsyndrome,DB11712,18,0.41606665
marshallsyndrome,DB00811,19,0.41232452
marshallsyndrome,DB09280,20,0.41160685
cardiofaciocutaneoussyndrome,DB15569,1,0.60817623
cardiofaciocutaneoussyndrome,DB15568,2,0.5993525
cardiofaciocutaneoussyndrome,DB08881,3,0.589481
cardiofaciocutaneoussyndrome,DB11718,4,0.5871783
cardiofaciocutaneoussyndrome,DB11689,5,0.5039184
cardiofaciocutaneoussyndrome,DB06616,6,0.50215197
cardiofaciocutaneoussyndrome,DB05239,7,0.501897
cardiofaciocutaneoussyndrome,DB11652,8,0.5013137
cardiofaciocutaneoussyndrome,DB15266,9,0.49958
cardiofaciocutaneoussyndrome,DB08912,10,0.4966268
cardiofaciocutaneoussyndrome,DB11967,11,0.49468753
cardiofaciocutaneoussyndrome,DB08911,12,0.4915493
cardiofaciocutaneoussyndrome,DB00398,13,0.46803993
cardiofaciocutaneoussyndrome,DB08896,14,0.4649006
cardiofaciocutaneoussyndrome,DB11828,15,0.43591198
cardiofaciocutaneoussyndrome,DB08916,16,0.43362617
cardiofaciocutaneoussyndrome,DB11963,17,0.43215802
cardiofaciocutaneoussyndrome,DB01259,18,0.4307796
cardiofaciocutaneoussyndrome,DB14840,19,0.4286943
cardiofaciocutaneoussyndrome,DB09079,20,0.41037452
costellosyndrome,DB15569,1,0.6149538
costellosyndrome,DB15568,2,0.61235356
costellosyndrome,DB08881,3,0.5852184
costellosyndrome,DB11718,4,0.5701362
costellosyndrome,DB11689,5,0.50623035
costellosyndrome,DB06616,6,0.5043074
costellosyndrome,DB11652,7,0.5042323
costellosyndrome,DB05239,8,0.5019109
costellosyndrome,DB11967,9,0.49746555
costellosyndrome,DB08911,10,0.49363875
costellosyndrome,DB00398,11,0.48633528
costellosyndrome,DB15266,12,0.4780891
costellosyndrome,DB08912,13,0.47494835
costellosyndrome,DB11828,14,0.4729609
costellosyndrome,DB08916,15,0.4687863
costellosyndrome,DB11963,16,0.46754062
costellosyndrome,DB01259,17,0.46652877
costellosyndrome,DB08896,18,0.45799932
costellosyndrome,DB14840,19,0.43791032
costellosyndrome,DB12483,20,0.42335755
noonansyndrome,DB08881,1,0.60332286
noonansyndrome,DB15569,2,0.59139633
noonansyndrome,DB11718,3,0.5898762
noonansyndrome,DB15568,4,0.5884798
noonansyndrome,DB11689,5,0.5458374
noonansyndrome,DB06616,6,0.5435345
noonansyndrome,DB05239,7,0.5408378
noonansyndrome,DB11967,8,0.5354713
noonansyndrome,DB08911,9,0.532975
noonansyndrome,DB11652,10,0.52129525
noonansyndrome,DB08912,11,0.4904745
noonansyndrome,DB15266,12,0.48923105
noonansyndrome,DB14840,13,0.47356856
noonansyndrome,DB11828,14,0.4685375
noonansyndrome,DB00398,15,0.46596813
noonansyndrome,DB08916,16,0.46491477
noonansyndrome,DB01259,17,0.46182764
noonansyndrome,DB11963,18,0.46172985
noonansyndrome,DB08896,19,0.45118323
noonansyndrome,DB12483,20,0.43913874
fanconianemia,DB01041,1,0.6557959
fanconianemia,DB08910,2,0.5188737
fanconianemia,DB08814,3,0.4801985
fanconianemia,DB13063,4,0.45124185
fanconianemia,DB00445,5,0.43091908
fanconianemia,DB01421,6,0.37237358
fanconianemia,DB04845,7,0.36479363
fanconianemia,DB09257,8,0.3474595
fanconianemia,DB00480,9,0.3461778
fanconianemia,DB11679,10,0.33723605
fanconianemia,DB00944,11,0.33463687
fanconianemia,DB01698,12,0.3244729
fanconianemia,DB01011,13,0.32183522
fanconianemia,DB00693,14,0.3146611
fanconianemia,DB12236,15,0.3121434
fanconianemia,DB11823,16,0.31178916
fanconianemia,DB00131,17,0.31143808
fanconianemia,DB00521,18,0.30563176
fanconianemia,DB00806,19,0.3051017
fanconianemia,DB00720,20,0.29628995
atypicalhemolyticuremicsyndrome,DB16200,1,0.44715485
atypicalhemolyticuremicsyndrome,DB15059,2,0.41575944
atypicalhemolyticuremicsyndrome,DB00559,3,0.40954044
atypicalhemolyticuremicsyndrome,DB12010,4,0.40938306
atypicalhemolyticuremicsyndrome,DB01254,5,0.390335
atypicalhemolyticuremicsyndrome,DB15413,6,0.38960472
atypicalhemolyticuremicsyndrome,DB08877,7,0.38864776
atypicalhemolyticuremicsyndrome,DB15822,8,0.38659403
atypicalhemolyticuremicsyndrome,DB11817,9,0.37860352
atypicalhemolyticuremicsyndrome,DB00203,10,0.37680727
atypicalhemolyticuremicsyndrome,DB05294,11,0.37516868
atypicalhemolyticuremicsyndrome,DB11800,12,0.3749863
atypicalhemolyticuremicsyndrome,DB00838,13,0.37486094
atypicalhemolyticuremicsyndrome,DB15685,14,0.37271503
atypicalhemolyticuremicsyndrome,DB15091,15,0.37038916
atypicalhemolyticuremicsyndrome,DB11763,16,0.36992607
atypicalhemolyticuremicsyndrome,DB08895,17,0.3679827
atypicalhemolyticuremicsyndrome,DB09095,18,0.3659941
atypicalhemolyticuremicsyndrome,DB14973,19,0.36427975
atypicalhemolyticuremicsyndrome,DB12887,20,0.36112136
lupusnephritis,DB00203,1,0.48537508
lupusnephritis,DB15091,2,0.48304617
lupusnephritis,DB11817,3,0.48134482
lupusnephritis,DB14973,4,0.47363707
lupusnephritis,DB11763,5,0.4730404
lupusnephritis,DB08895,6,0.47260377
lupusnephritis,DB14845,7,0.46913755
lupusnephritis,DB08877,8,0.38304818
lupusnephritis,DB15822,9,0.3545196
lupusnephritis,DB15059,10,0.3503586
lupusnephritis,DB00559,11,0.34991533
lupusnephritis,DB15685,12,0.3469807
lupusnephritis,DB12010,13,0.34421438
lupusnephritis,DB08875,14,0.32501835
lupusnephritis,DB00838,15,0.29780567
lupusnephritis,DB14019,16,0.2958181
lupusnephritis,DB04846,17,0.2884124
lupusnephritis,DB00862,18,0.28839517
lupusnephritis,DB00457,19,0.28788447
lupusnephritis,DB01394,20,0.28621924
frontotemporallobardegeneration,DB00652,1,0.700694
frontotemporallobardegeneration,DB11186,2,0.6876729
frontotemporallobardegeneration,DB00574,3,0.62472796
frontotemporallobardegeneration,DB04951,4,0.59005153
frontotemporallobardegeneration,DB01162,5,0.575305
frontotemporallobardegeneration,DB00403,6,0.5737753
frontotemporallobardegeneration,DB00183,7,0.5735279
frontotemporallobardegeneration,DB00193,8,0.56904507
frontotemporallobardegeneration,DB00726,9,0.5678138
frontotemporallobardegeneration,DB00176,10,0.5674125
frontotemporallobardegeneration,DB00998,11,0.5671004
frontotemporallobardegeneration,DB09068,12,0.5670283
frontotemporallobardegeneration,DB04832,13,0.5670228
frontotemporallobardegeneration,DB01191,14,0.56694156
frontotemporallobardegeneration,DB00543,15,0.5668608
frontotemporallobardegeneration,DB00952,16,0.5668478
frontotemporallobardegeneration,DB00216,17,0.5667739
frontotemporallobardegeneration,DB00215,18,0.5666064
frontotemporallobardegeneration,DB01175,19,0.5666064
frontotemporallobardegeneration,DB00458,20,0.56652176
hypoplasticleftheartsyndrome,DB01041,1,0.5519802
hypoplasticleftheartsyndrome,DB00648,2,0.49276012
hypoplasticleftheartsyndrome,DB04938,3,0.49167162
hypoplasticleftheartsyndrome,DB12235,4,0.48540854
hypoplasticleftheartsyndrome,DB08910,5,0.4850488
hypoplasticleftheartsyndrome,DB00539,6,0.48456872
hypoplasticleftheartsyndrome,DB04573,7,0.48365065
hypoplasticleftheartsyndrome,DB13981,8,0.48270988
hypoplasticleftheartsyndrome,DB00947,9,0.4807037
hypoplasticleftheartsyndrome,DB00977,10,0.4792948
hypoplasticleftheartsyndrome,DB04575,11,0.47869593
hypoplasticleftheartsyndrome,DB00890,12,0.47860354
hypoplasticleftheartsyndrome,DB00655,13,0.47617382
hypoplasticleftheartsyndrome,DB01357,14,0.47614288
hypoplasticleftheartsyndrome,DB00459,15,0.4736348
hypoplasticleftheartsyndrome,DB00882,16,0.47106165
hypoplasticleftheartsyndrome,DB04574,17,0.46869984
hypoplasticleftheartsyndrome,DB09070,18,0.46490204
hypoplasticleftheartsyndrome,DB06374,19,0.46291462
hypoplasticleftheartsyndrome,DB06401,20,0.46266273
obsessive-compulsivedisorder,DB11273,1,0.8402485
obsessive-compulsivedisorder,DB00696,2,0.8392597
obsessive-compulsivedisorder,DB00321,3,0.8377259
obsessive-compulsivedisorder,DB00540,4,0.8371003
obsessive-compulsivedisorder,DB01242,5,0.83695316
obsessive-compulsivedisorder,DB13520,6,0.83495057
obsessive-compulsivedisorder,DB01151,7,0.831094
obsessive-compulsivedisorder,DB00656,8,0.83059394
obsessive-compulsivedisorder,DB01149,9,0.82969433
obsessive-compulsivedisorder,DB00246,10,0.8165263
obsessive-compulsivedisorder,DB06077,11,0.80804443
obsessive-compulsivedisorder,DB00998,12,0.80602825
obsessive-compulsivedisorder,DB00216,13,0.80414647
obsessive-compulsivedisorder,DB00458,14,0.8029754
obsessive-compulsivedisorder,DB00952,15,0.8019049
obsessive-compulsivedisorder,DB00918,16,0.8017231
obsessive-compulsivedisorder,DB00953,17,0.80038315
obsessive-compulsivedisorder,DB00543,18,0.8001712
obsessive-compulsivedisorder,DB00315,19,0.79959846
obsessive-compulsivedisorder,DB00669,20,0.7995914
commonvariableimmunodeficiency,DB01041,1,0.63170683
commonvariableimmunodeficiency,DB08910,2,0.5394265
commonvariableimmunodeficiency,DB08814,3,0.526899
commonvariableimmunodeficiency,DB13063,4,0.5079884
commonvariableimmunodeficiency,DB00445,5,0.34313792
commonvariableimmunodeficiency,DB00480,6,0.3397749
commonvariableimmunodeficiency,DB00197,7,0.32240576
commonvariableimmunodeficiency,DB01132,8,0.32009655
commonvariableimmunodeficiency,DB00627,9,0.30245912
commonvariableimmunodeficiency,DB01421,10,0.29350305
commonvariableimmunodeficiency,DB04845,11,0.2915591
commonvariableimmunodeficiency,DB09257,12,0.2895689
commonvariableimmunodeficiency,DB00412,13,0.28065407
commonvariableimmunodeficiency,DB08949,14,0.27814233
commonvariableimmunodeficiency,DB01011,15,0.27246594
commonvariableimmunodeficiency,DB01698,16,0.2671635
commonvariableimmunodeficiency,DB00720,17,0.26600525
commonvariableimmunodeficiency,DB00944,18,0.26532727
commonvariableimmunodeficiency,DB00693,19,0.26479048
commonvariableimmunodeficiency,DB00126,20,0.26449335
angelmansyndrome,DB01558,1,0.81677806
angelmansyndrome,DB01068,2,0.8164157
angelmansyndrome,DB00818,3,0.8155142
angelmansyndrome,DB00189,4,0.8154813
angelmansyndrome,DB00753,5,0.81536496
angelmansyndrome,DB01595,6,0.81534946
angelmansyndrome,DB00897,7,0.8150364
angelmansyndrome,DB01589,8,0.81496835
angelmansyndrome,DB00241,9,0.8148923
angelmansyndrome,DB01028,10,0.8148697
angelmansyndrome,DB00683,11,0.8144162
angelmansyndrome,DB00306,12,0.813892
angelmansyndrome,DB01544,13,0.8138553
angelmansyndrome,DB00842,14,0.8134632
angelmansyndrome,DB00186,15,0.813395
angelmansyndrome,DB01559,16,0.8133795
angelmansyndrome,DB09118,17,0.81322217
angelmansyndrome,DB00404,18,0.81285745
angelmansyndrome,DB01215,19,0.8127637
angelmansyndrome,DB00628,20,0.8126654
glaucoma,DB13953,1,0.38627893
glaucoma,DB00783,2,0.3787682
glaucoma,DB13952,3,0.37862384
glaucoma,DB00481,4,0.375543
glaucoma,DB13954,5,0.37427568
glaucoma,DB13955,6,0.37384227
glaucoma,DB06202,7,0.37352085
glaucoma,DB00255,8,0.3732053
glaucoma,DB00675,9,0.3729173
glaucoma,DB13956,10,0.37156123
glaucoma,DB06249,11,0.36916667
glaucoma,DB04813,12,0.35830423
glaucoma,DB15569,13,0.35795945
glaucoma,DB11679,14,0.35026294
glaucoma,DB15568,15,0.34609103
glaucoma,DB00445,16,0.3429026
glaucoma,DB04938,17,0.33734068
glaucoma,DB00648,18,0.33140793
glaucoma,DB00539,19,0.32980424
glaucoma,DB04575,20,0.3284213
shortrib-polydactylysyndrome,DB11652,1,0.33747074
shortrib-polydactylysyndrome,DB11828,2,0.3361563
shortrib-polydactylysyndrome,DB09079,3,0.33499554
shortrib-polydactylysyndrome,DB01259,4,0.33393067
shortrib-polydactylysyndrome,DB12147,5,0.33207417
shortrib-polydactylysyndrome,DB11886,6,0.32802188
shortrib-polydactylysyndrome,DB15149,7,0.3276076
shortrib-polydactylysyndrome,DB08916,8,0.3264946
shortrib-polydactylysyndrome,DB11963,9,0.32571092
shortrib-polydactylysyndrome,DB15102,10,0.3238404
shortrib-polydactylysyndrome,DB09078,11,0.31525317
shortrib-polydactylysyndrome,DB12483,12,0.28363064
shortrib-polydactylysyndrome,DB00317,13,0.27923006
shortrib-polydactylysyndrome,DB16216,14,0.2770948
shortrib-polydactylysyndrome,DB09330,15,0.27655286
shortrib-polydactylysyndrome,DB12015,16,0.27558392
shortrib-polydactylysyndrome,DB16390,17,0.27557293
shortrib-polydactylysyndrome,DB06637,18,0.26996887
shortrib-polydactylysyndrome,DB00530,19,0.25122398
shortrib-polydactylysyndrome,DB11718,20,0.24341853
myastheniagravis,DB16200,1,0.62188715
myastheniagravis,DB06756,2,0.58398926
myastheniagravis,DB01280,3,0.58131224
myastheniagravis,DB00631,4,0.5770885
myastheniagravis,DB01073,5,0.57617843
myastheniagravis,DB01005,6,0.57595074
myastheniagravis,DB00441,7,0.5749676
myastheniagravis,DB06705,8,0.5735904
myastheniagravis,DB03585,9,0.5723069
myastheniagravis,DB04711,10,0.5671674
myastheniagravis,DB00743,11,0.5670761
myastheniagravis,DB13967,12,0.566019
myastheniagravis,DB00569,13,0.5448803
myastheniagravis,DB00384,14,0.5324631
myastheniagravis,DB11712,15,0.5313188
myastheniagravis,DB08820,16,0.53025496
myastheniagravis,DB00594,17,0.5284332
myastheniagravis,DB09280,18,0.5246043
myastheniagravis,DB15444,19,0.52443415
myastheniagravis,DB11496,20,0.49139547
cysticfibrosis,DB08820,1,0.7401147
cysticfibrosis,DB11712,2,0.72912055
cysticfibrosis,DB00384,3,0.7267661
cysticfibrosis,DB00594,4,0.72595847
cysticfibrosis,DB09280,5,0.7247591
cysticfibrosis,DB15444,6,0.72037244
cysticfibrosis,DB01162,7,0.7113391
cysticfibrosis,DB04951,8,0.70236605
cysticfibrosis,DB06705,9,0.6858633
cysticfibrosis,DB03585,10,0.68063617
cysticfibrosis,DB00743,11,0.6800152
cysticfibrosis,DB13967,12,0.67871773
cysticfibrosis,DB04711,13,0.6773162
cysticfibrosis,DB00811,14,0.67262226
cysticfibrosis,DB01033,15,0.6656674
cysticfibrosis,DB01024,16,0.6635053
cysticfibrosis,DB00688,17,0.66091
cysticfibrosis,DB00763,18,0.6410769
cysticfibrosis,DB04209,19,0.6358425
cysticfibrosis,DB00550,20,0.6356933
narcolepsy,DB00583,1,0.6003841
narcolepsy,DB11951,2,0.5998199
narcolepsy,DB15031,3,0.59519035
narcolepsy,DB01074,4,0.5942768
narcolepsy,DB09034,5,0.5941597
narcolepsy,DB00747,6,0.5379052
narcolepsy,DB04843,7,0.5377418
narcolepsy,DB01036,8,0.53763086
narcolepsy,DB01625,9,0.5373422
narcolepsy,DB00572,10,0.53705513
narcolepsy,DB00383,11,0.5367644
narcolepsy,DB09300,12,0.5366041
narcolepsy,DB06787,13,0.5365504
narcolepsy,DB01231,14,0.5362944
narcolepsy,DB00332,15,0.5361079
narcolepsy,DB00496,16,0.53608596
narcolepsy,DB01062,17,0.53607833
narcolepsy,DB06702,18,0.5356137
narcolepsy,DB12278,19,0.5355279
narcolepsy,DB00387,20,0.535409
syndactyly,DB00746,1,0.4570178
syndactyly,DB01609,2,0.43409416
syndactyly,DB08877,3,0.42172492
syndactyly,DB16650,4,0.4152544
syndactyly,DB08818,5,0.3905192
syndactyly,DB13873,6,0.3901788
syndactyly,DB01039,7,0.38172042
syndactyly,DB09064,8,0.37972298
syndactyly,DB01070,9,0.3635128
syndactyly,DB00449,10,0.35874817
syndactyly,DB01382,11,0.35847813
syndactyly,DB00153,12,0.3584242
syndactyly,DB00910,13,0.3581499
syndactyly,DB00867,14,0.3579958
syndactyly,DB11148,15,0.35768136
syndactyly,DB02300,16,0.35723478
syndactyly,DB00672,17,0.3570261
syndactyly,DB01251,18,0.3557335
syndactyly,DB00839,19,0.35545176
syndactyly,DB01296,20,0.35418236
rhabdomyosarcoma,DB08818,1,0.61070526
rhabdomyosarcoma,DB11611,2,0.56337446
rhabdomyosarcoma,DB01083,3,0.5448543
rhabdomyosarcoma,DB06155,4,0.53535986
rhabdomyosarcoma,DB09061,5,0.52841467
rhabdomyosarcoma,DB00470,6,0.5255722
rhabdomyosarcoma,DB00486,7,0.52122384
rhabdomyosarcoma,DB16650,8,0.4570753
rhabdomyosarcoma,DB01296,9,0.44729212
rhabdomyosarcoma,DB11994,10,0.44125378
rhabdomyosarcoma,DB00449,11,0.43501636
rhabdomyosarcoma,DB00989,12,0.4334746
rhabdomyosarcoma,DB05260,13,0.4326982
rhabdomyosarcoma,DB00545,14,0.42929846
rhabdomyosarcoma,DB00941,15,0.42881605
rhabdomyosarcoma,DB01010,16,0.4285839
rhabdomyosarcoma,DB00733,17,0.42612046
rhabdomyosarcoma,DB01057,18,0.42586398
rhabdomyosarcoma,DB00677,19,0.42214724
rhabdomyosarcoma,DB00772,20,0.41995752
digeorgesyndrome,DB11632,1,0.6993522
digeorgesyndrome,DB00323,2,0.6970083
digeorgesyndrome,DB00494,3,0.6916953
digeorgesyndrome,DB04951,4,0.5642293
digeorgesyndrome,DB01162,5,0.56305724
digeorgesyndrome,DB11629,6,0.527168
digeorgesyndrome,DB08820,7,0.5013305
digeorgesyndrome,DB11712,8,0.49801856
digeorgesyndrome,DB09280,9,0.49552336
digeorgesyndrome,DB00384,10,0.4937154
digeorgesyndrome,DB00594,11,0.4926977
digeorgesyndrome,DB15444,12,0.48900622
digeorgesyndrome,DB04209,13,0.4866263
digeorgesyndrome,DB15456,14,0.48477906
digeorgesyndrome,DB08931,15,0.48459443
digeorgesyndrome,DB08880,16,0.47927833
digeorgesyndrome,DB01076,17,0.47313702
digeorgesyndrome,DB00641,18,0.47124153
digeorgesyndrome,DB01098,19,0.4701082
digeorgesyndrome,DB00175,20,0.469725
lebercongenitalamaurosis,DB01162,1,0.71031606
lebercongenitalamaurosis,DB04951,2,0.6986212
lebercongenitalamaurosis,DB00811,3,0.6732222
lebercongenitalamaurosis,DB01033,4,0.66654265
lebercongenitalamaurosis,DB00437,5,0.6643828
lebercongenitalamaurosis,DB04854,6,0.6621704
lebercongenitalamaurosis,DB00688,7,0.658112
lebercongenitalamaurosis,DB01024,8,0.65804935
lebercongenitalamaurosis,DB16628,9,0.6574315
lebercongenitalamaurosis,DB15456,10,0.62168837
lebercongenitalamaurosis,DB04209,11,0.6203987
lebercongenitalamaurosis,DB08931,12,0.61567354
lebercongenitalamaurosis,DB08820,13,0.59478945
lebercongenitalamaurosis,DB11712,14,0.57813025
lebercongenitalamaurosis,DB00384,15,0.57213223
lebercongenitalamaurosis,DB09280,16,0.57089484
lebercongenitalamaurosis,DB00594,17,0.5700476
lebercongenitalamaurosis,DB15444,18,0.5693469
lebercongenitalamaurosis,DB00763,19,0.54580057
lebercongenitalamaurosis,DB00550,20,0.54072845
holoprosencephaly,DB09130,1,0.5219753
holoprosencephaly,DB00197,2,0.45371234
holoprosencephaly,DB01132,3,0.4536055
holoprosencephaly,DB09517,4,0.44467014
holoprosencephaly,DB00412,5,0.43043882
holoprosencephaly,DB06777,6,0.41431856
holoprosencephaly,DB05990,7,0.40433145
holoprosencephaly,DB00548,8,0.3895278
holoprosencephaly,DB05187,9,0.38111752
holoprosencephaly,DB11614,10,0.36905372
holoprosencephaly,DB01393,11,0.36576727
holoprosencephaly,DB01011,12,0.35661465
holoprosencephaly,DB00445,13,0.3538524
holoprosencephaly,DB01421,14,0.3515212
holoprosencephaly,DB00126,15,0.3482634
holoprosencephaly,DB11611,16,0.3371384
holoprosencephaly,DB03756,17,0.3329092
holoprosencephaly,DB09112,18,0.3328917
holoprosencephaly,DB11823,19,0.33243352
holoprosencephaly,DB00720,20,0.32773048
lissencephaly,DB11679,1,0.37252057
lissencephaly,DB09053,2,0.37058806
lissencephaly,DB00841,3,0.36039263
lissencephaly,DB12010,4,0.35821685
lissencephaly,DB15569,5,0.35661674
lissencephaly,DB00457,6,0.35497528
lissencephaly,DB09257,7,0.35260642
lissencephaly,DB06751,8,0.35032216
lissencephaly,DB01583,9,0.34217578
lissencephaly,DB04930,10,0.34075236
lissencephaly,DB00279,11,0.3402624
lissencephaly,DB00131,12,0.3374301
lissencephaly,DB15568,13,0.3371773
lissencephaly,DB00720,14,0.3366344
lissencephaly,DB04880,15,0.33607513
lissencephaly,DB19353,16,0.33571434
lissencephaly,DB09054,17,0.33458686
lissencephaly,DB12978,18,0.33450007
lissencephaly,DB01011,19,0.33323455
lissencephaly,DB00862,20,0.3316608
mitochondrialcomplexiiideficiency,DB08910,1,0.5132115
mitochondrialcomplexiiideficiency,DB01132,2,0.5117579
mitochondrialcomplexiiideficiency,DB00159,3,0.509231
mitochondrialcomplexiiideficiency,DB00482,4,0.5028732
mitochondrialcomplexiiideficiency,DB00197,5,0.5011152
mitochondrialcomplexiiideficiency,DB00412,6,0.48044932
mitochondrialcomplexiiideficiency,DB11327,7,0.47630835
mitochondrialcomplexiiideficiency,DB01250,8,0.4475609
mitochondrialcomplexiiideficiency,DB01399,9,0.44145805
mitochondrialcomplexiiideficiency,DB01401,10,0.4400159
mitochondrialcomplexiiideficiency,DB11071,11,0.43894556
mitochondrialcomplexiiideficiency,DB01283,12,0.4377963
mitochondrialcomplexiiideficiency,DB11323,13,0.4355903
mitochondrialcomplexiiideficiency,DB01009,14,0.43545008
mitochondrialcomplexiiideficiency,DB00712,15,0.43528068
mitochondrialcomplexiiideficiency,DB11079,16,0.43524724
mitochondrialcomplexiiideficiency,DB06802,17,0.4327522
mitochondrialcomplexiiideficiency,DB00573,18,0.4322315
mitochondrialcomplexiiideficiency,DB00533,19,0.4313479
mitochondrialcomplexiiideficiency,DB00861,20,0.4310519
longqtsyndrome,DB06815,1,0.8804932
longqtsyndrome,DB00489,2,0.8774096
longqtsyndrome,DB01118,3,0.87701464
longqtsyndrome,DB13269,4,0.877011
longqtsyndrome,DB00308,5,0.87685555
longqtsyndrome,DB00252,6,0.8766353
longqtsyndrome,DB00754,7,0.8761129
longqtsyndrome,DB00204,8,0.8759283
longqtsyndrome,DB00808,9,0.87587386
longqtsyndrome,DB09345,10,0.8758681
longqtsyndrome,DB00680,11,0.8756536
longqtsyndrome,DB01218,12,0.87564725
longqtsyndrome,DB00740,13,0.8754844
longqtsyndrome,DB00532,14,0.8754045
longqtsyndrome,DB00564,15,0.87526035
longqtsyndrome,DB00645,16,0.8749864
longqtsyndrome,DB00192,17,0.87497103
longqtsyndrome,DB00379,18,0.87494916
longqtsyndrome,DB01182,19,0.8748938
longqtsyndrome,DB01228,20,0.87466633
qfever,DB08880,1,0.6735944
qfever,DB00641,2,0.67147684
qfever,DB01095,3,0.6689985
qfever,DB00227,4,0.6678659
qfever,DB01076,5,0.66700304
qfever,DB00175,6,0.66683114
qfever,DB01098,7,0.6667993
qfever,DB08860,8,0.66319895
qfever,DB00439,9,0.6620583
qfever,DB00945,10,0.47553656
qfever,DB11632,11,0.39943135
qfever,DB00494,12,0.3981558
qfever,DB00323,13,0.39719453
qfever,DB11629,14,0.34861502
qfever,DB00530,15,0.29615855
qfever,DB14726,16,0.29206073
qfever,DB06695,17,0.28987396
qfever,DB00278,18,0.2872973
qfever,DB00114,19,0.2867779
qfever,DB00006,20,0.2855397
dyskeratosiscongenita,DB00544,1,0.5567514
dyskeratosiscongenita,DB04115,2,0.5487745
dyskeratosiscongenita,DB14909,3,0.5288108
dyskeratosiscongenita,DB00997,4,0.4388823
dyskeratosiscongenita,DB00648,5,0.43590438
dyskeratosiscongenita,DB04938,6,0.43195745
dyskeratosiscongenita,DB00890,7,0.42863205
dyskeratosiscongenita,DB00539,8,0.4206698
dyskeratosiscongenita,DB13981,9,0.4152071
dyskeratosiscongenita,DB00947,10,0.4147629
dyskeratosiscongenita,DB08910,11,0.41229087
dyskeratosiscongenita,DB00882,12,0.41168737
dyskeratosiscongenita,DB04575,13,0.41061252
dyskeratosiscongenita,DB04573,14,0.4092294
dyskeratosiscongenita,DB12235,15,0.4088506
dyskeratosiscongenita,DB00977,16,0.40685868
dyskeratosiscongenita,DB00806,17,0.40631127
dyskeratosiscongenita,DB00655,18,0.40574312
dyskeratosiscongenita,DB14723,19,0.4054346
dyskeratosiscongenita,DB01357,20,0.4051467
opticatrophy,DB12218,1,0.3843363
opticatrophy,DB01421,2,0.3646574
opticatrophy,DB12236,3,0.3584041
opticatrophy,DB00200,4,0.34572858
opticatrophy,DB11823,5,0.34418488
opticatrophy,DB06292,6,0.34167373
opticatrophy,DB11791,7,0.33951455
opticatrophy,DB15694,8,0.33813143
opticatrophy,DB00504,9,0.33714342
opticatrophy,DB00772,10,0.33480954
opticatrophy,DB12597,11,0.33412167
opticatrophy,DB13946,12,0.3337686
opticatrophy,DB01199,13,0.3336455
opticatrophy,DB13944,14,0.33341962
opticatrophy,DB12010,15,0.33233437
opticatrophy,DB00282,16,0.33174896
opticatrophy,DB13146,17,0.33152735
opticatrophy,DB00449,18,0.33137417
opticatrophy,DB08877,19,0.3308678
opticatrophy,DB06751,20,0.33078277
hyperprolactinemia,DB00714,1,0.80163425
hyperprolactinemia,DB06808,2,0.80138016
hyperprolactinemia,DB00433,3,0.80023646
hyperprolactinemia,DB05271,4,0.7987044
hyperprolactinemia,DB00420,5,0.79771787
hyperprolactinemia,DB01184,6,0.79710656
hyperprolactinemia,DB00248,7,0.7968738
hyperprolactinemia,DB00268,8,0.796396
hyperprolactinemia,DB09097,9,0.7961682
hyperprolactinemia,DB01063,10,0.7956678
hyperprolactinemia,DB00372,11,0.79490644
hyperprolactinemia,DB01618,12,0.7946816
hyperprolactinemia,DB04821,13,0.79466814
hyperprolactinemia,DB12710,14,0.7944841
hyperprolactinemia,DB01253,15,0.7941773
hyperprolactinemia,DB00915,16,0.7937888
hyperprolactinemia,DB00610,17,0.79339224
hyperprolactinemia,DB00831,18,0.7933893
hyperprolactinemia,DB06016,19,0.79322755
hyperprolactinemia,DB12313,20,0.7927711
disseminatedintravascularcoagulation,DB14726,1,0.72389364
disseminatedintravascularcoagulation,DB06695,2,0.7212244
disseminatedintravascularcoagulation,DB00464,3,0.7209848
disseminatedintravascularcoagulation,DB00114,4,0.7200098
disseminatedintravascularcoagulation,DB00278,5,0.7168542
disseminatedintravascularcoagulation,DB04898,6,0.7137155
disseminatedintravascularcoagulation,DB00006,7,0.7115413
disseminatedintravascularcoagulation,DB00569,8,0.6280614
disseminatedintravascularcoagulation,DB01125,9,0.540041
disseminatedintravascularcoagulation,DB00636,10,0.5086485
disseminatedintravascularcoagulation,DB01241,11,0.5025792
disseminatedintravascularcoagulation,DB13853,12,0.482867
disseminatedintravascularcoagulation,DB16200,13,0.47684863
disseminatedintravascularcoagulation,DB00641,14,0.433703
disseminatedintravascularcoagulation,DB00175,15,0.4334153
disseminatedintravascularcoagulation,DB04711,16,0.43101093
disseminatedintravascularcoagulation,DB03585,17,0.4308868
disseminatedintravascularcoagulation,DB06705,18,0.43035892
disseminatedintravascularcoagulation,DB13967,19,0.4291497
disseminatedintravascularcoagulation,DB00227,20,0.42890513
prader-willisyndrome,DB00746,1,0.4271044
prader-willisyndrome,DB01609,2,0.40759587
prader-willisyndrome,DB16650,3,0.39316985
prader-willisyndrome,DB08877,4,0.38243383
prader-willisyndrome,DB01708,5,0.36003724
prader-willisyndrome,DB03085,6,0.35713962
prader-willisyndrome,DB00608,7,0.3563308
prader-willisyndrome,DB08818,8,0.35098392
prader-willisyndrome,DB09112,9,0.35095456
prader-willisyndrome,DB01070,10,0.35088217
prader-willisyndrome,DB06154,11,0.34922543
prader-willisyndrome,DB00672,12,0.34718388
prader-willisyndrome,DB00910,13,0.34680063
prader-willisyndrome,DB00153,14,0.3465768
prader-willisyndrome,DB02300,15,0.3463972
prader-willisyndrome,DB01382,16,0.34569588
prader-willisyndrome,DB00867,17,0.34461534
prader-willisyndrome,DB00839,18,0.34411633
prader-willisyndrome,DB00169,19,0.34317434
prader-willisyndrome,DB01251,20,0.34316587
lymphangioleiomyomatosis,DB00275,1,0.4205253
lymphangioleiomyomatosis,DB00876,2,0.41586217
lymphangioleiomyomatosis,DB00678,3,0.41526705
lymphangioleiomyomatosis,DB09019,4,0.41462323
lymphangioleiomyomatosis,DB01029,5,0.41435087
lymphangioleiomyomatosis,DB08822,6,0.4128762
lymphangioleiomyomatosis,DB00177,7,0.4121573
lymphangioleiomyomatosis,DB12548,8,0.4089994
lymphangioleiomyomatosis,DB00796,9,0.40862665
lymphangioleiomyomatosis,DB13751,10,0.3160022
lymphangioleiomyomatosis,DB00966,11,0.30778885
lymphangioleiomyomatosis,DB13166,12,0.2773258
lymphangioleiomyomatosis,DB01180,13,0.27675313
lymphangioleiomyomatosis,DB01197,14,0.27663606
lymphangioleiomyomatosis,DB00492,15,0.27662915
lymphangioleiomyomatosis,DB00542,16,0.27641657
lymphangioleiomyomatosis,DB00790,17,0.27590474
lymphangioleiomyomatosis,DB01348,18,0.27584013
lymphangioleiomyomatosis,DB00178,19,0.27557087
lymphangioleiomyomatosis,DB13853,20,0.27543867
hypotrichosis,DB00720,1,0.2489325
hypotrichosis,DB01064,2,0.24392441
hypotrichosis,DB01421,3,0.24180368
hypotrichosis,DB01435,4,0.23030055
hypotrichosis,DB00627,5,0.22392753
hypotrichosis,DB00126,6,0.2238193
hypotrichosis,DB01011,7,0.2224898
hypotrichosis,DB00521,8,0.2208721
hypotrichosis,DB00525,9,0.21734539
hypotrichosis,DB01158,10,0.21717885
hypotrichosis,DB00140,11,0.21671909
hypotrichosis,DB09462,12,0.21647353
hypotrichosis,DB08949,13,0.21595168
hypotrichosis,DB09257,14,0.21432304
hypotrichosis,DB11823,15,0.21403426
hypotrichosis,DB06441,16,0.21396029
hypotrichosis,DB12390,17,0.21330035
hypotrichosis,DB01254,18,0.21329285
hypotrichosis,DB01240,19,0.21306808
hypotrichosis,DB05630,20,0.21206945
loeys-dietzsyndrome,DB01296,1,0.4551286
loeys-dietzsyndrome,DB11994,2,0.44827995
loeys-dietzsyndrome,DB05260,3,0.4447231
loeys-dietzsyndrome,DB11611,4,0.42493093
loeys-dietzsyndrome,DB00437,5,0.40753868
loeys-dietzsyndrome,DB16650,6,0.39622548
loeys-dietzsyndrome,DB13063,7,0.3803734
loeys-dietzsyndrome,DB08818,8,0.37554038
loeys-dietzsyndrome,DB00627,9,0.37406942
loeys-dietzsyndrome,DB01041,10,0.372807
loeys-dietzsyndrome,DB00746,11,0.37266058
loeys-dietzsyndrome,DB09112,12,0.36665294
loeys-dietzsyndrome,DB03085,13,0.36376017
loeys-dietzsyndrome,DB04854,14,0.36335173
loeys-dietzsyndrome,DB08814,15,0.36272138
loeys-dietzsyndrome,DB08949,16,0.35904658
loeys-dietzsyndrome,DB01708,17,0.3542315
loeys-dietzsyndrome,DB03619,18,0.35354048
loeys-dietzsyndrome,DB16628,19,0.35189533
loeys-dietzsyndrome,DB06154,20,0.34958673
parkinsondisease,DB00714,1,0.7622025
parkinsondisease,DB06808,2,0.7619689
parkinsondisease,DB01624,3,0.7612845
parkinsondisease,DB09086,4,0.7602036
parkinsondisease,DB00752,5,0.7597675
parkinsondisease,DB00433,6,0.7583661
parkinsondisease,DB11275,7,0.75770897
parkinsondisease,DB01626,8,0.7569828
parkinsondisease,DB00420,9,0.7567721
parkinsondisease,DB11274,10,0.75610876
parkinsondisease,DB01037,11,0.75587523
parkinsondisease,DB01623,12,0.7558549
parkinsondisease,DB00268,13,0.75576985
parkinsondisease,DB01063,14,0.75409734
parkinsondisease,DB01184,15,0.7539642
parkinsondisease,DB05271,16,0.7539104
parkinsondisease,DB00780,17,0.75383675
parkinsondisease,DB01618,18,0.75358194
parkinsondisease,DB12313,19,0.7535033
parkinsondisease,DB09097,20,0.75300056
coronaryarterydisease,DB00648,1,0.74435914
coronaryarterydisease,DB00890,2,0.7429949
coronaryarterydisease,DB04938,3,0.7427067
coronaryarterydisease,DB04575,4,0.73604274
coronaryarterydisease,DB04574,5,0.73512304
coronaryarterydisease,DB13981,6,0.73502016
coronaryarterydisease,DB00539,7,0.7341745
coronaryarterydisease,DB04573,8,0.7340406
coronaryarterydisease,DB00947,9,0.7338594
coronaryarterydisease,DB00655,10,0.7333634
coronaryarterydisease,DB00977,11,0.73301774
coronaryarterydisease,DB06401,12,0.73254484
coronaryarterydisease,DB00882,13,0.73236626
coronaryarterydisease,DB01357,14,0.73217964
coronaryarterydisease,DB12235,15,0.7311195
coronaryarterydisease,DB09070,16,0.7292632
coronaryarterydisease,DB13953,17,0.72818816
coronaryarterydisease,DB06374,18,0.7264793
coronaryarterydisease,DB04813,19,0.72576755
coronaryarterydisease,DB01185,20,0.7208457
asthma,DB12243,1,0.8330364
asthma,DB01229,2,0.80979234
asthma,DB11581,3,0.80424225
asthma,DB12332,4,0.7781504
asthma,DB11760,5,0.7738806
asthma,DB09074,6,0.7720614
asthma,DB11793,7,0.7717415
asthma,DB16157,8,0.759338
asthma,DB12789,9,0.7592871
asthma,DB03843,10,0.75747645
asthma,DB09543,11,0.757244
asthma,DB00825,12,0.7547163
asthma,DB05219,13,0.7546054
asthma,DB14184,14,0.7529908
asthma,DB14212,15,0.75284463
asthma,DB01656,16,0.7526472
asthma,DB01427,17,0.75101274
asthma,DB01113,18,0.75039434
asthma,DB00613,19,0.74773467
asthma,DB00744,20,0.7030219
dengue,DB08910,1,0.40015477
dengue,DB01041,2,0.36215112
dengue,DB00445,3,0.35205922
dengue,DB00459,4,0.31938538
dengue,DB01011,5,0.30281055
dengue,DB09257,6,0.3004965
dengue,DB00482,7,0.29391408
dengue,DB11679,8,0.2885237
dengue,DB00521,9,0.28681415
dengue,DB01421,10,0.28626257
dengue,DB01698,11,0.2771047
dengue,DB00126,12,0.2731872
dengue,DB00131,13,0.27086613
dengue,DB11327,14,0.2700975
dengue,DB04845,15,0.2697256
dengue,DB06209,16,0.26968265
dengue,DB00693,17,0.268487
dengue,DB00944,18,0.26642948
dengue,DB08814,19,0.26378605
dengue,DB00720,20,0.256006
tuberculosis,DB09517,1,0.7050315
tuberculosis,DB09112,2,0.6687018
tuberculosis,DB00548,3,0.6666608
tuberculosis,DB03085,4,0.6660775
tuberculosis,DB01708,5,0.6594186
tuberculosis,DB06154,6,0.65851414
tuberculosis,DB09130,7,0.6508794
tuberculosis,DB00608,8,0.64283645
tuberculosis,DB01611,9,0.61067164
tuberculosis,DB01254,10,0.6040056
tuberculosis,DB00746,11,0.5739031
tuberculosis,DB01609,12,0.5499743
tuberculosis,DB00208,13,0.5244974
tuberculosis,DB05187,14,0.513347
tuberculosis,DB04348,15,0.5129476
tuberculosis,DB01393,16,0.50100845
tuberculosis,DB16650,17,0.49974662
tuberculosis,DB01064,18,0.48400515
tuberculosis,DB13873,19,0.47716728
tuberculosis,DB01039,20,0.4632727
breastcancer,DB12483,1,0.6488104
breastcancer,DB11828,2,0.6418463
breastcancer,DB01259,3,0.6367457
breastcancer,DB08916,4,0.63512224
breastcancer,DB12015,5,0.6346415
breastcancer,DB11963,6,0.63367474
breastcancer,DB11652,7,0.6292571
breastcancer,DB12001,8,0.61603624
breastcancer,DB05676,9,0.61521214
breastcancer,DB09073,10,0.6136831
breastcancer,DB11730,11,0.6103962
breastcancer,DB15442,12,0.60945255
breastcancer,DB15568,13,0.5963011
breastcancer,DB15569,14,0.5904283
breastcancer,DB14840,15,0.5899874
breastcancer,DB15275,16,0.5898169
breastcancer,DB00317,17,0.5604177
breastcancer,DB16390,18,0.53989124
breastcancer,DB09330,19,0.53929543
breastcancer,DB09079,20,0.5381415
