GeneName,UniProtID,PDB_IDs,AlphaFold
NOS2,P35228,1NSI;2LL6;2NSI,
NNT,Q13423,1DJL;1PT9;1U31,
IDH3A,P50213,5GRE;5GRF;5GRH,
CACNA1I,Q9P0X4,7WLI;7WLJ;7WLK,
ADORA1,P30542,5N2S;5UEN;6D9H,
ABL1,P00519,1AB2;1AWO;1BBZ,
PTGS1,P23219,6Y3C,
DRD1,P21728,7CKW;7CKX;7CKY,
FLT4,P35916,4BSJ;4BSK,
SCNN1B,P51168,6BQN;6WTH;9BLR,
TUBB1,Q9H4B7,,AF-Q9H4B7-F1-model_v4
NDUFV3,P56181,5XTB;5XTD;5XTH,
FLT1,P17948,1FLT;1QSV;1QSZ,
SLC7A11,Q9UPY5,7CCS;7EPZ;7P9U,
INSR,P06213,1GAG;1I44;1IR3,
RAF1,P04049,1C1Y;1FAQ;1FAR,
PDXK,O00764,2AJP;2F7K;2YXT,
EDNRB,P24530,5GLH;5GLI;5X93,
CHRM3,P20309,2CSA;8E9W;8E9Y,
PKLR,P30613,2VGB;2VGF;2VGG,
SLC12A5,Q9H2X9,6M23;7D8Z,
F2,P00734,1A2C;1A3B;1A3E,
ALAD,P13716,1E51;1PV8;5HMS,
HSD3B1,P14060,,AF-P14060-F1-model_v4
GLRB,P48167,5BKF;5BKG;7KUY,
MMP9,P14780,1GKC;1GKD;1ITV,
HSD3B2,P26439,,AF-P26439-F1-model_v4
CNR1,P21554,1LVQ;1LVR;2B0Y,
AGTR1,P30556,4YAY;4ZUD;6DO1,
PTGER1,P34995,9M1H,
NOS1,P29475,4D1N;4UCH;4UH5,
LDHB,P07195,1I0Z;1T2F;7DBJ,
ACAT1,P24752,2F2S;2IB7;2IB8,
PPARA,Q07869,1I7G;1K7L;1KKQ,
HPRT1,P00492,1BZY;1D6N;1HMP,
RXRB,P28702,1H9U;1UHL;5HJP,
TPH2,Q8IWU9,4V06;7QRI;7WIY,
CKB,P12277,3B6R;3DRB;3DRE,
HTR4,Q13639,5EM9;7XT8;7XT9,
FTL,P02792,2FFX;2FG4;2FG8,
KCNH2,Q12809,1BYW;1UJL;2L0W,
TOP1MT,Q969P6,,AF-Q969P6-F1-model_v4
CHRM1,P11229,5CXV;6OIJ;6WJC,
SLC5A6,Q9Y289,,AF-Q9Y289-F1-model_v4
CNR2,P34972,2KI9;5ZTY;6KPC,
CYSLTR2,Q9NS75,9IXX;9JH5;9JH6,
AMD1,P17707,1I72;1I79;1I7B,
SOAT1,P35610,6L47;6L48;6P2J,
P2RY12,Q9H244,4NTJ;4PXZ;4PY0,
HRH2,P25021,7UL3;8POK;8YN3,
POLB,P06746,1BPX;1BPY;1BPZ,
PTGIS,Q16647,2IAG;3B6H,
SLC18A2,Q05940,8JSW;8JSX;8JT5,
ABCA1,O95477,5XJY;7ROQ;7TBW,
TPH1,P17752,1MLW;3HF6;3HF8,
ESR1,P03372,1A52;1ERE;1ERR,
HBA1,P69905,1A00;1A01;1A0U,
AR,P10275,1E3G;1GS4;1T5Z,
ALDH2,P05091,1CW3;1NZW;1NZX,
LHCGR,P22888,7FIG;7FIH;7FII,
SLC7A3,Q8WY07,,AF-Q8WY07-F1-model_v4
DBH,P09172,4ZEL,
SCN1A,P35498,7DTD,
TUBB,P07437,3QNZ;3QO0;5N5N,
RARG,P13631,1EXA;1EXX;1FCX,
DRD5,P21918,8IRV,
HRH4,Q9H3N8,7YFC;7YFD;8HN8,
FLT3,P36888,1RJB;3QS7;3QS9,
ALDH5A1,P51649,2W8N;2W8O;2W8P,
TLR7,Q9NYK1,7CYN,
SIGMAR1,Q99720,5HK1;5HK2;6DJZ,
TPK1,Q9H3S4,3S4Y;9HJC,
OGDH,Q02218,3ERY;7WGR;8I0K,
AVPR1A,P37288,1YTV,
SLC23A1,Q9UHI7,8JEW;8JEZ;8JF0,
CKMT1A,P12532,1QK1;9B04;9B05,
ADRB1,P08588,2LSQ;7BTS;7BU6,
SDHA,P31040,6VAX;8DYD;8DYE,
SCN10A,Q9Y5Y9,7WE4;7WEL;7WFR,
CPT2,P23786,,AF-P23786-F1-model_v4
PDE5A,O76074,1RKP;1T9R;1T9S,
GSS,P48637,2HGS;8FBZ,
SCNN1A,P37088,2M3O;6BQN;6WTH,
SCN11A,Q9UI33,,AF-Q9UI33-F1-model_v4
ALDH3B2,P48448,,AF-P48448-F1-model_v4
MT-ND3,P03897,5XTC;5XTD;9CWT,
SCN5A,Q14524,2KBI;2L53;4DCK,
LIG1,P18858,1X9N;5YY9;6P09,
GNRHR,P30968,7BR3,
PDGFRB,P09619,1GQ5;1H9O;1SHA,
RARB,P10826,1HRA;1XAP;4DM6,
ABCC8,Q09428,6C3O;6C3P;7S5V,
SERPINA6,P08185,2VDX;2VDY;4BB2,
KCNK2,O95069,4TWK,
PLG,P00747,1B2I;1BML;1BUI,
PPARG,P37231,1FM6;1FM9;1I7I,
F10,P00742,1C5M;1EZQ;1F0R,
GABBR1,Q9UBS5,4MQE;4MQF;4MR7,
ATP2C1,P98194,7YAG;7YAH;7YAI,
NQO2,P16083,1QR2;1SG0;1XI2,
ACE,P12821,1O86;1O8A;1UZE,
ADH1A,P07327,1HSO;1U3T,
FXYD2,P54710,2MKV;7E1Z;7E20,
MTTP,P55157,8EOJ,
SLC1A5,Q15758,5LLM;5LLU;5LM4,
LPL,P06858,6E7K;6OAU;6OAZ,
ADORA2B,P29275,7XY6;7XY7;8HDO,
BCL2,P10415,1G5M;1GJH;1YSW,
CHRM5,P08912,6OL9,
ALOX5,P09917,3O8Y;3V92;3V98,
SLC6A1,P30531,7SK2;7Y7V;7Y7W,
PNP,P00491,1M73;1PF7;1PWY,
TYR,P14679,7RK7,
ABAT,P80404,,AF-P80404-F1-model_v4
PRKAB1,Q9Y478,4CFE;4CFF;4ZHX,
PTGS2,P35354,5F19;5F1A;5IKQ,
NOS3,P29474,1M9J;1M9K;1M9M,
MME,P08473,1DMT;1R1H;1R1I,
CA1,P00915,1AZM;1BZM;1CRM,
REN,P00797,1BBS;1BIL;1BIM,
SERPINC1,P01008,1ANT;1ATH;1AZX,
SLC12A2,P55011,6PZT;7D10;7MXO,
ADRA2A,P08913,1HLL;1HO9;1HOD,
HTR1A,P08908,7E2X;7E2Y;7E2Z,
AVPR2,P30518,4JQI;6NI2;6U1N,
PTGDR,Q13258,8ZVZ;8ZW0;9UWD,
CACNB1,Q02641,7VFS;7VFU;7VFV,
HTR3A,P46098,8AXD;8BL8;8BLA,
THRB,P10828,1BSX;1N46;1NAX,
CA2,P00918,12CA;1A42;1AM6,
TYMS,P04818,1HVY;1HW3;1HW4,
RRM1,P23921,2WGH;3HNC;3HND,
MTNR1B,P49286,6ME6;6ME7;6ME8,
HSD11B1,P28845,1XU7;1XU9;2BEL,
DHFR,P00374,1BOZ;1DHF;1DLR,
TTR,P02766,1BM7;1BMZ;1BZ8,
ADRA2C,P18825,6KUW,
CYP17A1,P05093,3RUK;3SWZ;4NKV,
GRIK1,P39086,2ZNS;2ZNT;2ZNU,
ATP4A,P20648,,AF-P20648-F1-model_v4
ADORA3,P0DMS8,8X16;8X17;9EBH,
CACNA1A,O00555,3BXK;8X90;8X91,
PPP3R1,P63098,1AUI;1M63;1MF8,
ALK,Q9UM73,2KUP;2KUQ;2XB7,
GRIN1,Q05586,2HQW;2NR1;3BYA,
PTGER2,P43116,7CX2;7CX3;7CX4,
KDR,P35968,1VR2;1Y6A;1Y6B,
RFK,Q969G6,1NB0;1NB9;1P4M,
PPAT,Q06203,,AF-Q06203-F1-model_v4
SLC6A8,P48029,9KR7;9KRH;9KRI,
CAMLG,P49069,6SO5;8CR1,
PROC,P04070,1AUT;1LQV;3F6U,
GABRA2,P47869,9CRV;9CSB;9CT0,
DHODH,Q02127,1D3G;1D3H;2B0M,
TACR1,P25103,2KS9;2KSA;2KSB,
IFNAR2,P48551,1N6U;1N6V;2HYM,
DRD4,P21917,5WIU;5WIV,
HTR2B,P41595,4IB4;4NC3;5TUD,
GRIN2D,O15399,7YFF;7YFL;7YFM,
FTH1,P02794,1FHA;2CEI;2CHI,
ADH1B,P00325,1DEH;1HDX;1HDY,
CCKAR,P32238,1D6G;1HZN;7EZH,
GGCX,P38435,9BUM;9BUR;9BUX,
ODC1,P11926,1D7K;2ON3;2OO0,
CHRM4,P08173,5DSG;6D9H;6KP6,
CPT1A,P50416,2LE3,
CKMT2,P17540,4Z9M,
CHRNA10,Q9GZZ6,,AF-Q9GZZ6-F1-model_v4
RXRA,P19793,1BY4;1DSZ;1FBY,
GLRA3,O75311,5CFB;5TIN;5TIO,
KCNN4,O15554,6CNM;6CNN;6CNO,
GRIN2B,Q13224,5EWJ;5EWL;5EWM,
SLC12A3,P55017,7Y6I;7YG0;7YG1,
OPRD1,P41143,4N6H;4RWA;4RWD,
ANXA1,P04083,1AIN;1BO9;1QLS,
LDHA,P00338,1I10;4AJP;4JNK,
ACHE,P22303,1B41;1F8U;1VZJ,
AKT1,P31749,1H10;1UNP;1UNQ,
CACNA1C,Q13936,1T0J;2BE6;2F3Y,
CALCR,P30988,5II0;5UZ7;6NIY,
GLRA1,P23415,1MOT;1VRY;2M6B,
ARAF,P10398,1WXM;2MSE;8VSL,
PDE3A,Q14432,7EG0;7EG1;7EG4,
ITGA2B,P08514,1DPK;1DPQ;1KUP,
HRH1,P35367,3RZE;7DFL;8YN2,
HTR2A,P28223,6A93;6A94;6WGT,
SSTR1,P30872,8XIO;8XIP;9IK8,
KIT,P10721,1PKG;1T45;1T46,
HPD,P32754,3ISQ;5EC3;8IM2,
HTR1F,P30939,7EXD,
NTSR2,O95665,,AF-O95665-F1-model_v4
ADH1C,P00326,1HT0;1U3W,
ABCC9,O60706,,AF-O60706-F1-model_v4
GABRA5,P31644,5O8F;5OJM;6A96,
GNRHR2,Q96P88,,AF-Q96P88-F1-model_v4
PTGIR,P43119,8X79;8X7A,
HTR1E,P28566,7E33;8UGY;8UH3,
UGCG,Q16739,,AF-Q16739-F1-model_v4
GABRA4,P48169,7QN5;7QN7;7QN9,
ALDH1B1,P30837,7MJC;7MJD;7RAD,
CACNA1G,O43497,6KZO;6KZP,
SLC6A2,P23975,8HFE;8HFF;8HFG,
PDE4B,Q07343,1F0J;1RO6;1RO9,
PCYT1B,Q9Y5K3,,AF-Q9Y5K3-F1-model_v4
SCNN1D,P51172,9BLR,
SCNN1G,P51170,6BQN;6WTH;9BLR,
ADRA1A,P35348,7YM8;7YMH;7YMJ,
SLC12A1,Q13621,,AF-Q13621-F1-model_v4
MT-ND1,P03886,5XTC;5XTD;9CWT,
TPO,P07202,,AF-P07202-F1-model_v4
CASR,P41180,5FBH;5FBK;5K5S,
ERBB2,P04626,1MFG;1MFL;1MW4,
MTNR1A,P48039,6ME2;6ME3;6ME4,
ITGAL,P20701,1CQP;1DGQ;1LFA,
EDNRA,P25101,8HCQ;8XVI;8XVJ,
GABRA3,P34903,9CTP,
QPRT,Q15274,2JBM;4KWV;4KWW,
ALB,P02768,1AO6;1BJ5;1BKE,
HTR2C,P28335,6BQG;6BQH;8DPF,
GRIN3B,O60391,,AF-O60391-F1-model_v4
CA4,P22748,1ZNC;3F7B;3F7U,
SRD5A1,P18405,,AF-P18405-F1-model_v4
GAPDH,P04406,1U8F;1ZNQ;3GPD,
POLA1,P09884,1K0P;1K18;1N5G,
KCNMA1,Q12791,2K44;3MT5;3NAF,
ALDH1A1,P00352,4WB9;4WJ9;4WP7,
NPR1,P16066,8TG9;8TGA;9BCL,
PGR,P06401,1A28;1E3K;1SQN,
IDH3B,O43837,6KDE;6KDF;6KDY,
CHRM2,P08172,3UON;4MQS;4MQT,
GAMT,Q14353,3ORH,
FOLH1,Q04609,1Z8L;2C6C;2C6G,
ADRA2B,P18089,6K41;6K42,
HMGCR,P04035,1DQ8;1DQ9;1DQA,
ADRA1B,P35368,,AF-P35368-F1-model_v4
SQLE,Q14534,6C6N;6C6P;6C6R,
DRD3,P35462,3PBL;7CMU;7CMV,
SRD5A2,P31213,7BW1,
ITGA4,P13612,3V4P;3V4V;4HKC,
AKR1C3,P42330,1RY0;1RY8;1S1P,
BLVRB,P30043,1HDO;1HE2;1HE3,
SLC25A4,P12235,,AF-P12235-F1-model_v4
ALDH3A2,P51648,4QGK,
SLC12A4,Q9UP95,6KKR;6KKT;6KKU,
PTGFR,P43088,8IQ4;8IQ6;8IUK,
TH,P07101,2XSN;4J6S;6ZN2,
ATP4B,P51164,,AF-P51164-F1-model_v4
AKR1C2,P52895,1IHI;1J96;1XJB,
PTPN1,P18031,1A5Y;1AAX;1BZC,
SLC25A6,P12236,,AF-P12236-F1-model_v4
HBB,P68871,1A00;1A01;1A0U,
PDE10A,Q9Y233,2OUN;2OUP;2OUQ,
OPRK1,P41145,4DJH;6B73;6VI4,
BRAF,P15056,1UWH;1UWJ;2FB8,
HCAR2,Q8TDS4,7XK2;7ZL9;7ZLY,
GRIA1,P42261,6X5Q,
GRIN3A,Q8TCU5,8USW;8USX;8UUE,
KCNJ1,P48048,,AF-P48048-F1-model_v4
SLC6A3,Q01959,8VBY;8Y2C;8Y2D,
GSR,P00390,1ALG;1BWC;1DNC,
HTR7,P34969,7XTC,
EPOR,P19235,1CN4;1EBA;1EBP,
HTR1D,P28221,7E32,
RARA,P10276,1DKF;1DSZ;3A9E,
CALY,Q9NYX4,,AF-Q9NYX4-F1-model_v4
NR3C2,P08235,1Y9R;1YA3;2A3I,
KCNQ1,P51787,3BJ4;3HFC;3HFE,
PRKAA1,Q13131,4RED;4RER;4REW,
CACNG1,Q06432,,AF-Q06432-F1-model_v4
PNLIP,P16233,1GPL;1LPA;1LPB,
SHBG,P04278,1D2S;1F5F;1KDK,
THRA,P10827,1NAV;2H77;2H79,
FFAR1,O14842,4PHU;5KW2;5TZR,
FGF1,P05230,1AXM;1DJS;1DZC,
CACNA2D1,P54289,7MIX;7MIY;7UHF,
IDO1,P14902,2D0T;2D0U;4PK5,
ADRB2,P07550,1GQ4;2R4R;2R4S,
FKBP1A,P62942,1A7X;1B6C;1BKF,
FPGS,Q05932,,AF-Q05932-F1-model_v4
ACACB,O00763,2DN8;2HJW;2KCC,
TNF,P01375,1A8M;1TNF;2AZ5,
CYSLTR1,Q9Y271,6RZ4;6RZ5,
RXRG,P48443,2GL8;7A79,
KCNJ11,Q14654,6C3O;6C3P;7S5T,
SLC25A5,P05141,,AF-P05141-F1-model_v4
VKORC1,Q9BQB6,6WV3;6WV4;6WV5,
CKM,P06732,1I0E;7BF2,
ADRA1D,P25100,,AF-P25100-F1-model_v4
PLAUR,Q03405,1YWH;2FD6;2I9B,
IMPDH2,P12268,1B3O;1NF7;1NFB,
CYP11B1,P15538,6M7X;7E7F,
ATP1A1,P05023,7E1Z;7E20;7E21,
MTR,Q99707,2O2K;4CCZ,
HMOX1,P09601,1N3U;1N45;1NI6,
TSPO,P30536,,AF-P30536-F1-model_v4
CHRNA2,Q15822,5FJV,
RYR1,P21817,6UHI;6UHS,
BLVRA,P53004,2H63,
TOP2A,P11388,1ZXM;1ZXN;4FM9,
GLRA2,P23416,5BKF;5BKG;7KUY,
AKR1B1,P15121,1ABN;1ADS;1AZ1,
FGFR2,P21802,1DJS;1E0O;1EV2,
SLC6A4,P31645,5I6X;5I6Z;5I71,
PAH,P00439,1DMW;1J8T;1J8U,
DRD2,P14416,5AER;6CM4;6LUQ,
TBXA2R,P21731,8XJN;8XJO,
GRIN2A,Q12879,3NFL;5H8F;5H8H,
IMPDH1,P20839,1JCN;7RER;7RES,
GABRA6,Q16445,,AF-Q16445-F1-model_v4
CLCN2,P51788,7XF5;7XJA;8GQU,
EGFR,P00533,1IVO;1M14;1M17,
OPRM1,P35372,8EF5;8EF6;8EFB,
IDH3G,P51553,5GRE;5GRF;5GRH,
AVPR1B,P47901,,AF-P47901-F1-model_v4
FDPS,P14324,1YQ7;1YV5;1ZW5,
MMUT,P22033,2XIJ;2XIQ;3BIC,
VDR,P11473,1DB1;1IE8;1IE9,
MDH2,P40926,2DFD;4WLE;4WLF,
KCNA1,Q09470,,AF-Q09470-F1-model_v4
NNMT,P40261,2IIP;3ROD;5YJF,
ABCC1,P33527,2CBZ;4C3Z;8VT4,
ESR2,Q92731,1L2J;1NDE;1QKM,
NR3C1,P04150,1M2Z;1NHZ;1P93,
GABRA1,P14867,6CDU;6D1S;6D6T,
HTR1B,P28222,4IAQ;4IAR;5V54,
NPC1L1,Q9UHC9,3QNT;7DF8;7DFW,
GRIA2,P42262,2WJW;2WJX;2XHD,
GRIA4,P48058,,AF-P48058-F1-model_v4
GRIA3,P42263,,AF-P42263-F1-model_v4
HCAR3,P49019,8IHJ;8IHK;8JEF,
MGAM,O43451,2QLY;2QMJ;3CTT,
SRC,P12931,1A07;1A08;1A09,
FYN,P06241,1A0N;1AOT;1AOU,
YES1,P07947,2HDA,
EPHA2,P29317,1MQB;2E8N;2K9Y,
LCK,P06239,1BHF;1BHH;1CWD,
OXTR,P30559,6TPK;7QVM;7RYC,
BHMT,Q93088,1LT7;1LT8;4M3P,
MC2R,Q01718,8GY7;9K3L,
CHRNA4,P43681,2LLY;5KXI;6CNJ,
CHRNB2,P17787,2K58;2K59;2KSR,
PDGFRA,P16234,1GQ5;5GRN;5K5X,
CSF1R,P07333,2I0V;2I0Y;2I1M,
DPP4,P27487,1J2E;1N1M;1NU6,
C5,P01031,1CFA;1KJS;1XWE,
GLP1R,P43220,3C59;3C5T;3IOL,
RAMP1,O60894,2YX8;3N7P;3N7R,
RAMP2,O60895,2XVT;3AQE;3AQF,
RAMP3,O60896,6UUS;6UVA;7TZF,
CACNA1H,O95180,9AYG;9AYH;9AYJ,
CARTPT,Q16568,1HY9,
MAP2K1,Q02750,1S9J;2P55;3DV3,
GAA,P10253,5KZW;5KZX;5NN3,
SLC22A11,Q9NSA0,8WJH;9M9Y;9U5A,
HDAC9,Q9UKV0,8Q9N;8Q9R,
GART,P22102,1MEJ;1MEN;1MEO,
FADS1,O60427,,AF-O60427-F1-model_v4
DNMT1,P26358,3EPZ;3PTA;3SWR,
ALPG,P10696,,AF-P10696-F1-model_v4
PRDX5,P30044,1H4O;1HD2;1OC3,
CCR5,P51681,2L87;2MZX;2RLL,
NEU1,Q99519,,AF-Q99519-F1-model_v4
MET,P08581,1FYR;1R0P;1R1W,
CXCR4,P61073,2K03;2K04;2K05,
MAPK1,P28482,1PME;1TVO;1WZY,
ADORA2A,P29274,2YDO;2YDV;3EML,
F2R,P25116,1NRN;1NRO;1NRP,
PROS1,P07225,1Z6C,
HTR6,P50406,7XTB;7YS6;8JLZ,
EGF,P01133,1IVO;1JL9;1NQL,
NR1I2,O75469,1ILG;1ILH;1M13,
DPYD,Q12882,,AF-Q12882-F1-model_v4
CXCL8,P10145,1ICW;1IKL;1IKM,
MMP13,P45452,1EUB;1FLS;1FM1,
HRH3,Q9Y5N1,7F61;8YN5;8YN6,
TOP1,P11387,1A31;1A35;1A36,
IL12B,P29460,1F42;1F45;3D85,
ACE2,Q9BYF1,1R42;1R4L;2AJF,
TGFB1,P01137,1KLA;1KLC;1KLD,
SLC8A1,P32418,8JP0;8SGI;8SGJ,
TPMT,P51580,2BZG;2H11,
SV2A,Q7L0J3,4V11;8JLC;8JLE,
LTF,P02788,1B0L;1BKA;1CB6,
FPR1,P21462,7EUO;7T6T;7VFX,
NPR2,P20594,,AF-P20594-F1-model_v4
AOC3,Q16853,1PU4;1US1;2C10,
PPARD,Q03181,1GWX;1Y0S;2AWH,
ADRB3,P13945,9IJD;9IJE,
PPIA,P62937,1AK4;1AWQ;1AWR,
FGF2,P09038,1BAS;1BFB;1BFC,
ROCK1,Q13464,1S1C;2ESM;2ETK,
TRPV1,Q8NER1,6L93;8GF8;8GF9,
TNNC1,P63316,1AP4;1IH0;1J1D,
CCND1,P24385,2W96;2W99;2W9F,
KCNJ3,P48549,,AF-P48549-F1-model_v4
FECH,P22830,1HRK;2HRC;2HRE,
TGM2,P21980,1KV3;2Q3Z;3LY6,
NTRK1,P04629,1HE7;1SHC;1WWA,
JUN,P05412,1A02;1FOS;1JNM,
TAAR1,Q96RJ0,8JLN;8JLO;8JLP,
SLC46A1,Q96NT5,,AF-Q96NT5-F1-model_v4
IL1B,P01584,1HIB;1I1B;1IOB,
GCH1,P30793,1FB1;6Z80;6Z85,
MAPK3,P27361,2ZOQ;4QTB;6GES,
SLC22A6,Q4U2R8,9J02;9J04;9J06,
ABCG2,Q9UNQ0,5NJ3;5NJG;6ETI,
ABCC2,Q92887,8IZQ;8IZR;8JX7,
SST,P61278,2MI1;7T10;7WIC,
ICAM1,P05362,1D3E;1D3I;1D3L,
NFKB1,P19838,1MDI;1MDJ;1MDK,
PLAT,P00750,1A5H;1BDA;1PK2,
G6PD,P11413,1QKI;2BH9;2BHL,
NT5E,P21589,4H1S;4H1Y;4H2B,
MAPK10,P53779,1JNK;1PMN;1PMU,
MAP2,P11137,,AF-P11137-F1-model_v4
CD44,P16070,1POZ;1UUH;2I83,
HSP90AA1,P07900,1BYQ;1OSF;1UY6,
TRPA1,O75762,3J9P;6HC8;6PQO,
KCNJ12,Q14500,,AF-Q14500-F1-model_v4
PRKCA,P17252,2ELI;3IW4;4DNL,
PDE4A,P27815,2QYK;3I8V;3TVX,
SCN9A,Q15858,5EK0;6J8G;6J8H,
DPEP1,P16444,1ITQ;1ITU,
IKBKB,O14920,3BRT;3BRV;4E3C,
ITGB3,P05106,1JV2;1KUP;1KUZ,
XIAP,P98170,1C9Q;1F9X;1G3F,
CCKBR,P32239,1L4T;7F8V;7F8W,
PROCR,Q9UNN8,1L8J;1LQV;3JTC,
CASP3,P42574,1CP3;1GFW;1I3O,
TLR2,O60603,1FYW;1FYX;1O77,
HPGDS,O60760,1IYH;1IYI;1V40,
MAP1A,P78559,,AF-P78559-F1-model_v4
ANXA2,P07355,1W7B;1XJL;2HYU,
TLR9,Q9NR96,8AR3;9L48;9L49,
AKT2,P31751,1GZK;1GZN;1GZO,
SI,P14410,3LPO;3LPP,
IDE,P14735,2G47;2G48;2G49,
NQO1,P15559,1D4A;1DXO;1GG5,
TRPM8,Q7Z2W7,8BDC,
GRM5,P41594,3LMK;4OO9;5CGC,
FABP4,P15090,1TOU;1TOW;2HNX,
CFTR,P13569,1XMI;1XMJ;2BBO,
FGFR4,P22455,4QQ5;4QQC;4QQJ,
SLC29A1,Q99808,6OB6;6OB7;8TZI,
CAT,P04040,1DGB;1DGF;1DGG,
ATIC,P31939,1P4R;1PKX;1PL0,
BST1,Q10588,1ISF;1ISG;1ISH,
IDH1,O75874,1T09;1T0L;3INM,
TK1,P04183,1W4R;1XBT;2ORV,
BTK,Q06187,1AWW;1AWX;1B55,
PDE4D,Q08499,1E9K;1MKD;1OYN,
PIK3CG,P48736,1E8Y;1E8Z;1HE8,
SYK,P43405,1A81;1CSY;1CSZ,
TUBA1A,Q71U36,5JCO;6J8F;6WSL,
ITK,Q08881,1SM2;1SNU;1SNX,
TUBB4B,P68371,7UN1;7UNG;8J07,
TUBA4A,P68366,,AF-P68366-F1-model_v4
PPIF,P30405,2BIT;2BIU;2Z6W,
TUBB3,Q13509,5IJ0;5IJ9;5JCO,
HCK,P08631,1AD5;1BU1;1QCF,
METAP2,P50579,1B59;1B6A;1BN5,
NR1H2,P55055,1P8D;1PQ6;1PQ9,
PLA2G2A,P14555,1AYP;1BBC;1DB4,
CA12,O43570,1JCZ;1JD0;4HT2,
CFB,P00751,1DLE;1Q0P;1RRK,
RAB9A,P51151,1WMS;7E1T,
PARP1,P09874,1UK0;1UK1;1WOK,
PRSS1,P07477,1FXY;1TRN;2RA3,
NR1H4,Q96RI1,1OSH;3BEJ;3DCT,
FABP7,O15540,1FDQ;1FE3;1JJX,
CFD,P00746,1BIO;1DFP;1DIC,
TXNRD1,Q16881,2CFY;2J3N;2ZZ0,
FABP5,Q01469,1B56;1JJJ;4AZM,
SCN2A,Q99250,2KAV;4JPZ;4RLY,
SCN3A,Q9NY46,7W77;7W7F,
SCN4A,P35499,6AGF;6MBA;6MC9,
SCN8A,Q9UQD0,8FHD;8GZ1;8GZ2,
ESRRG,P62508,1KV6;1TFC;1VJB,
COMT,P21964,3A7E;3BWM;3BWY,
CYP19A1,P11511,3EQM;3S79;3S7S,
FGFR1,P11362,1AGW;1CVS;1EVT,
FGFR3,P22607,1RY7;2LZL;4K33,
PPP3R2,Q96LZ3,,AF-Q96LZ3-F1-model_v4
SSTR5,P35346,8X8L;8X8N;8ZBE,
DDC,P20711,3RBF;3RBL;3RCH,
BCHE,P06276,1P0I;1P0M;1P0P,
TYMP,P19971,1UOU;2J0F;2WK5,
MAOB,P27338,1GOS;1OJ9;1OJA,
MAOA,P21397,2BXR;2BXS;2Z5X,
PDF,Q9HBH1,3G5K;3G5P,
XDH,P47989,2CKJ;2E1Q,
EGLN2,Q96KS0,5V1B,
CDK6,Q00534,1BI7;1BI8;1BLX,
ADA,P00813,3IAR;7RTG,
CDK4,P11802,2W96;2W99;2W9F,
EGLN1,Q9GZT9,2G19;2G1M;2HBT,
EGLN3,Q9H6Z9,,AF-Q9H6Z9-F1-model_v4
CACNA1B,Q00975,2LCM;7MIX;7MIY,
FADS2,O95864,,AF-O95864-F1-model_v4
SDHD,O14521,8GS8,
VKORC1L1,Q8N0U8,,AF-Q8N0U8-F1-model_v4
GABBR2,O75899,4F11;4F12;4MQE,
CHRNA7,P36544,2MAW;5AFH;5AFJ,
GABRB1,P18505,9CTV;9CXB;9CXD,
GABRB3,P28472,4COF;5O8F;5OJM,
GABRB2,P47870,6D6T;6D6U;6X3S,
PSMB1,P20618,4R3O;4R67;5A0Q,
PSMB5,P28074,4R3O;4R67;5A0Q,
PSMB2,P49721,4R3O;4R67;5A0Q,
PDE4C,Q08493,2QYM,
CACNB2,Q08289,8HLP;8HMA;8HMB,
CACNA1S,Q13698,2VAY;6B27,
CACNB4,O00305,2D46,
CACNA1F,O60840,,AF-O60840-F1-model_v4
CACNB3,P54284,7MIX;7MIY;7UHF,
CACNA1D,Q01668,3LV3;7UHF;7UHG,
CYP3A5,P20815,5VEU;6MJM;7LAD,
CYP2D6,P10635,2F9Q;3QM4;3TBG,
HDAC1,Q13547,4BKX;5ICN;6Z2J,
HDAC2,Q92769,3MAX;4LXZ;4LY1,
HDAC3,O15379,4A69,
HDAC6,Q9UBN7,3C5K;3GV4;3PHD,
TACR3,P29371,8JBF;8JBG;8JBH,
FNTB,P49356,1JCQ;1LD7;1LD8,
FNTA,P49354,1JCQ;1LD7;1LD8,
PTGER3,P43115,6AK3;6M9T;7WU9,
PIK3CA,P42336,2ENQ;2RD0;3HHM,
MTOR,P42345,1AUE;1FAP;1NSG,
NFKB2,Q00653,1A3Q;2D96;3DO7,
CACNA2D2,Q9NY47,,AF-Q9NY47-F1-model_v4
KCNQ3,O43525,5J03,
RPSA,P08865,3BCH;4UG0;4V5Z,
PIK3CD,O00329,5DXU;5M6U;5T8F,
JAK2,O60674,2B7A;2W1I;2XA4,
RET,P07949,2IVS;2IVT;2IVU,
PRKCD,Q05655,1YRK;2YUU,
GLA,P06280,1R46;1R47;3GXN,
TOP2B,Q02880,3QX3;4G0U;4G0V,
S1PR5,Q9H228,7EW1;7YXA,
HNMT,P50135,1JQD;1JQE;2AOT,
CA9,Q16790,2HKF;3IAI;5DVX,
KLKB1,P03952,2ANW;2ANY;4OGX,
KCNJ8,Q15842,,AF-Q15842-F1-model_v4
TLR4,O00206,2Z62;2Z63;2Z65,
CDA,P32320,1MQ0,
MC1R,Q01726,7F4D;7F4F;7F4H,
TERT,O14746,2BCK;4B18;4MNQ,
RRM2,P31350,2UW2;3OLJ;3VPM,
SERPING1,P05155,2OAY;5DU3;5DUQ,
CYP3A4,P08684,1TQN;1W0E;1W0F,
AMY2A,P04746,1B2Y;1BSI;1CPU,
CES1,P23141,1MX1;1MX5;1MX9,
CYP2C9,P11712,1OG2;1OG5;1R9O,
DCK,P27707,1P5Z;1P60;1P61,
ANXA3,P12429,1AII;1AXN,
CYP2A6,P11509,1Z10;1Z11;2FDU,
CAPN1,P07384,1ZCM;2ARY;7W7O,
TEK,Q02763,1FVR;2GY5;2GY7,
GHSR,Q92847,6KO5;7F83;7F9Y,
MAPK11,Q15759,3GC8;3GC9;3GP0,
APP,P05067,1AAP;1AMB;1AMC,
TUBB2A,Q13885,7NVN;8V3O;8V3P,
FOLR1,P15328,4KM6;4KM7;4KMX,
APH1A,Q96BI3,5A63;5FN2;5FN3,
PSENEN,Q9NZ42,5A63;5FN2;5FN3,
TRPV3,Q8NET8,6H9J;6HA6;6MHO,
PRKCE,Q02156,2WH0;5LIH,
MPL,P40238,8G04,
STAT3,P40763,5AX3;5U5S;6NJS,
MAPT,P10636,1I8H;2MZ7;2ON9,
NPY,P01303,1QFA;1RON;7RTA,
JAK3,P52333,1YVJ;3LXK;3LXL,
GUCY2C,P25092,8FX4;8GHO;8GHP,
MCL1,Q07820,2KBW;2MHS;2NL9,
CSNK1E,P49674,4HNI;4HOK,
TNFSF11,O14788,3URF;5BNQ,
PTGER4,P35408,5YHL;5YWY;7D7M,
SSTR2,P30874,7T10;7T11;7UL5,
SSTR3,P32745,8XIQ;8XIR;8ZBI,
CYP11A1,P05108,3N9Y;3N9Z;3NA0,
AOX1,Q06278,4UHW;4UHX;5EPG,
CYP11B2,P19099,4DVQ;4FDH;4ZGX,
ALPL,P05186,7YIV;7YIW;7YIX,
CXCR1,P25024,1ILP;1ILQ;2LNL,
PTGDR2,Q9Y5Y4,6D26;6D27;7M8W,
PTPRS,Q13332,2FH7;2YD2;2YD3,
GGPS1,O95749,2Q80;6C56;6C57,
ITGAV,P06756,1JV2;1L5G;1M1X,
GUCY1A2,P33402,,AF-P33402-F1-model_v4
NISCH,Q9Y2I1,3P0C;8ESF,
KCNK3,O14649,6RV2;6RV3;6RV4,
KCNK9,Q9NPC2,3P1N;3P1O;3P1P,
CHRNB4,P30926,6PV7;6PV8;8ZRN,
CHRNA3,P32297,4ZK4;5SYO;5TVC,
GABRG2,P18507,6D6T;6D6U;6HUG,
GABRG3,Q99928,,AF-Q99928-F1-model_v4
GABRD,O14764,7QN5;7QN6;7QN7,
KCND2,Q9NZV8,7E7Z;7E83;7E84,
KCND3,Q9UK17,1S1G;2NZ0;7W3Y,
NTRK2,Q16620,1HCF;1WWB;2MFQ,
AKR1D1,P51857,3BUR;3BUV;3BV7,
CYP3A7,P24462,7MK8;8GK3,
RRM2B,Q7LG56,2VUX;3HF1;4DJN,
POLE,Q07864,5VBN;7PFO;7PLO,
POLE2,P56282,2V6Z;5VBN;7PFO,
POLE4,Q9NR33,,AF-Q9NR33-F1-model_v4
POLE3,Q9NRF9,,AF-Q9NRF9-F1-model_v4
LIPF,P07098,1HLG,
CA3,P07451,1Z93;1Z97;2HFW,
CA6,P23280,3FE4,
CA7,P43166,3MDZ;3ML5;6G4T,
CA14,Q9ULX7,4LU3;5CJF,
SCN1B,Q07699,6AGF;6J8G;6J8H,
SCN2B,O60939,5FDY;5FEB;6J8E,
SCN3B,Q9NY72,4L1D;7TJ8;7TJ9,
SCN4B,Q8IWT1,4MZ2;4MZ3;5XAW,
SLC10A2,Q12908,,AF-Q12908-F1-model_v4
SLC10A1,Q14973,7FCI;7PQG;7PQQ,
SLC22A8,Q8TCC7,,AF-Q8TCC7-F1-model_v4
SLCO4C1,Q6ZQN7,,AF-Q6ZQN7-F1-model_v4
SLC47A1,Q96FL8,,AF-Q96FL8-F1-model_v4
TUBD1,Q9UJT1,,AF-Q9UJT1-F1-model_v4
TUBE1,Q9UJT0,,AF-Q9UJT0-F1-model_v4
TUBG1,P23258,1Z5V;1Z5W;3CB2,
AHR,P35869,5NJ8;7ZUB;8QMO,
ESRRA,P11474,1XB7;2PJL;3D24,
TPSAB1,Q15661,1LTO;2F9N;2F9O,
CELA1,Q9UNI1,,AF-Q9UNI1-F1-model_v4
MAPK9,P45984,3E7O;3NPC;7CML,
MAPK8,P45983,1UKH;1UKI;2G01,
PARP2,Q9UGN5,3KCZ;3KJD;4PJV,
PPP1CA,P62136,3E7A;3E7B;3EGG,
RPL10L,Q96L21,4UG0;4V6X;5LKS,
RPL3,P39023,4UG0;4V6X;5AJ0,
PDK1,Q15118,2Q8F;2Q8G;2Q8H,
ETFDH,Q16134,,AF-Q16134-F1-model_v4
PLA2G1B,P04054,3ELO;6Q42,
FABP1,P07148,2F73;2L67;2L68,
SLK,Q9H2G2,2J51;2JFL;2JFM,
PARP3,Q9Y6F1,2EOC;3C49;3C4H,
KRAS,P01116,1D8D;1D8E;1KZO,
JAK1,P23458,3EYG;3EYH;4E4L,
TYK2,P29597,3LXN;3LXP;3NYX,
ANXA5,P08758,1ANW;1ANX;1AVH,
ROCK2,O75116,4L6Q;4WOT;5U7Q,
PPP3CA,Q08209,1AUI;1M63;1MF8,
MYH7,P12883,2FXM;2FXO;3DTP,
LYN,P07948,1W1F;1WA7;3A4O,
CAMK2G,Q13555,2UX0;2V7O,
KCNN1,Q92952,,AF-Q92952-F1-model_v4
KCNN2,Q9H2S1,5V02;5WBX;5WC5,
KCNN3,Q9UGI6,,AF-Q9UGI6-F1-model_v4
KCNA4,P22459,,AF-P22459-F1-model_v4
CEL,P19835,1F6W;1JMY;6H0T,
ATP6V1C1,P21283,6WM2;6WM3;6WM4,
IDH2,P48735,4JA8;5GIS;5I95,
TRPM7,Q96QT4,,AF-Q96QT4-F1-model_v4
TK2,O00142,,AF-O00142-F1-model_v4
SMO,Q99835,4JKV;4N4W;4O9R,
KRT12,Q99456,,AF-Q99456-F1-model_v4
CHRNA1,P02708,4ZJS;5HBT;9DMG,
CPS1,P31327,2YVQ;4UTR;4UTV,
F12,P00748,4BDW;4BDX;4XDE,
SLC18A1,P54219,8TGG;8TGH;8TGI,
HTR5A,P47898,7UM4;7UM5;7UM6,
GANAB,Q14697,8D43;8EMR,
GANC,Q8TET4,,AF-Q8TET4-F1-model_v4
HMMR,O75330,,AF-O75330-F1-model_v4
SLC19A1,P41440,7TX6;7TX7;7XPZ,
KCNA2,P16389,,AF-P16389-F1-model_v4
KCNA3,P22001,4BGC;7EJ1;7EJ2,
KCNA5,P22460,,AF-P22460-F1-model_v4
KCNA6,P17658,,AF-P17658-F1-model_v4
KCNA7,Q96RP8,,AF-Q96RP8-F1-model_v4
KCNA10,Q16322,,AF-Q16322-F1-model_v4
KCNB1,Q14721,7RE5;7SPD;9O10,
KCNB2,Q92953,,AF-Q92953-F1-model_v4
KCNC1,P48547,7PHH;7PHI;7PHK,
KCNC2,Q96PR1,,AF-Q96PR1-F1-model_v4
KCNC3,Q14003,,AF-Q14003-F1-model_v4
KCND1,Q9NSA2,,AF-Q9NSA2-F1-model_v4
SPHK1,Q9NYA1,3VZB;3VZC;3VZD,
SLC6A11,P48066,9CP4;9CP5,
PSMB9,P28065,6AVO;6E5B;7AWE,
PSMB10,P40306,6AVO;6E5B;6HV3,
PSMB8,P28062,5L5A;5L5B;5L5D,
DDR2,Q16832,2WUH;2Z4F;6FER,
FRK,P42685,,AF-P42685-F1-model_v4
BCR,P11274,1K1F;2AIN;5N6R,
MAP2K2,P36507,1S9I;4H3Q,
MAP3K2,Q9Y2U5,2CU1;2NPT;5EX0,
ANO1,Q5XXA6,,AF-Q5XXA6-F1-model_v4
SLC5A2,P31639,7VSI;7YNJ;7YNK,
SLC5A1,P13866,7SL8;7SLA;7WMV,
CRBN,Q96SW2,4M91;4TZ4;5FQD,
KEAP1,Q14145,1U6D;1ZGK;2FLU,
LIMK1,P53667,3S95;5HVJ;5HVK,
SLC7A7,Q9UM01,8XXI;8XYJ;8YLP,
ERBB4,Q15303,2AHX;2L2T;2LCX,
SLC22A12,Q96S37,8WJG;8WJQ;9B1F,
GABRE,P78334,,AF-P78334-F1-model_v4
GABRG1,Q8N1C3,,AF-Q8N1C3-F1-model_v4
GABRP,O00591,8VSZ;8VV0,
GABRQ,Q9UN88,,AF-Q9UN88-F1-model_v4
TFRC,P02786,1CX8;1DE4;1SUV,
TFR2,Q9UP52,,AF-Q9UP52-F1-model_v4
GRIN2C,Q14957,8E92;8E93;8E94,
HTR3B,O95264,,AF-O95264-F1-model_v4
HTR3C,Q8WXA8,,AF-Q8WXA8-F1-model_v4
HTR3D,Q70Z44,,AF-Q70Z44-F1-model_v4
HTR3E,A5X5Y0,,AF-A5X5Y0-F1-model_v4
ORM1,P02763,3KQ0,
ORM2,P19652,3APU;3APV;3APW,
PRKCB,P05771,2I0E;8SE1;8SE2,
PRKCG,P05129,2E73;2UZP,
PRKCI,P41743,1VD2;1WMH;1ZRZ,
PRKCQ,Q04759,1XJD;2ENJ;2ENN,
PRKCZ,Q05513,,AF-Q05513-F1-model_v4
SCN7A,Q01118,7TJ8;7TJ9,
CACNG2,Q9Y698,6DLZ;6DM0;6DM1,
CACNG3,O60359,,AF-O60359-F1-model_v4
CACNG4,Q9UBN1,,AF-Q9UBN1-F1-model_v4
CACNG5,Q9UF02,,AF-Q9UF02-F1-model_v4
CACNG6,Q9BXT2,,AF-Q9BXT2-F1-model_v4
CACNG7,P62955,,AF-P62955-F1-model_v4
CACNG8,Q8WXS5,,AF-Q8WXS5-F1-model_v4
CACNA2D3,Q8IZS8,,AF-Q8IZS8-F1-model_v4
CACNA2D4,Q7Z3S7,,AF-Q7Z3S7-F1-model_v4
CACNA1E,Q15878,3BXL;7XLQ;7YG5,
KCNJ10,P78508,,AF-P78508-F1-model_v4
KCNJ14,Q9UNX9,,AF-Q9UNX9-F1-model_v4
KCNJ15,Q99712,,AF-Q99712-F1-model_v4
KCNMB1,Q16558,,AF-Q16558-F1-model_v4
KCNMB2,Q9Y691,1JO6,
KCNMB3,Q9NPA1,,AF-Q9NPA1-F1-model_v4
KCNMB4,Q86W47,5Y7L;6V22;6V35,
PRKAA2,P54646,2H6D;2LTU;2YZA,
PRKAB2,O43741,2F15;2V8Q;2V92,
PRKAG1,P54619,2UV4;2UV5;2UV6,
PRKAG2,Q9UGJ0,,AF-Q9UGJ0-F1-model_v4
PRKAG3,Q9UGI9,,AF-Q9UGI9-F1-model_v4
MYLK2,Q9H1R3,2LV6;3KF9,
ATP1B1,P05026,7E1Z;7E20;7E21,
ESRRB,O95718,1LO1;6LIT;6LN4,
ATP1B2,P14415,,AF-P14415-F1-model_v4
ATP1B3,P54709,,AF-P54709-F1-model_v4
ATP1A2,P50993,,AF-P50993-F1-model_v4
ATP1A3,P13637,8D3U;8D3V;8D3W,
RYR2,Q92736,4JKQ;6Y4O;6Y4P,
CNGA1,P29973,7LFT;7LFW;7LFX,
FGR,P09769,7JT9;7UY0;7UY3,
RELA,Q04206,1NFI;2LSP;2O61,
PTAFR,P25105,5ZKP;5ZKQ;8XYD,
,Q9UE69,,AF-Q9UE69-F1-model_v4
GPBAR1,Q8TDU6,7BW0;7CFM;7CFN,
P2RX4,Q99571,9BQH;9BQI;9C48,
DPYSL2,Q16555,2GSE;2VM8;5LXX,
HCRTR1,O43613,4ZJ8;4ZJC;6TO7,
HCRTR2,O43614,4S0V;5WQC;5WS3,
S1PR1,P21453,3V2W;3V2Y;7EO2,
CRHR1,P34998,2L27;3EHS;3EHT,
TRHR,P34981,7WKD;7X1T;7X1U,
HDAC11,Q96DB2,,AF-Q96DB2-F1-model_v4
HDAC4,P56524,2H8N;2O94;2VQJ,
HDAC5,Q9UQL6,5UWI;8Q9P,
HDAC7,Q8WUI4,3C0Y;3C0Z;3C10,
HDAC8,Q9BY41,1T64;1T67;1T69,
HDAC10,Q969S8,,AF-Q969S8-F1-model_v4
CALM2,P0DP24,3O77;3O78;5COC,
CALM3,P0DP25,5COC;5J03;6K67,
DGAT2,Q96PD7,,AF-Q96PD7-F1-model_v4
ANXA4,P09525,2ZOC;9GA6;9GA7,
KLK3,P07288,2ZCH;2ZCK;2ZCL,
CALCRL,Q16602,3AQF;3N7P;3N7R,
PCNA,P12004,1AXC;1U76;1U7B,
KRT2,P35908,,AF-P35908-F1-model_v4
TRPV4,Q9HBA0,4DX1;4DX2;7AA5,
SSTR4,P31391,7XMS;7XMT,
NOD2,Q9HC29,,AF-Q9HC29-F1-model_v4
DIO3,P55073,,AF-P55073-F1-model_v4
SLC5A5,Q92911,,AF-Q92911-F1-model_v4
TEC,P42680,2LUL,
STK36,Q9NRP7,,AF-Q9NRP7-F1-model_v4
TXK,P42681,2DM0,
AXL,P30530,2C5D;4RA0;5U6B,
BMX,P51813,2EKX;2YS2;3SXR,
GSK3A,P49840,7SXF;7SXG,
LIMK2,P53671,1X6A;4TPT;5NXD,
MST1R,Q04912,3PLS;4FWW;4QT8,
NTRK3,Q16288,1WWC;3V5Q;4YMJ,
ROS1,P08922,3ZBF;4UXL;7Z5W,
GAST,P01350,5WRJ;7F8V;7F8W,
EZH2,Q15910,4MI0;4MI5;5GSA,
SRD5A3,Q9H8P0,,AF-Q9H8P0-F1-model_v4
KCNH6,Q9H252,,AF-Q9H252-F1-model_v4
KCNH7,Q9NS40,6Y7Q,
KCNJ2,P63252,6SPZ;7ZDZ;8QQL,
KCNJ4,P48050,3GJ9,
AQP3,Q92482,,AF-Q92482-F1-model_v4
EPAS1,Q99814,1P97;2A24;3F1N,
MC4R,P32245,6W25;7AUE;7F53,
XPO1,O14980,1W9C;2L1L;3GB8,
PDE4,Q86V67,,AF-Q86V67-F1-model_v4
PGA5,P0DJD9,,AF-P0DJD9-F1-model_v4
SLC9A3,P48764,7X2U,
PDE3B,Q13370,1SO2;1SOJ;8SYC,
PDE1B,Q01064,1TAZ;4NPV;4NPW,
GRIK2,Q13002,3QXM;5CMM,
GRIK3,Q13003,,AF-Q13003-F1-model_v4
GRIK4,Q16099,,AF-Q16099-F1-model_v4
GRIK5,Q16478,,AF-Q16478-F1-model_v4
DMD,P11532,1DXX;1EG3;1EG4,
P2RX3,P56373,5SVJ;5SVK;5SVL,
DIO1,P49895,,AF-P49895-F1-model_v4
ACLY,P53396,3MWD;3MWE;3PFF,
SLC23A2,Q9UGH3,,AF-Q9UGH3-F1-model_v4
S1PR3,Q99500,7C4S;7EW2;7EW3,
S1PR4,O95977,2DCO,
TMPRSS2,O15393,7MEQ;7XYD;7Y0E,
CHRNA5,P30532,,AF-P30532-F1-model_v4
CHRNA6,Q15825,8ZRN;8ZRP,
CHRNA9,Q9UGM1,4D01;4UXU;4UY2,
CHRNB3,Q05901,8A5U,
CA13,Q8N1Q1,3CZV;3D0N;3DA2,
CA5A,P35218,,AF-P35218-F1-model_v4
CA5B,Q9Y2D0,,AF-Q9Y2D0-F1-model_v4
CCDC51,Q96ER9,,AF-Q96ER9-F1-model_v4
ATP2B1,P20020,6A69,
ATP2B2,Q01814,,AF-Q01814-F1-model_v4
ATP2B3,Q16720,,AF-Q16720-F1-model_v4
ATP2B4,P23634,1CFF;2KNE,
SLC38A1,Q9H2H9,,AF-Q9H2H9-F1-model_v4
SLC38A2,Q96QD8,,AF-Q96QD8-F1-model_v4
SLC38A3,Q99624,,AF-Q99624-F1-model_v4
SLC38A4,Q969I6,,AF-Q969I6-F1-model_v4
ATP2C2,O75185,,AF-O75185-F1-model_v4
ATP2A1,O14983,,AF-O14983-F1-model_v4
ATP2A2,P16615,5ZTF;6JJU;6LLE,
DNMT3B,Q9UBC3,3FLG;3QKJ;5CIU,
GUCY1B1,Q02153,2WZ1;3UVJ;4NI2,
LYVE1,Q9Y5Y7,8OS2;8OXD,
ATP1A4,Q13733,8ZYJ,
GUCY1A1,Q02108,3UVJ;4NI2;6JT0,
GUCY1B2,O75343,,AF-O75343-F1-model_v4
C5AR1,P21730,2K3U;5O9H;6C1Q,
NFE2L2,Q16236,2FLU;2LZ1;3ZGC,
MAP2K4,P45985,3ALN;3ALO;3VUT,
PRIM1,P49642,4BPU;4BPW;4BPX,
MEN1,O00255,3U84;3U85;3U86,
TNFSF10,P50591,1D0G;1D2Q;1D4V,
AKT3,Q9Y243,2X18;8ZXW,
CXCR2,P25025,4Q3H;5TYT;6KVA,
GNRH1,P01148,4D5M;9U4W,
POLQ,O75417,4X0P;4X0Q;5A9F,
REL,Q04864,,AF-Q04864-F1-model_v4
POLG,P54098,3IKM;4ZTU;4ZTZ,
POLG2,Q9UHN1,2G4C;3IKL;3IKM,
PSEN1,P49768,2KR6;4UIS;5A63,
MOCS1,Q9NZB8,,AF-Q9NZB8-F1-model_v4
PSEN2,P49810,7Y5X;7Y5Z,
EEF2K,O00418,5J8H;5KS5;6NX4,
CALM1,P0DP23,1CDL;1CLL;1CTR,
CAPN2,P17655,1KFU;1KFX;2NQA,
POLD1,P28340,6S1M;6S1N;6S1O,
PPOX,P50336,3NKS;4IVM;4IVO,
GUCY2D,Q02846,,AF-Q02846-F1-model_v4
RELB,Q01201,8G8R,
LIPE,Q05469,8ZVQ,
CNGA2,Q16280,,AF-Q16280-F1-model_v4
ACKR1,Q16570,4NUU;4NUV;7P93,
POLN,Q7Z5Q5,4XVI;4XVK;4XVL,
APH1B,Q8WW43,8OQY;8OQZ,
CPT1B,Q92523,,AF-Q92523-F1-model_v4
NCSTN,Q92542,2N7Q;2N7R;4UIS,
POLD4,Q9HCU8,6HVO;6S1M;6S1N,
MRM2,Q9UI43,2NYU;7O9K;7O9M,
TIRAP,P55985,,AF-P55985-F1-model_v4
SLC11A1,P49279,9F6P;9F6Q,
HP,P00738,4WJG;4X0L;5HU6,
ABCD3,P28288,8Z0F;8Z9X,
HSD17B5,P51660,,AF-P51660-F1-model_v4
