PathwayID,PathwayName,NumGenes,GeneSymbols,GeneIndices
hsa05200,Pathways in cancer - Homo sapiens (human),155,ADCY2;ADCY5;AGT;AGTR1;AKT1;ALK;APC;BBC3;BCL2;BCL2L1;BIRC2;BIRC3;BMP2;BMP4;BRAF;BRCA2;CASP3;CASP7;CBL;CCND1;CCNE1;CDK6;CDKN2A;CDKN2B;COL4A1;COL4A2;CRKL;CTNNA2;CTNNA3;CTNNB1;CXCL12;CXCL8;EDN1;EDNRB;EGFR;EPO;ERBB2;ESR1;ESR2;ETS1;F2;FAS;FASLG;FGF2;FGF8;FGFR1;FGFR2;FGFR3;FN1;FZD4;GLI2;GLI3;GNA13;GNAS;GNB3;GSTA4;GSTM1;GSTP1;GSTT1;HES1;HEY2;HGF;HHIP;HIF1A;HMOX1;HRAS;IFNA2;IFNG;IGF1;IGF1R;IGF2;IL12A;IL12B;IL13;IL15;IL2;IL23A;IL23R;IL2RA;IL4;IL4R;IL5;IL6;IL6R;IL7;IL7R;JAG1;JAG2;JAK1;JUN;KRAS;LAMA2;LAMB1;LAMC1;LPAR6;LRP5;MAP2K1;MAP2K2;MET;MMP1;MMP2;MMP9;MYC;NFE2L2;NFKB1;NFKB2;NFKBIA;NOS2;NOTCH1;NQO1;NRAS;NTRK1;PDGFRA;PIK3R1;PPARG;PRKACA;PRKACB;PTCH1;PTCH2;PTEN;PTGS2;RAF1;RASSF1;RASSF5;RB1;RELA;RET;SHH;SKP2;SMAD2;SMAD3;SMAD4;SMO;SOS1;STAT1;STAT3;STAT4;SUFU;TCF7;TERT;TGFA;TGFB1;TGFB2;TGFB3;TGFBR1;TGFBR2;TP53;TRAF1;TRAF6;VEGFA;VEGFD;VHL;WNT1;WNT11;WNT5A,21;22;28;29;37;43;61;103;106;107;114;115;118;119;122;123;145;146;149;161;162;189;192;193;243;244;262;281;282;283;287;289;343;345;348;359;362;366;367;370;373;388;389;404;405;406;407;408;414;426;451;452;453;454;455;473;474;475;476;500;501;503;505;508;522;529;553;555;562;563;564;572;573;574;575;582;584;585;586;589;590;591;592;593;594;595;611;612;613;616;638;644;645;646;665;670;687;688;701;713;716;718;740;767;768;769;770;780;782;792;795;799;837;863;887;897;898;917;918;919;921;937;939;940;941;948;950;1012;1020;1049;1050;1051;1057;1068;1079;1080;1081;1085;1105;1109;1115;1116;1117;1118;1119;1120;1162;1168;1170;1217;1218;1219;1229;1230;1231
hsa01100,Metabolic pathways - Homo sapiens (human),143,A4GALT;ABO;ADCY2;ADCY5;AKR1B1;AKR1D1;ALAD;ALDH2;ALDH3A1;ALOX15;ALOX5;ALPL;ARG1;ARG2;ASAH2;ATIC;B3GALT6;B3GAT3;B3GNT2;B4GALT7;BHMT;BST1;CA2;CAT;CHKB;COMT;CYC1;CYP19A1;CYP1A1;CYP1A2;CYP24A1;CYP26A1;CYP27A1;CYP2E1;CYP2S1;CYP3A4;DBH;DDC;DGKE;DGKK;DHCR24;DHFR;DNMT1;DNMT3A;DSE;EHMT1;ENO1;ENO2;EZH2;FBP1;FTCD;FUT2;G6PD;GAD1;GAD2;GALK1;GAPDH;GBA1;GGCX;GPD2;GPX1;GPX4;GSTA4;GSTM1;GSTP1;GSTT1;GUCY1A1;GUCY2D;HMGCR;HMOX1;HNMT;HSD11B2;HSD17B4;HSD3B2;IDH1;IDH2;IDH3B;IMPDH1;IP6K2;KL;KMT2C;LRAT;LSS;LTA4H;MAOA;MAOB;MAT2A;MGLL;MTHFD1;MTHFR;NAT1;NAT2;NDUFS3;NMNAT1;NOS1;NOS2;NOS3;NQO1;NT5E;OXCT1;P4HA1;PAFAH1B1;PC;PCK1;PDE4B;PDE4D;PDE6A;PDE6B;PDE6G;PGLS;PIK3CG;PKM;PLA2G2A;PLA2G7;PLOD1;PLOD2;PLOD3;PLPP3;PNP;PRDM16;PTEN;PTGS2;RDH12;RDH5;RPE65;RRM1;SGMS2;SIRT1;SLC33A1;TALDO1;TH;TPI1;TPO;UGT1A4;UPB1;UQCRB;UQCRC2;UQCRQ;VNN1;VNN2;XDH;XYLT1;XYLT2,1;10;21;22;35;36;38;41;42;45;46;49;71;72;78;86;95;96;97;98;113;128;135;147;211;250;292;293;294;295;296;297;298;300;301;302;304;307;315;316;317;318;325;326;333;350;355;356;372;392;421;424;427;429;430;432;433;438;446;461;465;466;473;474;475;476;479;480;520;522;524;531;532;533;546;547;548;596;600;635;637;667;673;675;684;685;692;705;731;732;747;748;759;775;779;780;781;792;798;806;812;814;824;827;831;832;833;834;835;855;862;867;868;869;874;875;876;877;882;893;919;921;945;946;965;974;1009;1015;1034;1093;1123;1164;1166;1196;1199;1202;1203;1204;1221;1222;1235;1237;1238
hsa04151,PI3K-Akt signaling pathway - Homo sapiens (human),96,AKT1;AREG;BCL2;BCL2L1;BDNF;CCND1;CCNE1;CD19;CDK6;COL1A1;COL1A2;COL2A1;COL4A1;COL4A2;COL9A1;COL9A2;COL9A3;CREB3L1;CSF3;DDIT4;EGFR;EPHA2;EPO;ERBB2;FASLG;FGF2;FGF8;FGFR1;FGFR2;FGFR3;FN1;GDNF;GNB3;HGF;HRAS;IFNA2;IFNB1;IGF1;IGF1R;IGF2;IL2;IL2RA;IL4;IL4R;IL6;IL6R;IL7;IL7R;INS;INSR;IRS1;JAK1;KRAS;LAMA2;LAMB1;LAMC1;LPAR6;MAP2K1;MAP2K2;MCL1;MET;MYB;MYC;NFKB1;NGF;NOS3;NRAS;NTRK1;NTRK2;PCK1;PDGFD;PDGFRA;PIK3CG;PIK3R1;PPP2CA;PRL;PRLR;PTEN;RAF1;RELA;RET;SOS1;SPP1;TCL1B;TGFA;THBS1;THBS2;TLR4;TNC;TNXB;TP53;TSC1;TSC2;VEGFA;VEGFD;VTN,37;70;106;107;110;161;162;170;189;239;240;241;243;244;247;248;249;260;274;308;348;357;359;362;389;404;405;406;407;408;414;443;455;503;529;553;554;562;563;564;582;586;589;590;592;593;594;595;597;599;606;613;638;644;645;646;665;687;688;696;701;738;740;768;771;781;795;799;800;827;836;837;862;863;891;901;902;919;937;948;950;1068;1075;1106;1115;1125;1126;1134;1140;1158;1162;1180;1181;1217;1218;1224
hsa04060,Cytokine-cytokine receptor interaction - Homo sapiens (human),89,ACVR1;BMP2;BMP4;BMP6;CCL11;CCL2;CCL20;CCL3;CCL4;CCL5;CCR4;CCR6;CCR7;CD4;CD40;CD40LG;CSF2;CSF3;CXCL10;CXCL11;CXCL12;CXCL14;CXCL8;CXCL9;EPO;FAS;FASLG;GDF15;IFNA2;IFNB1;IFNG;IFNL3;IFNLR1;IL10;IL10RA;IL12A;IL12B;IL13;IL15;IL17A;IL18;IL1A;IL1B;IL1RL1;IL1RN;IL2;IL21;IL23A;IL23R;IL2RA;IL33;IL36RN;IL4;IL4R;IL5;IL6;IL6R;IL7;IL7R;LEP;LIFR;LTA;LTBR;MPL;NGF;NODAL;PRL;PRLR;TGFB1;TGFB2;TGFB3;TGFBR1;TGFBR2;TNF;TNFRSF11B;TNFRSF13B;TNFRSF13C;TNFRSF14;TNFRSF18;TNFRSF1A;TNFRSF8;TNFRSF9;TNFSF10;TNFSF11;TNFSF14;TNFSF15;TNFSF4;TNFSF8;TSLP,16;118;119;120;154;155;156;157;158;159;164;165;166;174;175;176;273;274;285;286;287;288;289;290;359;388;389;442;553;554;555;556;557;570;571;572;573;574;575;576;577;578;579;580;581;582;583;584;585;586;587;588;589;590;591;592;593;594;595;652;654;674;678;721;771;778;901;902;1116;1117;1118;1119;1120;1141;1143;1144;1145;1146;1147;1148;1149;1150;1151;1152;1153;1154;1155;1156;1184
hsa05165,Human papillomavirus infection - Homo sapiens (human),77,AKT1;APC;ATM;CASP3;CCND1;CCNE1;CDK6;COL1A1;COL1A2;COL2A1;COL4A1;COL4A2;COL9A1;COL9A2;COL9A3;CREB3L1;CTNNB1;EGFR;FAS;FASLG;FN1;FZD4;GNAS;HES1;HEY2;HLA-A;HLA-B;HLA-C;HLA-G;HRAS;IFNA2;IFNB1;ISG15;JAG1;JAK1;KRAS;LAMA2;LAMB1;LAMC1;MAP2K1;MAP2K2;MX1;NFKB1;NOTCH1;NRAS;PIK3R1;PKM;PPP2CA;PRKACA;PRKACB;PTEN;PTGS2;RAF1;RB1;RBPJ;RELA;SOS1;SPP1;STAT1;TCF7;TERT;THBS1;THBS2;TNC;TNF;TNFRSF1A;TNXB;TP53;TSC1;TSC2;TYK2;UBE3A;VEGFA;VTN;WNT1;WNT11;WNT5A,37;61;87;145;161;162;189;239;240;241;243;244;247;248;249;260;283;348;388;389;414;426;454;500;501;510;511;512;519;529;553;554;609;611;613;638;644;645;646;687;688;737;768;782;795;863;867;891;897;898;919;921;937;941;943;948;1068;1075;1079;1105;1109;1125;1126;1140;1141;1148;1158;1162;1180;1181;1192;1195;1217;1224;1229;1230;1231
hsa04010,MAPK signaling pathway - Homo sapiens (human),72,AKT1;AREG;BDNF;BRAF;CASP3;CD14;CRKL;EGFR;EPHA2;ERBB2;FAS;FASLG;FGF2;FGF8;FGFR1;FGFR2;FGFR3;FLNA;GDNF;HGF;HRAS;HSPA1A;HSPA1B;HSPB1;IGF1;IGF1R;IGF2;IL1A;IL1B;INS;INSR;IRAK1;JUN;KRAS;MAP2K1;MAP2K2;MAP3K5;MAP3K7;MAPT;MET;MRAS;MYC;NF1;NFKB1;NFKB2;NGF;NRAS;NTRK1;NTRK2;PDGFD;PDGFRA;PRKACA;PRKACB;RAF1;RASGRF1;RELA;RET;SOS1;STMN1;TAB2;TGFA;TGFB1;TGFB2;TGFB3;TGFBR1;TGFBR2;TNF;TNFRSF1A;TP53;TRAF6;VEGFA;VEGFD,37;70;110;122;145;169;262;348;357;362;388;389;404;405;406;407;408;412;443;503;529;534;535;537;562;563;564;578;579;597;599;602;616;638;687;688;689;690;691;701;723;740;765;768;769;771;795;799;800;836;837;897;898;937;938;948;950;1068;1082;1089;1115;1116;1117;1118;1119;1120;1141;1148;1162;1170;1217;1218
hsa05417,Lipid and atherosclerosis - Homo sapiens (human),70,ABCA1;AGER;AKT1;APOA1;APOA4;APOB;ATF6;BCL2;BCL2L1;CASP1;CASP3;CASP7;CCL2;CCL3;CCL5;CD14;CD36;CD40;CD40LG;CXCL8;CYBA;CYP1A1;EIF2S1;ERN1;FAS;FASLG;HRAS;HSPA1A;HSPA1B;ICAM1;IFNA2;IFNB1;IL12A;IL12B;IL18;IL1B;IL6;IRAK1;JUN;KRAS;LDLR;MAP3K5;MAP3K7;MMP1;MMP3;MMP9;NCF4;NFE2L2;NFKB1;NFKBIA;NLRP3;NOS3;NRAS;PIK3R1;PPARG;RELA;SELE;SOD2;STAT3;TAB2;TIRAP;TLR4;TNF;TNFRSF1A;TNFSF10;TP53;TRAF6;VAV1;VCAM1;XBP1,2;27;37;63;64;66;83;106;107;144;145;146;155;157;159;169;173;175;176;289;291;294;351;365;388;389;529;534;535;542;553;554;572;573;577;579;592;602;616;638;651;689;690;713;717;718;752;767;768;770;774;781;795;863;887;948;999;1066;1080;1089;1132;1134;1141;1148;1151;1162;1170;1212;1213;1234
hsa05022,Pathways of neurodegeneration - multiple diseases - Homo sapiens (human),69,AGER;APC;ATF6;BCL2;BCL2L1;BDNF;BRAF;C9ORF72;CAPN2;CASP3;CASP7;CAT;CHMP2B;CHRM3;CTNNB1;CYC1;DCTN4;DNAH5;EIF2S1;ERN1;FAS;FASLG;FZD4;GPX1;GRIA4;HRAS;HTT;IL1A;IL1B;IL6;KIF5B;KRAS;LRP5;LRRK2;MAP2K1;MAP2K2;MAP3K5;MAPT;NDUFS3;NFKB1;NOS1;NOS2;NRAS;PARK7;PINK1;PRKN;PRNP;PSMA2;PSMA5;PSMD14;PTGS2;RAF1;RELA;SIGMAR1;SLC6A3;SNCA;SOD1;TARDBP;TNF;TNFRSF1A;TUBA1B;TUBA1C;UQCRB;UQCRC2;UQCRQ;WNT1;WNT11;WNT5A;XBP1,27;61;83;106;107;110;122;134;138;145;146;147;212;213;283;292;305;323;351;365;388;389;426;465;468;529;540;578;579;592;634;638;670;672;687;688;689;691;759;768;779;780;795;817;864;900;904;910;911;912;921;937;948;1014;1043;1059;1065;1095;1141;1148;1188;1189;1202;1203;1204;1229;1230;1231;1234
hsa05166,Human T-cell leukemia virus 1 infection - Homo sapiens (human),65,ADCY2;ADCY5;AKT1;ATM;BCL2L1;CCND1;CCNE1;CD4;CD40;CDKN2A;CDKN2B;CHEK2;CREB3L1;CSF2;ETS1;HLA-A;HLA-B;HLA-C;HLA-DPB1;HLA-DQA1;HLA-DQB1;HLA-DRA;HLA-DRB1;HLA-DRB5;HLA-G;HRAS;ICAM1;IL15;IL2;IL2RA;IL6;JAK1;JUN;KRAS;LTA;LTBR;MAP2K1;MAP2K2;MYC;NFKB1;NFKB2;NFKBIA;NRAS;PIK3R1;PRKACA;PRKACB;PTEN;PTTG1;RB1;RELA;SMAD2;SMAD3;SMAD4;TCF3;TERT;TGFB1;TGFB2;TGFB3;TGFBR1;TGFBR2;TLN1;TNF;TNFRSF13C;TNFRSF1A;TP53,21;22;37;87;107;161;162;174;175;192;193;209;260;273;370;510;511;512;513;514;515;516;517;518;519;529;542;575;582;586;592;613;616;638;674;678;687;688;740;768;769;770;795;863;897;898;919;929;941;948;1049;1050;1051;1104;1109;1116;1117;1118;1119;1120;1133;1141;1145;1148;1162
hsa05205,Proteoglycans in cancer - Homo sapiens (human),64,ACTG1;AKT1;BRAF;CASP3;CBL;CCND1;CD44;COL1A1;COL1A2;CTNNB1;CTSL;EGFR;ERBB2;ESR1;FAS;FASLG;FGF2;FGFR1;FLNA;FN1;FZD4;HGF;HIF1A;HRAS;IGF1;IGF1R;IGF2;IL12B;KRAS;MAP2K1;MAP2K2;MET;MMP2;MMP9;MRAS;MYC;NRAS;PIK3R1;PLAU;PRKACA;PRKACB;PTCH1;PTPN11;RAF1;SHH;SLC9A1;SMAD2;SMO;SOS1;STAT3;TGFB1;TGFB2;THBS1;TIMP3;TLR4;TNF;TP53;TWIST1;VAV1;VEGFA;VTN;WNT1;WNT11;WNT5A,15;37;122;145;149;161;177;239;240;283;284;348;362;366;388;389;404;406;412;414;426;503;508;529;562;563;564;573;638;687;688;701;716;718;723;740;795;863;871;897;898;917;925;937;1012;1045;1049;1057;1068;1080;1116;1117;1125;1130;1134;1141;1162;1190;1212;1217;1224;1229;1230;1231
hsa05010,Alzheimer disease - Homo sapiens (human),59,AGER;AKT1;APC;APOE;ATF6;BRAF;CAPN2;CASP3;CASP7;CHRM3;CTNNB1;CYC1;EIF2S1;ERN1;FAS;FZD4;GAPDH;HRAS;IL1A;IL1B;IL6;INS;INSR;IRS1;IRS2;KIF5B;KRAS;LPL;LRP5;MAP2K1;MAP2K2;MAP3K5;MAPT;NDUFS3;NFKB1;NOS1;NOS2;NRAS;PIK3R1;PSMA2;PSMA5;PSMD14;PTGS2;RAF1;RELA;SLC11A2;SLC39A13;SNCA;TNF;TNFRSF1A;TUBA1B;TUBA1C;UQCRB;UQCRC2;UQCRQ;WNT1;WNT11;WNT5A;XBP1,27;37;61;69;83;122;138;145;146;213;283;292;351;365;388;426;433;529;578;579;592;597;599;606;607;634;638;666;670;687;688;689;691;759;768;779;780;795;863;910;911;912;921;937;948;1025;1036;1059;1141;1148;1188;1189;1202;1203;1204;1229;1230;1231;1234
hsa05206,MicroRNAs in cancer - Homo sapiens (human),57,ABCB1;APC;ATM;BCL2;BMI1;CASP3;CCND1;CCNE1;CD44;CDK6;CDKN2A;CRKL;CYP24A1;DDIT4;DNMT1;DNMT3A;EGFR;ERBB2;EZH2;FGFR3;FOXP1;HMOX1;HRAS;IGF2BP1;IRS1;IRS2;KRAS;MAP2K1;MAP2K2;MCL1;MET;MMP9;MYC;NFKB1;NOTCH1;NRAS;PAK4;PDGFRA;PIK3R1;PLAU;PTEN;PTGS2;RAF1;RASSF1;SIRT1;SOS1;ST14;STAT3;STMN1;TGFB2;THBS1;TIMP3;TNC;TNXB;TP53;VEGFA;VIM,4;61;87;106;116;145;161;162;177;189;192;262;296;308;325;326;348;362;372;408;417;522;529;565;606;607;638;687;688;696;701;718;740;768;782;795;815;837;863;871;919;921;937;939;1015;1068;1078;1080;1082;1117;1125;1130;1140;1158;1162;1217;1220
hsa05163,Human cytomegalovirus infection - Homo sapiens (human),57,ADCY2;ADCY5;AKT1;CASP3;CCL2;CCL3;CCL4;CCL5;CCND1;CDK6;CDKN2A;CREB3L1;CRKL;CTNNB1;CXCL12;CXCL8;EGFR;FAS;FASLG;GNA13;GNAS;GNB3;HLA-A;HLA-B;HLA-C;HLA-G;HRAS;IFNA2;IFNB1;IL10RA;IL1B;IL6;IL6R;JAK1;KRAS;MAP2K1;MAP2K2;MYC;NFKB1;NFKBIA;NRAS;PDGFRA;PIK3R1;PRKACA;PRKACB;PTGS2;RAF1;RB1;RELA;SOS1;STAT3;TNF;TNFRSF1A;TP53;TSC1;TSC2;VEGFA,21;22;37;145;155;157;158;159;161;189;192;260;262;283;287;289;348;388;389;453;454;455;510;511;512;519;529;553;554;571;579;592;593;613;638;687;688;740;768;770;795;837;863;897;898;921;937;941;948;1068;1080;1141;1148;1162;1180;1181;1217
hsa05225,Hepatocellular carcinoma - Homo sapiens (human),56,ACTG1;AKT1;APC;ARID1A;ARID1B;BCL2L1;BRAF;CCND1;CDK6;CDKN2A;CTNNB1;EGFR;FZD4;GSTA4;GSTM1;GSTP1;GSTT1;HGF;HMOX1;HRAS;IGF1R;IGF2;KRAS;LRP5;MAP2K1;MAP2K2;MET;MYC;NFE2L2;NQO1;NRAS;PBRM1;PIK3R1;PTEN;RAF1;RB1;SMAD2;SMAD3;SMAD4;SMARCA2;SMARCA4;SMARCB1;SMARCE1;SOS1;TCF7;TERT;TGFA;TGFB1;TGFB2;TGFB3;TGFBR1;TGFBR2;TP53;WNT1;WNT11;WNT5A,15;37;61;73;74;107;122;161;189;192;283;348;426;473;474;475;476;503;522;529;563;564;638;670;687;688;701;740;767;792;795;822;863;919;937;941;1049;1050;1051;1053;1054;1055;1056;1068;1105;1109;1115;1116;1117;1118;1119;1120;1162;1229;1230;1231
hsa05169,Epstein-Barr virus infection - Homo sapiens (human),55,AKT1;BCL2;CASP3;CCND1;CCNE1;CD19;CD40;CD44;CD58;CDK6;CR2;CXCL10;FAS;FCER2;HES1;HLA-A;HLA-B;HLA-C;HLA-DPB1;HLA-DQA1;HLA-DQB1;HLA-DRA;HLA-DRB1;HLA-DRB5;HLA-G;ICAM1;IFNA2;IFNB1;IL6;IRAK1;ISG15;JAK1;JUN;MAP3K7;MYC;NFKB1;NFKB2;NFKBIA;PIK3R1;PSMD14;RB1;RBPJ;RELA;RIGI;RUNX3;SKP2;STAT1;STAT3;TAB2;TNF;TNFAIP3;TP53;TRAF6;TYK2;VIM,37;106;145;161;162;170;175;177;179;189;257;285;388;395;500;510;511;512;513;514;515;516;517;518;519;542;553;554;592;602;609;613;616;690;740;768;769;770;863;912;941;943;948;955;978;1020;1079;1080;1089;1141;1142;1162;1170;1192;1220
hsa05171,Coronavirus disease - COVID-19 - Homo sapiens (human),55,ACE;ACE2;ADAR;AGTR1;C1R;C1S;C3;CASP1;CCL2;CFB;CSF2;CSF3;CXCL10;CXCL8;EGFR;F2;FCGR2A;FGA;FGB;IFIH1;IFNA2;IFNB1;IL12A;IL12B;IL1B;IL2;IL6;IL6R;IRAK1;ISG15;JAK1;JUN;MAP3K7;MMP1;MMP3;MX1;NFKB1;NFKBIA;NLRP3;PIK3R1;RELA;RIGI;RPL14;RPL21;RPL23A;RPL6;RPS8;STAT1;STAT3;TAB2;TLR4;TNF;TNFRSF1A;TRAF6;TYK2,11;12;19;29;131;132;133;144;155;201;273;274;285;289;348;373;396;402;403;550;553;554;572;573;579;582;592;593;602;609;613;616;690;713;717;737;768;770;774;863;948;955;968;969;970;971;973;1079;1080;1089;1134;1141;1148;1170;1192
hsa04630,JAK-STAT signaling pathway - Homo sapiens (human),55,AKT1;BCL2;BCL2L1;CCND1;CISH;CSF2;CSF3;EGFR;EPO;GFAP;HRAS;IFNA2;IFNB1;IFNG;IFNL3;IFNLR1;IL10;IL10RA;IL12A;IL12B;IL13;IL15;IL2;IL21;IL23A;IL23R;IL2RA;IL4;IL4R;IL5;IL6;IL6R;IL7;IL7R;JAK1;LEP;LIFR;MCL1;MPL;MYC;PDGFRA;PIK3R1;PRL;PRLR;PTPN11;PTPN2;RAF1;SOCS2;SOCS3;SOS1;STAT1;STAT3;STAT4;TSLP;TYK2,37;106;107;161;219;273;274;348;359;444;529;553;554;555;556;557;570;571;572;573;574;575;582;583;584;585;586;589;590;591;592;593;594;595;613;652;654;696;721;740;837;863;901;902;925;927;937;1063;1064;1068;1079;1080;1081;1184;1192
hsa04081,Hormone signaling - Homo sapiens (human),55,ACVR1;ADCY2;ADCY5;ADIPOQ;AGT;AGTR1;CALCR;CCKBR;DRD1;DRD2;EPO;ESR1;ESR2;GAST;GHRL;GNA13;GNAS;GNB3;GNRH1;GPER1;GUCA2B;HAMP;HCRTR2;IGF1;IGF1R;IGF2;INS;INSR;IRS1;IRS2;LEP;LHB;MC1R;MPL;NOS1;NPPB;NPR3;OXT;PENK;PIK3R1;POMC;PRKACA;PRKACB;PRKG1;PRL;PRLR;PTH;PTHLH;SLC40A1;SMAD4;SST;STAT3;TRH;TSHB;TSHR,16;21;22;24;28;29;136;153;331;332;359;366;367;436;447;453;454;455;456;462;478;488;495;562;563;564;597;599;606;607;652;653;694;721;779;787;788;807;842;863;883;897;898;899;901;902;922;923;1037;1051;1077;1080;1172;1182;1183
hsa05168,Herpes simplex virus 1 infection - Homo sapiens (human),54,AKT1;BCL2;BCL2L1;BIRC2;BIRC3;C3;CASP3;CCL2;CCL5;EIF2S1;FAS;FASLG;HLA-A;HLA-B;HLA-C;HLA-DPB1;HLA-DQA1;HLA-DQB1;HLA-DRA;HLA-DRB1;HLA-DRB5;HLA-G;IFIH1;IFNA2;IFNB1;IFNG;IL12A;IL12B;IL1B;IL6;IRAK1;JAK1;LTA;MAP3K7;NECTIN2;NFKB1;NFKBIA;PIK3R1;PTPN11;RELA;RIGI;SOCS3;STAT1;TAB2;TLR9;TNF;TNFRSF14;TNFRSF1A;TNFSF14;TP53;TRAF6;TSC1;TSC2;TYK2,37;106;107;114;115;133;145;155;159;351;388;389;510;511;512;513;514;515;516;517;518;519;550;553;554;555;572;573;579;592;602;613;674;690;760;768;770;863;925;948;955;1064;1079;1089;1135;1141;1146;1148;1153;1162;1170;1180;1181;1192
hsa04510,Focal adhesion - Homo sapiens (human),52,ACTG1;AKT1;BCL2;BIRC2;BIRC3;BRAF;CAPN2;CCND1;COL1A1;COL1A2;COL2A1;COL4A1;COL4A2;COL9A1;COL9A2;COL9A3;CRKL;CTNNB1;EGFR;ERBB2;FLNA;FN1;HGF;HRAS;IGF1;IGF1R;JUN;LAMA2;LAMB1;LAMC1;MAP2K1;MET;MYLK;PAK4;PDGFD;PDGFRA;PIK3R1;PTEN;RAF1;RASGRF1;SOS1;SPP1;THBS1;THBS2;TLN1;TNC;TNXB;VAV1;VCL;VEGFA;VEGFD;VTN,15;37;106;114;115;122;138;161;239;240;241;243;244;247;248;249;262;283;348;362;412;414;503;529;562;563;616;644;645;646;687;701;744;815;836;837;863;919;937;938;1068;1075;1125;1126;1133;1140;1158;1212;1215;1217;1218;1224
hsa05161,Hepatitis B - Homo sapiens (human),51,AKT1;BCL2;BRAF;CASP3;CCNE1;CREB3L1;CXCL8;DDX3X;FAS;FASLG;HRAS;IFIH1;IFNA2;IFNB1;IL6;IRAK1;JAK1;JUN;KRAS;MAP2K1;MAP2K2;MAP3K7;MMP9;MYC;NFKB1;NFKBIA;NRAS;PCNA;PIK3R1;RAF1;RB1;RELA;RIGI;SMAD3;SMAD4;SOS1;STAT1;STAT3;STAT4;TAB2;TGFB1;TGFB2;TGFB3;TGFBR1;TGFBR2;TIRAP;TLR4;TNF;TP53;TRAF6;TYK2,37;106;122;145;162;260;289;309;388;389;529;550;553;554;592;602;613;616;638;687;688;690;718;740;768;770;795;828;863;937;941;948;955;1050;1051;1068;1079;1080;1081;1089;1116;1117;1118;1119;1120;1132;1134;1141;1162;1170;1192
hsa04014,Ras signaling pathway - Homo sapiens (human),50,AKT1;BCL2L1;BDNF;EGFR;EPHA2;ETS1;FASLG;FGF2;FGF8;FGFR1;FGFR2;FGFR3;GNB3;HGF;HRAS;IGF1;IGF1R;IGF2;INS;INSR;KRAS;MAP2K1;MAP2K2;MET;MRAS;NF1;NFKB1;NGF;NRAS;NTRK1;NTRK2;PAK4;PDGFD;PDGFRA;PIK3R1;PLA2G2A;PRKACA;PRKACB;PTPN11;RAF1;RASGRF1;RASSF1;RASSF5;REL;RELA;SHOC2;SOS1;TGFA;VEGFA;VEGFD,37;107;110;348;357;370;389;404;405;406;407;408;455;503;529;562;563;564;597;599;638;687;688;701;723;765;768;771;795;799;800;815;836;837;863;868;897;898;925;937;938;939;940;947;948;1013;1068;1115;1217;1218
hsa05152,Tuberculosis - Homo sapiens (human),49,AKT1;BCL2;C3;CASP3;CD14;CD209;CORO1A;CR1;FCGR2A;FCGR2B;FCGR3A;FCGR3B;HLA-DPB1;HLA-DQA1;HLA-DQB1;HLA-DRA;HLA-DRB1;HLA-DRB5;HSPA9;IFNA2;IFNB1;IFNG;IL10;IL10RA;IL12A;IL12B;IL18;IL1A;IL1B;IL23A;IL6;IRAK1;JAK1;NFKB1;NOD2;NOS2;RAF1;RELA;STAT1;TGFB1;TGFB2;TGFB3;TIRAP;TLR4;TLR9;TNF;TNFRSF1A;TRAF6;VDR,37;106;133;145;169;172;252;256;396;397;398;399;513;514;515;516;517;518;536;553;554;555;570;571;572;573;577;578;579;584;592;602;613;768;777;780;937;948;1079;1116;1117;1118;1132;1134;1135;1141;1148;1170;1216
hsa04080,Neuroactive ligand-receptor interaction - Homo sapiens (human),49,ADCYAP1R1;AGT;AGTR1;C3;CALCR;CCKBR;CHRM3;CNR1;CNR2;DRD1;DRD2;EDN1;EDN3;EDNRB;F2;FPR2;GABRB3;GHRL;GNRH1;GRIA4;GRM4;HCRTR2;HRH1;HTR1D;HTR2A;INSL3;LEP;LHB;LPAR6;MC1R;NPSR1;NPY;NPY1R;OXT;P2RX7;P2RY11;PENK;POMC;PRL;PRLR;PTAFR;PTH;PYY;SST;TAC1;TRH;TRPV1;TSHB;TSHR,23;28;29;133;136;153;213;232;233;331;332;343;344;345;373;419;428;447;456;468;469;495;530;538;539;598;652;653;665;694;789;790;791;807;808;809;842;883;901;902;915;922;931;1077;1090;1172;1178;1182;1183
hsa05164,Influenza A - Homo sapiens (human),49,ACTG1;ADAR;AKT1;CASP1;CASP3;CCL2;CCL5;CDK6;CXCL10;CXCL8;EIF2S1;FAS;FASLG;HLA-DPB1;HLA-DQA1;HLA-DQB1;HLA-DRA;HLA-DRB1;HLA-DRB5;ICAM1;IFIH1;IFNA2;IFNB1;IFNG;IL12A;IL12B;IL18;IL1A;IL1B;IL33;IL6;JAK1;MAP2K1;MAP2K2;MX1;NFKB1;NFKBIA;NLRP3;PIK3R1;RAF1;RELA;RIGI;SOCS3;STAT1;TLR4;TNF;TNFRSF1A;TNFSF10;TYK2,15;19;37;144;145;155;159;189;285;289;351;388;389;513;514;515;516;517;518;542;550;553;554;555;572;573;577;578;579;587;592;613;687;688;737;768;770;774;863;937;948;955;1064;1079;1134;1141;1148;1151;1192
hsa04024,cAMP signaling pathway - Homo sapiens (human),48,ADCY2;ADCY5;ADCYAP1R1;AKT1;ATP1B2;ATP2B1;BDNF;BRAF;CFTR;CNGA1;CNGB1;CREB3L1;DRD1;DRD2;EDN1;EDN3;GHRL;GLI3;GNAS;GRIA4;HCAR2;HCN4;HHIP;HTR1D;JUN;LHB;MAP2K1;MAP2K2;NFKB1;NFKBIA;NPY;NPY1R;OXT;PDE4B;PDE4D;PIK3R1;POMC;PPARA;PRKACA;PRKACB;PTCH1;RAF1;RELA;SLC9A1;SST;TSHB;TSHR;VAV1,21;22;23;37;91;92;110;122;206;230;231;260;331;332;343;344;447;452;454;468;492;493;505;538;616;653;687;688;768;770;790;791;807;831;832;863;883;886;897;898;917;937;948;1045;1077;1182;1183;1212
hsa05162,Measles - Homo sapiens (human),48,ADAR;AKT1;BBC3;BCL2;BCL2L1;CASP3;CBLB;CCND1;CCNE1;CD209;CD46;CDK6;EIF2S1;FAS;FASLG;FCGR2B;HSPA1A;HSPA1B;IFIH1;IFNA2;IFNB1;IL12A;IL12B;IL1A;IL1B;IL2;IL2RA;IL6;IRAK1;JAK1;JUN;MAP3K7;MX1;NFKB1;NFKBIA;PIK3R1;RELA;RIGI;STAT1;STAT3;TAB2;TLR4;TLR9;TNFAIP3;TP53;TP73;TRAF6;TYK2,19;37;103;106;107;145;150;161;162;172;178;189;351;388;389;397;534;535;550;553;554;572;573;578;579;582;586;592;602;613;616;690;737;768;770;863;948;955;1079;1080;1089;1134;1135;1142;1162;1163;1170;1192
hsa04933,AGE-RAGE signaling pathway in diabetic complications - Homo sapiens (human),47,AGER;AGT;AGTR1;AKT1;BCL2;CASP3;CCL2;CCND1;COL1A1;COL1A2;COL3A1;COL4A1;COL4A2;CXCL8;EDN1;F3;FN1;HRAS;ICAM1;IL1A;IL1B;IL6;JUN;KRAS;MMP2;NFKB1;NOS3;NRAS;PIK3R1;RELA;SELE;SERPINE1;SMAD2;SMAD3;SMAD4;STAT1;STAT3;TGFB1;TGFB2;TGFB3;TGFBR1;TGFBR2;THBD;TNF;VCAM1;VEGFA;VEGFD,27;28;29;37;106;145;155;161;239;240;242;243;244;289;343;374;414;529;542;578;579;592;616;638;716;768;781;795;863;948;999;1003;1049;1050;1051;1079;1080;1116;1117;1118;1119;1120;1124;1141;1213;1217;1218
hsa04218,Cellular senescence - Homo sapiens (human),47,AKT1;ATM;CAPN2;CCNB3;CCND1;CCNE1;CDK6;CDKN2A;CDKN2B;CHEK2;CXCL8;ETS1;HLA-A;HLA-B;HLA-C;HLA-G;HRAS;IL1A;IL6;KRAS;MAP2K1;MAP2K2;MRAS;MYC;NFKB1;NRAS;PIK3R1;PTEN;RAD50;RAF1;RASSF5;RB1;RELA;SERPINE1;SIRT1;SMAD2;SMAD3;TGFB1;TGFB2;TGFB3;TGFBR1;TGFBR2;TP53;TRAF3IP2;TRPV4;TSC1;TSC2,37;87;138;160;161;162;189;192;193;209;289;370;510;511;512;519;529;578;592;638;687;688;723;740;768;795;863;919;935;937;940;941;948;1003;1015;1049;1050;1116;1117;1118;1119;1120;1162;1169;1179;1180;1181
hsa05132,Salmonella infection - Homo sapiens (human),47,ACTG1;AKT1;ANXA2;BCL2;BIRC2;BIRC3;CASP1;CASP3;CASP7;CD14;CTNNB1;CXCL8;DCTN4;DYNC2H1;DYNC2LI1;FLNA;GAPDH;HRAS;IL18;IL1B;IL6;IRAK1;JUN;KIF5B;MAP2K1;MAP2K2;MAP3K7;MYC;NFKB1;NFKBIA;NLRP3;PIK3CG;RAB7B;RAF1;RELA;S100A10;TAB2;TCF7;TIRAP;TLR4;TLR9;TNF;TNFRSF1A;TNFSF10;TRAF6;TUBA1B;TUBA1C,15;37;59;106;114;115;144;145;146;169;283;289;305;337;340;412;433;529;577;579;592;602;616;634;687;688;690;740;768;770;774;862;934;937;948;979;1089;1105;1132;1134;1135;1141;1148;1151;1170;1188;1189
hsa05145,Toxoplasmosis - Homo sapiens (human),46,AKT1;ALOX5;BCL2;BCL2L1;BIRC2;BIRC3;CASP3;CD40;CD40LG;HLA-DPB1;HLA-DQA1;HLA-DQB1;HLA-DRA;HLA-DRB1;HLA-DRB5;HSPA1A;HSPA1B;IFNG;IL10;IL10RA;IL12A;IL12B;IRAK1;IRGM;JAK1;LAMA2;LAMB1;LAMC1;LDLR;MAP3K7;NFKB1;NFKBIA;NOS2;PIK3CG;RELA;STAT1;STAT3;TAB2;TGFB1;TGFB2;TGFB3;TLR4;TNF;TNFRSF1A;TRAF6;TYK2,37;46;106;107;114;115;145;175;176;513;514;515;516;517;518;534;535;555;570;571;572;573;602;605;613;644;645;646;651;690;768;770;780;862;948;1079;1080;1089;1116;1117;1118;1134;1141;1148;1170;1192
hsa05167,Kaposi sarcoma-associated herpesvirus infection - Homo sapiens (human),46,AKT1;C3;CASP3;CCND1;CCR4;CD86;CDK6;CSF2;CTNNB1;CXCL8;FAS;FGF2;GNB3;HIF1A;HLA-A;HLA-B;HLA-C;HLA-G;HRAS;ICAM1;IFNA2;IFNB1;IL6;JAK1;JUN;KRAS;MAP2K1;MAP2K2;MYC;NFKB1;NFKBIA;NRAS;PIK3CG;PIK3R1;PTGS2;RAF1;RB1;RCAN1;RELA;STAT1;STAT3;TCF7;TNFRSF1A;TP53;TYK2;VEGFA,37;133;145;161;164;184;189;273;283;289;388;404;455;508;510;511;512;519;529;542;553;554;592;613;616;638;687;688;740;768;770;795;862;863;921;937;941;944;948;1079;1080;1105;1148;1162;1192;1217
hsa04518,Integrin signaling - Homo sapiens (human),46,ACTG1;AKT1;C3;CCND1;COL1A1;COL1A2;COL2A1;COL4A1;COL4A2;COL9A1;COL9A2;COL9A3;CTNNB1;DSPP;EGFR;ERBB2;FBN1;FGA;FGB;FLNA;FN1;FREM1;HGF;ICAM1;IGF1;IGF1R;LAMA2;LAMB1;LAMC1;MET;NCK2;PDGFD;PDGFRA;PIK3R1;SPP1;TGFB1;THBS1;THBS2;TLN1;TNC;TNXB;VCAM1;VCL;VEGFA;VEGFD;VTN,15;37;133;161;239;240;241;243;244;247;248;249;283;335;348;362;390;402;403;412;414;420;503;542;562;563;644;645;646;701;754;836;837;863;1075;1116;1125;1126;1133;1140;1158;1213;1215;1217;1218;1224
hsa05207,Chemical carcinogenesis - receptor activation - Homo sapiens (human),45,ADCY2;ADCY5;AHR;AIPL1;AKT1;BCL2;CCND1;CREB3L1;CYP1A1;CYP1A2;CYP3A4;EGFR;EPHX1;ESR1;ESR2;FGF2;FGF8;GNAS;GSTA4;GSTM1;GSTT1;HRAS;JAG1;JUN;KRAS;MAP2K1;MAP2K2;MYC;NFKB1;NRAS;PGR;PIK3R1;PPARA;PRKACA;PRKACB;RAF1;RB1;RELA;SOS1;STAT3;TNFSF11;UGT1A4;VDR;VEGFA;WNT1,21;22;30;34;37;106;161;260;294;295;302;348;358;366;367;404;405;454;473;474;476;529;611;616;638;687;688;740;768;795;856;863;886;897;898;937;941;948;1068;1080;1152;1196;1216;1217;1229
hsa05226,Gastric cancer - Homo sapiens (human),45,ABCB1;AKT1;APC;BCL2;BRAF;CCND1;CCNE1;CDKN2B;CTNNA2;CTNNA3;CTNNB1;EGFR;ERBB2;FGF2;FGF8;FGFR2;FZD4;HGF;HRAS;KRAS;LRP5;MAP2K1;MAP2K2;MET;MYC;NRAS;PIK3R1;RAF1;RB1;SHH;SMAD2;SMAD3;SMAD4;SOS1;TCF7;TERT;TGFB1;TGFB2;TGFB3;TGFBR1;TGFBR2;TP53;WNT1;WNT11;WNT5A,4;37;61;106;122;161;162;193;281;282;283;348;362;404;405;407;426;503;529;638;670;687;688;701;740;795;863;937;941;1012;1049;1050;1051;1068;1105;1109;1116;1117;1118;1119;1120;1162;1229;1230;1231
hsa05160,Hepatitis C - Homo sapiens (human),44,AKT1;BRAF;CASP3;CCND1;CD81;CDK6;CLDN11;CLDN18;CTNNB1;CXCL10;EGFR;EIF2S1;FAS;FASLG;HRAS;IFNA2;IFNB1;IFNG;JAK1;KRAS;LDLR;MAP2K1;MAP2K2;MX1;MYC;NFKB1;NFKBIA;NRAS;PIK3R1;PPARA;PPP2CA;RAF1;RB1;RELA;RIGI;SOCS3;SOS1;STAT1;STAT3;TNF;TNFRSF1A;TP53;TRAF6;TYK2,37;122;145;161;183;189;223;224;283;285;348;351;388;389;529;553;554;555;613;638;651;687;688;737;740;768;770;795;863;886;891;937;941;948;955;1064;1068;1079;1080;1141;1148;1162;1170;1192
hsa05208,Chemical carcinogenesis - reactive oxygen species - Homo sapiens (human),43,AHR;AKT1;BRAF;CAT;CYBA;CYC1;CYP1A1;CYP1A2;CYP2E1;EGFR;EPHX1;GSTA4;GSTM1;GSTT1;HGF;HIF1A;HMOX1;HRAS;JUN;KRAS;MAP2K1;MAP2K2;MAP3K5;MET;NDUFS3;NFE2L2;NFKB1;NFKBIA;NQO1;NRAS;PIK3R1;PTEN;PTPN11;RAF1;RELA;SLC26A2;SOD1;SOD2;SOS1;UQCRB;UQCRC2;UQCRQ;VEGFA,30;37;122;147;291;292;294;295;300;348;358;473;474;476;503;508;522;529;616;638;687;688;689;701;759;767;768;770;792;795;863;919;925;937;948;1028;1065;1066;1068;1202;1203;1204;1217
hsa05224,Breast cancer - Homo sapiens (human),43,AKT1;APC;BRAF;BRCA2;CCND1;CDK6;CTNNB1;EGFR;ERBB2;ESR1;ESR2;FGF2;FGF8;FGFR1;FZD4;HES1;HEY2;HRAS;IGF1;IGF1R;JAG1;JAG2;JUN;KRAS;LRP5;MAP2K1;MAP2K2;MYC;NFKB2;NOTCH1;NRAS;PGR;PIK3R1;PTEN;RAF1;RB1;SOS1;TCF7;TNFSF11;TP53;WNT1;WNT11;WNT5A,37;61;122;123;161;189;283;348;362;366;367;404;405;406;426;500;501;529;562;563;611;612;616;638;670;687;688;740;769;782;795;856;863;919;937;941;1068;1105;1152;1162;1229;1230;1231
hsa04668,TNF signaling pathway - Homo sapiens (human),43,AKT1;BCL3;BIRC2;BIRC3;CASP3;CASP7;CCL2;CCL20;CCL5;CREB3L1;CSF2;CXCL10;DNM1L;EDN1;FAS;ICAM1;IFNB1;IL15;IL1B;IL6;JAG1;JUN;LTA;MAP2K1;MAP3K5;MAP3K7;MMP3;MMP9;NFKB1;NFKBIA;NOD2;PIK3R1;PTGS2;RELA;SELE;SOCS3;TAB2;TNF;TNFAIP3;TNFRSF1A;TRAF1;VCAM1;VEGFD,37;108;114;115;145;146;155;156;159;260;273;285;324;343;388;542;554;575;579;592;611;616;674;687;689;690;717;718;768;770;777;863;921;948;999;1064;1089;1141;1142;1148;1168;1213;1218
hsa04926,Relaxin signaling pathway - Homo sapiens (human),42,ACTA2;ADCY2;ADCY5;AKT1;COL1A1;COL1A2;COL3A1;COL4A1;COL4A2;CREB3L1;EDN1;EDNRB;EGFR;GNAS;GNB3;HRAS;INSL3;JUN;KRAS;MAP2K1;MAP2K2;MMP1;MMP2;MMP9;NFKB1;NFKBIA;NOS1;NOS2;NOS3;NRAS;PIK3R1;PRKACA;PRKACB;RAF1;RELA;SMAD2;SOS1;TGFB1;TGFBR1;TGFBR2;VEGFA;VEGFD,14;21;22;37;239;240;242;243;244;260;343;345;348;454;455;529;598;616;638;687;688;713;716;718;768;770;779;780;781;795;863;897;898;937;948;1049;1068;1116;1119;1120;1217;1218
hsa04068,FoxO signaling pathway - Homo sapiens (human),42,AKT1;ATM;BNIP3;BRAF;CAT;CCNB3;CCND1;CDKN2B;EGFR;FASLG;HRAS;IGF1;IGF1R;IL10;IL6;IL7R;INS;INSR;IRS1;IRS2;KRAS;MAP2K1;MAP2K2;NRAS;PCK1;PIK3R1;PLK1;PTEN;RAF1;SIRT1;SKP2;SMAD3;SMAD4;SOD2;SOS1;STAT3;TGFB1;TGFB2;TGFB3;TGFBR1;TGFBR2;TNFSF10,37;87;121;122;147;160;161;193;348;389;529;562;563;570;592;595;597;599;606;607;638;687;688;795;827;863;873;919;937;1015;1020;1050;1051;1066;1068;1080;1116;1117;1118;1119;1120;1151
hsa04210,Apoptosis - Homo sapiens (human),41,ACTG1;AIFM1;AKT1;ATM;BBC3;BCL2;BCL2L1;BIRC2;BIRC3;CAPN2;CASP3;CASP7;CTSL;DIABLO;EIF2S1;ERN1;FAS;FASLG;HRAS;JUN;KRAS;MAP2K1;MAP2K2;MAP3K5;MCL1;NFKB1;NFKBIA;NGF;NRAS;NTRK1;PARP1;PIK3R1;RAF1;RELA;TNF;TNFRSF1A;TNFSF10;TP53;TRAF1;TUBA1B;TUBA1C,15;32;37;87;103;106;107;114;115;138;145;146;284;320;351;365;388;389;529;616;638;687;688;689;696;768;770;771;795;799;819;863;937;948;1141;1148;1151;1162;1168;1188;1189
hsa04020,Calcium signaling pathway - Homo sapiens (human),40,ADCY2;AGTR1;ATP2B1;CCKBR;CHRM3;DRD1;EDNRB;EGFR;ERBB2;FGF2;FGF8;FGFR1;FGFR2;FGFR3;GDNF;GNAS;HGF;HRH1;HTR2A;MET;MST1;MST1R;MYLK;NGF;NOS1;NOS2;NOS3;NTRK1;NTRK2;NTRK3;P2RX7;PDGFD;PDGFRA;PRKACA;PRKACB;PTAFR;RET;TGFA;VEGFA;VEGFD,21;29;92;153;213;331;345;348;362;404;405;406;407;408;443;454;503;530;539;701;728;729;744;771;779;780;781;799;800;801;808;836;837;897;898;915;950;1115;1217;1218
hsa05418,Fluid shear stress and atherosclerosis - Homo sapiens (human),40,ACTG1;ACVR1;AKT1;BCL2;BMP4;CCL2;CTNNB1;CTSL;CYBA;EDN1;GSTA4;GSTM1;GSTP1;GSTT1;HMOX1;ICAM1;IFNG;IL1A;IL1B;JUN;MAP3K5;MAP3K7;MMP2;MMP9;NFE2L2;NFKB1;NOS3;NQO1;PECAM1;PIK3R1;PLAT;RELA;SELE;THBD;TNF;TNFRSF1A;TP53;TRPV4;VCAM1;VEGFA,15;16;37;106;119;155;283;284;291;343;473;474;475;476;522;542;555;578;579;616;689;690;716;718;767;768;781;792;840;863;870;948;999;1124;1141;1148;1162;1179;1213;1217
hsa04015,Rap1 signaling pathway - Homo sapiens (human),40,ACTG1;ADCY2;ADCY5;AKT1;BRAF;CNR1;CRKL;CTNNB1;DRD2;EGFR;EPHA2;FGF2;FGF8;FGFR1;FGFR2;FGFR3;GNAS;HGF;HRAS;IGF1;IGF1R;INS;INSR;KRAS;MAP2K1;MAP2K2;MET;MRAS;NGF;NRAS;PDGFD;PDGFRA;PIK3R1;RAF1;RASSF5;THBS1;TLN1;VAV1;VEGFA;VEGFD,15;21;22;37;122;232;262;283;332;348;357;404;405;406;407;408;454;503;529;562;563;597;599;638;687;688;701;723;771;795;836;837;863;937;940;1125;1133;1212;1217;1218
hsa05012,Parkinson disease - Homo sapiens (human),40,ADCY5;ATF6;BCL2L1;CASP3;CYC1;DRD1;DRD2;EIF2S1;ERN1;GNAS;KIF5B;LRRK2;MAOA;MAOB;MAP3K5;MAPT;NDUFS3;NFE2L2;PARK7;PINK1;PRKACA;PRKACB;PRKN;PSMA2;PSMA5;PSMD14;SLC11A2;SLC18A2;SLC39A13;SLC6A3;SNCA;SOD1;TH;TP53;TUBA1B;TUBA1C;UQCRB;UQCRC2;UQCRQ;XBP1,22;83;107;145;292;331;332;351;365;454;634;672;684;685;689;691;759;767;817;864;897;898;900;910;911;912;1025;1026;1036;1043;1059;1065;1123;1162;1188;1189;1202;1203;1204;1234
hsa05202,Transcriptional misregulation in cancer - Homo sapiens (human),40,ATM;BCL2L1;BIRC2;BIRC3;BMI1;CD14;CD40;CD86;CDK9;CSF2;CXCL8;DEFA4;FLI1;H3-3A;H3C2;IGF1;IGF1R;IL6;MET;MMP3;MMP9;MPO;MYC;MYCN;NFKB1;NTRK1;PAX3;PBX1;PLAT;PLAU;PPARG;REL;RELA;RUNX2;TAF15;TCF3;TGFBR2;TP53;TRAF1;WT1,87;107;114;115;116;169;175;184;190;273;289;310;411;485;486;562;563;592;701;717;718;722;740;742;768;799;820;823;870;871;887;947;948;977;1091;1104;1120;1162;1168;1232
hsa05014,Amyotrophic lateral sclerosis - Homo sapiens (human),40,ACTG1;ANXA11;ATF6;BCL2;BCL2L1;C9ORF72;CASP1;CASP3;CAT;CHMP2B;CYC1;DCTN4;DNAH5;EIF2S1;ERN1;GPX1;HDAC6;KIF5B;MAP3K5;NDUFS3;NOS1;NOS2;NRG1;PINK1;PRKN;PSMA2;PSMA5;PSMD14;SIGMAR1;SOD1;TARDBP;TNF;TNFRSF1A;TP53;TUBA1B;TUBA1C;UQCRB;UQCRC2;UQCRQ;XBP1,15;58;83;106;107;134;144;145;147;212;292;305;323;351;365;465;496;634;689;759;779;780;796;864;900;910;911;912;1014;1065;1095;1141;1148;1162;1188;1189;1202;1203;1204;1234
hsa04550,Signaling pathways regulating pluripotency of stem cells - Homo sapiens (human),40,ACVR1;AKT1;APC;BMI1;BMP4;CTNNB1;FGF2;FGFR1;FGFR2;FGFR3;FZD4;HRAS;ID3;IGF1;IGF1R;ISL1;JAK1;JARID2;KAT6A;KRAS;LIFR;MAP2K1;MAP2K2;MYC;NODAL;NRAS;PAX6;PIK3R1;POU5F1;RAF1;SMAD2;SMAD3;SMAD4;SOX2;STAT3;TCF3;TCF7;WNT1;WNT11;WNT5A,16;37;61;116;119;283;404;406;407;408;426;529;545;562;563;610;613;614;617;638;654;687;688;740;778;795;821;863;885;937;1049;1050;1051;1070;1080;1104;1105;1229;1230;1231
hsa05321,Inflammatory bowel disease - Homo sapiens (human),40,FOXP3;GATA3;HLA-DPB1;HLA-DQA1;HLA-DQB1;HLA-DRA;HLA-DRB1;HLA-DRB5;IFNG;IL10;IL12A;IL12B;IL13;IL17A;IL18;IL1A;IL1B;IL2;IL21;IL23A;IL23R;IL4;IL4R;IL5;IL6;JUN;NFKB1;NOD2;RELA;SMAD2;SMAD3;STAT1;STAT3;STAT4;TBX21;TGFB1;TGFB2;TGFB3;TLR4;TNF,418;437;513;514;515;516;517;518;555;570;572;573;574;576;577;578;579;582;583;584;585;589;590;591;592;616;768;777;948;1049;1050;1079;1080;1081;1100;1116;1117;1118;1134;1141
hsa05415,Diabetic cardiomyopathy - Homo sapiens (human),39,ACE;AGER;AGT;AGTR1;AKT1;CD36;COL1A1;COL1A2;COL3A1;CPT1B;CYBA;CYC1;G6PD;GAPDH;INS;INSR;IRS1;MMP2;MMP9;NCF4;NDUFS3;NFKB1;NOS3;PARP1;PIK3R1;PPARA;PTEN;RELA;REN;SMAD2;SMAD3;TGFB1;TGFB2;TGFB3;TGFBR1;TGFBR2;UQCRB;UQCRC2;UQCRQ,11;27;28;29;37;173;239;240;242;255;291;292;427;433;597;599;606;716;718;752;759;768;781;819;863;886;919;948;949;1049;1050;1116;1117;1118;1119;1120;1202;1203;1204
hsa05131,Shigellosis - Homo sapiens (human),39,ACTG1;AKT1;ATG16L1;ATM;BCL2;BCL2L1;BNIP3;C3;CAPN2;CASP1;CCL5;CD14;CD44;CRKL;CSF2;CXCL8;EGFR;H3-3A;H3C2;IFNB1;IL18;IL1B;JUN;MAP3K7;NFKB1;NFKBIA;NLRP3;PIK3R1;RELA;TAB2;TLN1;TLR4;TNF;TNFRSF1A;TNIP1;TP53;TRAF6;U2AF1;VCL,15;37;84;87;106;107;121;133;138;144;159;169;177;262;273;289;348;485;486;554;577;579;616;690;768;770;774;863;948;1089;1133;1134;1141;1148;1157;1162;1170;1193;1215
hsa04621,NOD-like receptor signaling pathway - Homo sapiens (human),39,AIM2;ANTXR2;ATG16L1;BCL2;BCL2L1;BIRC2;BIRC3;CARD8;CASP1;CCL2;CCL5;CXCL8;CYBA;DEFA4;DNM1L;GBP5;IFNA2;IFNB1;IL18;IL1B;IL6;IRGM;JAK1;JUN;MAP3K7;NFKB1;NFKBIA;NLRP3;NOD2;P2RX7;RELA;STAT1;TAB2;TLR4;TNF;TNFAIP3;TRAF6;TRPM2;TYK2,33;57;84;106;107;114;115;141;144;155;159;289;291;310;324;439;553;554;577;579;592;605;613;616;690;768;770;774;777;808;948;1079;1089;1134;1141;1142;1170;1177;1192
hsa05203,Viral carcinogenesis - Homo sapiens (human),39,C3;CASP3;CCND1;CCNE1;CCR4;CDK6;CDKN2A;CDKN2B;CREB3L1;DDX3X;GSN;HDAC6;HDAC9;HLA-A;HLA-B;HLA-C;HLA-G;HRAS;JAK1;JUN;KRAS;LTBR;NFKB1;NFKB2;NFKBIA;NRAS;PIK3R1;PKM;PRKACA;PRKACB;RB1;RBPJ;REL;RELA;SKP2;STAT3;TP53;TRAF1;UBE3A,133;145;161;162;164;189;192;193;260;309;472;496;497;510;511;512;519;529;613;616;638;678;768;769;770;795;863;867;897;898;941;943;947;948;1020;1080;1162;1168;1195
hsa04659,Th17 cell differentiation - Homo sapiens (human),39,AHR;CD4;FOXP3;GATA3;HIF1A;HLA-DPB1;HLA-DQA1;HLA-DQB1;HLA-DRA;HLA-DRB1;HLA-DRB5;IFNG;IL17A;IL1B;IL2;IL21;IL23A;IL23R;IL2RA;IL4;IL4R;IL6;IL6R;IRF4;JAK1;JUN;NFKB1;NFKBIA;RELA;SMAD2;SMAD3;SMAD4;STAT1;STAT3;TBX21;TGFB1;TGFBR1;TGFBR2;TYK2,30;174;418;437;508;513;514;515;516;517;518;555;576;579;582;583;584;585;586;589;590;592;593;603;613;616;768;770;948;1049;1050;1051;1079;1080;1100;1116;1119;1120;1192
hsa05215,Prostate cancer - Homo sapiens (human),39,AKT1;BCL2;BRAF;CCND1;CCNE1;CREB3L1;CTNNB1;EGFR;ERBB2;FGFR1;FGFR2;FOLR1;FOLR2;GSTP1;HRAS;IGF1;IGF1R;INS;KRAS;MAP2K1;MAP2K2;MMP3;MMP9;NFKB1;NFKBIA;NRAS;PDGFD;PDGFRA;PIK3R1;PLAT;PLAU;PTEN;RAF1;RB1;RELA;SOS1;TCF7;TGFA;TP53,37;106;122;161;162;260;283;348;362;406;407;415;416;475;529;562;563;597;638;687;688;717;718;768;770;795;836;837;863;870;871;919;937;941;948;1068;1105;1115;1162
hsa04064,NF-kappa B signaling pathway - Homo sapiens (human),38,ATM;BCL2;BCL2L1;BIRC2;BIRC3;CARD14;CCL4;CD14;CD40;CD40LG;CXCL12;CXCL8;ICAM1;IL1B;IRAK1;LTA;LTBR;MAP3K7;NFKB1;NFKB2;NFKBIA;PARP1;PLAU;PTGS2;RELA;RIGI;TAB2;TIRAP;TLR4;TNF;TNFAIP3;TNFRSF13C;TNFRSF1A;TNFSF11;TNFSF14;TRAF1;TRAF6;VCAM1,87;106;107;114;115;140;158;169;175;176;287;289;542;579;602;674;678;690;768;769;770;819;871;921;948;955;1089;1132;1134;1141;1142;1145;1148;1152;1153;1168;1170;1213
hsa05170,Human immunodeficiency virus 1 infection - Homo sapiens (human),38,AKT1;AP1S3;ATM;BCL2;BCL2L1;CASP3;CCNB3;CD4;CRKL;FAS;FASLG;GNB3;HLA-A;HLA-B;HLA-C;HLA-G;HRAS;IFNA2;IFNB1;IRAK1;JUN;KRAS;MAP2K1;MAP2K2;MAP3K7;NFKB1;NFKBIA;NRAS;PAK4;PIK3R1;RAF1;RELA;SAMHD1;TAB2;TLR4;TNF;TNFRSF1A;TRAF6,37;60;87;106;107;145;160;174;262;388;389;455;510;511;512;519;529;553;554;602;616;638;687;688;690;768;770;795;815;863;937;948;986;1089;1134;1141;1148;1170
hsa05142,Chagas disease - Homo sapiens (human),38,ACE;AKT1;C3;CCL2;CCL3;CCL5;CXCL8;FAS;FASLG;GNAS;IFNB1;IFNG;IL10;IL12A;IL12B;IL1B;IL2;IL6;IRAK1;JUN;NFKB1;NFKBIA;NOS2;PIK3R1;PPP2CA;RELA;SERPINE1;SMAD2;TGFB1;TGFB2;TGFB3;TGFBR1;TGFBR2;TLR4;TLR9;TNF;TNFRSF1A;TRAF6,11;37;133;155;157;159;289;388;389;454;554;555;570;572;573;579;582;592;602;616;768;770;780;863;891;948;1003;1049;1116;1117;1118;1119;1120;1134;1135;1141;1148;1170
hsa05130,Pathogenic Escherichia coli infection - Homo sapiens (human),37,ACTG1;CASP1;CASP3;CASP7;CLDN11;CLDN18;CXCL8;F2;FAS;FASLG;FCGR2A;GAPDH;GNA13;IL18;IL1B;IL6;IRAK1;JUN;MAP3K7;MYH11;NCK1;NCK2;NFKB1;NFKBIA;NLRP3;PTPN11;RELA;SEC24D;TAB2;TIRAP;TLR4;TNF;TNFRSF1A;TNFSF10;TRAF6;TUBA1B;TUBA1C,15;144;145;146;223;224;289;373;388;389;396;433;453;577;579;592;602;616;690;743;753;754;768;770;774;925;948;998;1089;1132;1134;1141;1148;1151;1170;1188;1189
hsa05323,Rheumatoid arthritis - Homo sapiens (human),37,CCL2;CCL20;CCL3;CCL5;CD80;CD86;CSF2;CTLA4;CTSL;CXCL12;CXCL8;HLA-DPB1;HLA-DQA1;HLA-DQB1;HLA-DRA;HLA-DRB1;HLA-DRB5;ICAM1;IFNG;IL15;IL17A;IL18;IL1A;IL1B;IL23A;IL6;JUN;MMP1;MMP3;PTH;TGFB1;TGFB2;TGFB3;TLR4;TNF;TNFSF11;VEGFA,155;156;157;159;182;184;273;280;284;287;289;513;514;515;516;517;518;542;555;575;576;577;578;579;584;592;616;713;717;922;1116;1117;1118;1134;1141;1152;1217
hsa04062,Chemokine signaling pathway - Homo sapiens (human),37,ADCY2;ADCY5;AKT1;BRAF;CCL11;CCL2;CCL20;CCL3;CCL4;CCL5;CCR4;CCR6;CCR7;CRKL;CXCL10;CXCL11;CXCL12;CXCL14;CXCL8;CXCL9;GNB3;HRAS;KRAS;MAP2K1;NFKB1;NFKBIA;NRAS;PIK3CG;PIK3R1;PRKACA;PRKACB;RAF1;RELA;SOS1;STAT1;STAT3;VAV1,21;22;37;122;154;155;156;157;158;159;164;165;166;262;285;286;287;288;289;290;455;529;638;687;768;770;795;862;863;897;898;937;948;1068;1079;1080;1212
hsa05140,Leishmaniasis - Homo sapiens (human),37,C3;CR1;CYBA;FCGR2A;FCGR3A;FCGR3B;HLA-DPB1;HLA-DQA1;HLA-DQB1;HLA-DRA;HLA-DRB1;HLA-DRB5;IFNG;IL10;IL12A;IL12B;IL1A;IL1B;IL4;IRAK1;JAK1;JUN;MAP3K7;NCF4;NFKB1;NFKBIA;NOS2;PTGS2;RELA;STAT1;TAB2;TGFB1;TGFB2;TGFB3;TLR4;TNF;TRAF6,133;256;291;396;398;399;513;514;515;516;517;518;555;570;572;573;578;579;589;602;613;616;690;752;768;770;780;921;948;1079;1089;1116;1117;1118;1134;1141;1170
hsa04620,Toll-like receptor signaling pathway - Homo sapiens (human),37,AKT1;CCL3;CCL4;CCL5;CD14;CD40;CD80;CD86;CXCL10;CXCL11;CXCL8;CXCL9;IFNA2;IFNB1;IL12A;IL12B;IL1B;IL6;IRAK1;JAK1;JUN;MAP2K1;MAP2K2;MAP3K7;NFKB1;NFKBIA;PIK3R1;RELA;SPP1;STAT1;TAB2;TIRAP;TLR4;TLR9;TNF;TRAF6;TYK2,37;157;158;159;169;175;182;184;285;286;289;290;553;554;572;573;579;592;602;613;616;687;688;690;768;770;863;948;1075;1079;1089;1132;1134;1135;1141;1170;1192
hsa04517,IgSF CAM signaling - Homo sapiens (human),36,ACTG1;AKT1;CD2;CD209;CD80;CD86;CD96;CNTNAP2;CTNNB1;DOK2;FGA;FGB;FGFR1;ICAM1;MAG;MAP2;MAP2K1;MAP2K2;MYH11;MYLK;NCK1;NCK2;NECTIN2;NPHS2;NTRK3;PAK4;PIK3R1;PTPN11;ROBO2;SLITRK5;SLITRK6;TRAF6;TUBA1B;TUBA1C;VAV1;VCL,15;37;171;172;182;184;185;234;283;328;402;403;406;542;681;686;687;688;743;744;753;754;760;785;801;815;863;925;962;1046;1047;1170;1188;1189;1212;1215
hsa04936,Alcoholic liver disease - Homo sapiens (human),36,ADIPOQ;AKT1;ALDH2;C3;CASP3;CCND1;CD14;CPT1B;CTNNB1;CXCL8;CYP2E1;FAS;FASLG;IFNA2;IFNB1;IL12A;IL12B;IL17A;IL1B;IL6;IRAK1;MAP3K5;MAP3K7;NFKB1;NFKBIA;PPARA;PPARGC1A;RELA;SIRT1;TAB2;TCF7;TIRAP;TLR4;TNF;TNFRSF1A;TRAF6,24;37;41;133;145;161;169;255;283;289;300;388;389;553;554;572;573;576;579;592;602;689;690;768;770;886;888;948;1015;1089;1105;1132;1134;1141;1148;1170
hsa04390,Hippo signaling pathway - Homo sapiens (human),36,ACTG1;APC;AREG;BBC3;BIRC2;BIRC3;BMP2;BMP4;BMP6;CCND1;CRB1;CTNNA2;CTNNA3;CTNNB1;FZD4;GLI2;MYC;NF2;PPP2CA;RASSF1;SERPINE1;SMAD2;SMAD3;SMAD4;SOX2;TCF7;TGFB1;TGFB2;TGFB3;TGFBR1;TGFBR2;TP73;WNT1;WNT11;WNT5A;YAP1,15;61;70;103;114;115;118;119;120;161;258;281;282;283;426;451;740;766;891;939;1003;1049;1050;1051;1070;1105;1116;1117;1118;1119;1120;1163;1229;1230;1231;1239
hsa05146,Amoebiasis - Homo sapiens (human),36,ARG1;ARG2;CASP3;CD14;COL1A1;COL1A2;COL3A1;COL4A1;COL4A2;CSF2;CXCL8;FN1;GNAS;HSPB1;IFNG;IL10;IL12A;IL12B;IL1B;IL6;LAMA2;LAMB1;LAMC1;NFKB1;NOS2;PIK3R1;PRKACA;PRKACB;RAB7B;RELA;TGFB1;TGFB2;TGFB3;TLR4;TNF;VCL,71;72;145;169;239;240;242;243;244;273;289;414;454;537;555;570;572;573;579;592;644;645;646;768;780;863;897;898;934;948;1116;1117;1118;1134;1141;1215
hsa04932,Non-alcoholic fatty liver disease - Homo sapiens (human),36,ADIPOQ;AKT1;CASP3;CASP7;CXCL8;CYC1;CYP2E1;EIF2S1;ERN1;FAS;FASLG;IL1A;IL1B;IL6;IL6R;INS;INSR;IRS1;IRS2;JUN;LEP;MAP3K5;NDUFS3;NFKB1;PIK3R1;PPARA;PPARG;RELA;SOCS3;TGFB1;TNF;TNFRSF1A;UQCRB;UQCRC2;UQCRQ;XBP1,24;37;145;146;289;292;300;351;365;388;389;578;579;592;593;597;599;606;607;616;652;689;759;768;863;886;887;948;1064;1116;1141;1148;1202;1203;1204;1234
hsa04145,Phagosome - Homo sapiens (human),36,ACTG1;C1R;C3;CD14;CD209;CD36;CORO1A;CTSL;CYBA;DYNC2H1;FCGR2A;FCGR2B;FCGR3A;FCGR3B;HLA-A;HLA-B;HLA-C;HLA-DPB1;HLA-DQA1;HLA-DQB1;HLA-DRA;HLA-DRB1;HLA-DRB5;HLA-G;MPO;MSR1;NCF4;NOS1;RAB7B;SFTPA2;TFRC;THBS1;THBS2;TLR4;TUBA1B;TUBA1C,15;131;133;169;172;173;252;284;291;337;396;397;398;399;510;511;512;513;514;515;516;517;518;519;722;727;752;779;934;1007;1113;1125;1126;1134;1188;1189
hsa04380,Osteoclast differentiation - Homo sapiens (human),35,AKT1;CALCR;CYBA;FCGR2A;FCGR2B;FCGR3A;FCGR3B;IFNB1;IFNG;IL1A;IL1B;JAK1;JUN;MAP2K1;MAP3K7;NCF4;NFKB1;NFKB2;NFKBIA;PIK3R1;PPARG;RELA;SOCS3;STAT1;TAB2;TGFB1;TGFB2;TGFBR1;TGFBR2;TNF;TNFRSF11B;TNFRSF1A;TNFSF11;TRAF6;TYK2,37;136;291;396;397;398;399;554;555;578;579;613;616;687;690;752;768;769;770;863;887;948;1064;1079;1089;1116;1117;1119;1120;1141;1143;1148;1152;1170;1192
hsa04820,Cytoskeleton in muscle cells - Homo sapiens (human),35,ACTG1;ATP1B2;BGN;COL11A1;COL11A2;COL1A1;COL1A2;COL3A1;COL4A1;COL4A2;COL5A1;COL5A2;COL9A1;COL9A2;COL9A3;CSRP2;DAAM2;DSP;ENO1;ENO2;FBN1;FBN2;FN1;LAMA2;LMOD1;MYH11;PDLIM4;PDLIM5;THBS1;THBS2;TLN1;TPM4;VCAN;VCL;VIM,15;91;112;235;236;239;240;242;243;244;245;246;247;248;249;276;303;334;355;356;390;391;414;644;661;743;838;839;1125;1126;1133;1165;1214;1215;1220
hsa01522,Endocrine resistance - Homo sapiens (human),35,ADCY2;ADCY5;AKT1;BCL2;BRAF;CARM1;CCND1;CDKN2A;CYP2D6;EGFR;ERBB2;ESR1;ESR2;GNAS;GPER1;HRAS;IGF1;IGF1R;JAG1;JAG2;JUN;KRAS;MAP2K1;MAP2K2;MMP2;MMP9;NOTCH1;NRAS;PIK3R1;PRKACA;PRKACB;RAF1;RB1;SOS1;TP53,21;22;37;106;122;143;161;192;299;348;362;366;367;454;462;529;562;563;611;612;616;638;687;688;716;718;782;795;863;897;898;937;941;1068;1162
hsa04810,Regulation of actin cytoskeleton - Homo sapiens (human),35,ACTG1;AKT1;APC;BRAF;CHRM3;CRKL;CXCL12;EGFR;F2;FGF2;FGF8;FGFR1;FGFR2;FGFR3;FN1;GNA13;GSN;HRAS;INS;KRAS;MAP2K1;MAP2K2;MRAS;MYH11;MYLK;NRAS;PAK4;PDGFD;PDGFRA;PIK3R1;RAF1;SLC9A1;SOS1;VAV1;VCL,15;37;61;122;213;262;287;348;373;404;405;406;407;408;414;453;472;529;597;638;687;688;723;743;744;795;815;836;837;863;937;1045;1068;1212;1215
hsa04714,Thermogenesis - Homo sapiens (human),34,ACTG1;ADCY2;ADCY5;ARID1A;ARID1B;CNR1;CPT1B;CREB3L1;CYC1;FGFR1;GNAS;HRAS;KRAS;MAP3K5;MGLL;NDUFS3;NPPB;NRAS;PPARG;PPARGC1A;PRDM16;PRKACA;PRKACB;PRKG1;SMARCA2;SMARCA4;SMARCB1;SMARCE1;SOS1;TSC1;TSC2;UQCRB;UQCRC2;UQCRQ,15;21;22;73;74;232;255;260;292;406;454;529;638;689;705;759;787;795;887;888;893;897;898;899;1053;1054;1055;1056;1068;1180;1181;1202;1203;1204
hsa04140,Autophagy - animal - Homo sapiens (human),34,AKT1;ATG16L1;ATG4C;BCL2;BCL2L1;BNIP3;C9ORF72;CTSL;DDIT4;EIF2S1;ERN1;HIF1A;HRAS;IGF1R;INS;IRS1;IRS2;KRAS;MAP2K1;MAP2K2;MAP3K7;MRAS;NRAS;PIK3R1;PPP2CA;PRKACA;PRKACB;PTEN;RAB7B;RAF1;TRAF6;TSC1;TSC2;VAMP8,37;84;85;106;107;121;134;284;308;351;365;508;529;563;597;606;607;638;687;688;690;723;795;863;891;897;898;919;934;937;1170;1180;1181;1209
hsa04514,Cell adhesion molecule (CAM) interaction - Homo sapiens (human),34,CD2;CD4;CD40;CD40LG;CD58;CD6;CD80;CD86;CLDN11;CLDN18;CNTNAP2;CTLA4;HLA-A;HLA-B;HLA-C;HLA-DPB1;HLA-DQA1;HLA-DQB1;HLA-DRA;HLA-DRB1;HLA-DRB5;HLA-G;ICAM1;ICOS;ICOSLG;MAG;NECTIN2;PDCD1;PECAM1;SELE;SLITRK5;SLITRK6;VCAM1;VCAN,171;174;175;176;179;180;182;184;223;224;234;280;510;511;512;513;514;515;516;517;518;519;542;543;544;681;760;830;840;999;1046;1047;1213;1214
hsa05144,Malaria - Homo sapiens (human),33,ACKR1;CCL2;CD36;CD40;CD40LG;CD81;CR1;CSF3;CXCL8;GYPA;GYPB;GYPC;HBB;HGF;ICAM1;IFNG;IL10;IL12A;IL18;IL1B;IL6;MET;PECAM1;SELE;TGFB1;TGFB2;TGFB3;THBS1;THBS2;TLR4;TLR9;TNF;VCAM1,13;155;173;175;176;183;256;274;289;481;482;483;490;503;542;555;570;572;577;579;592;701;840;999;1116;1117;1118;1125;1126;1134;1135;1141;1213
hsa04066,HIF-1 signaling pathway - Homo sapiens (human),33,AKT1;BCL2;EDN1;EGFR;ENO1;ENO2;EPO;ERBB2;GAPDH;HIF1A;HMOX1;IFNG;IGF1;IGF1R;IL6;IL6R;INS;INSR;LTBR;MAP2K1;MAP2K2;NFKB1;NOS2;NOS3;PIK3R1;RELA;SERPINE1;STAT3;TF;TFRC;TLR4;VEGFA;VHL,37;106;343;348;355;356;359;362;433;508;522;555;562;563;592;593;597;599;678;687;688;768;780;781;863;948;1003;1080;1110;1113;1134;1217;1219
hsa04657,IL-17 signaling pathway - Homo sapiens (human),33,CASP3;CCL11;CCL2;CCL20;CSF2;CSF3;CXCL10;CXCL8;IFNG;IL13;IL17A;IL1B;IL4;IL5;IL6;JUN;LCN2;MAP3K7;MMP1;MMP3;MMP9;MUC5B;NFKB1;NFKBIA;PTGS2;RELA;S100A7;S100A9;TAB2;TNF;TNFAIP3;TRAF3IP2;TRAF6,145;154;155;156;273;274;285;289;555;574;576;579;589;591;592;616;650;690;713;717;718;734;768;770;921;948;982;983;1089;1141;1142;1169;1170
hsa04660,T cell receptor signaling pathway - Homo sapiens (human),33,AKT1;CBLB;CD4;CD40LG;CSF2;CTLA4;HRAS;ICOS;IFNG;IL10;IL2;IL4;IL5;JUN;KRAS;MAP2K1;MAP2K2;MAP3K7;NCK1;NCK2;NFKB1;NFKBIA;NRAS;PAK4;PDCD1;PIK3R1;PPP2CA;PTPN11;RAF1;RELA;SOS1;TNF;VAV1,37;150;174;176;273;280;529;543;555;570;582;589;591;616;638;687;688;690;753;754;768;770;795;815;830;863;891;925;937;948;1068;1141;1212
hsa01521,EGFR tyrosine kinase inhibitor resistance - Homo sapiens (human),32,AKT1;BCL2;BCL2L1;BRAF;EGFR;ERBB2;FGF2;FGFR2;FGFR3;HGF;HRAS;IGF1;IGF1R;IL6;IL6R;JAK1;KRAS;MAP2K1;MAP2K2;MET;NF1;NRAS;NRG1;PDGFD;PDGFRA;PIK3R1;PTEN;RAF1;SOS1;STAT3;TGFA;VEGFA,37;106;107;122;348;362;404;407;408;503;529;562;563;592;593;613;638;687;688;701;765;795;796;836;837;863;919;937;1068;1080;1115;1217
hsa04072,Phospholipase D signaling pathway - Homo sapiens (human),32,ADCY2;ADCY5;AGT;AGTR1;AKT1;CXCL8;DGKE;DGKK;EGFR;F2;GNA13;GNAS;GRM4;HRAS;INS;INSR;KRAS;LPAR6;MAP2K1;MAP2K2;MRAS;NRAS;PDGFD;PDGFRA;PIK3CG;PIK3R1;PLPP3;PTPN11;RAF1;SOS1;TSC1;TSC2,21;22;28;29;37;289;315;316;348;373;453;454;469;529;597;599;638;665;687;688;723;795;836;837;862;863;877;925;937;1068;1180;1181
hsa04640,Hematopoietic cell lineage - Homo sapiens (human),32,CD14;CD19;CD2;CD36;CD4;CD44;CR1;CR2;CSF2;CSF3;EPO;FCER2;GYPA;HLA-DPB1;HLA-DQA1;HLA-DQB1;HLA-DRA;HLA-DRB1;HLA-DRB5;IL1A;IL1B;IL2RA;IL4;IL4R;IL5;IL6;IL6R;IL7;IL7R;MS4A1;TFRC;TNF,169;170;171;173;174;177;256;257;273;274;359;395;481;513;514;515;516;517;518;578;579;586;589;590;591;592;593;594;595;725;1113;1141
hsa04371,Apelin signaling pathway - Homo sapiens (human),32,ACTA2;ADCY2;ADCY5;AGTR1;AKT1;CCND1;GNA13;GNB3;HRAS;JAG1;KRAS;MAP2K1;MAP2K2;MRAS;MYLK;NOS1;NOS2;NOS3;NRAS;PIK3CG;PLAT;PPARGC1A;PRKACA;PRKACB;RAF1;SERPINE1;SLC9A1;SMAD2;SMAD3;SMAD4;SPP1;TGFBR1,14;21;22;29;37;161;453;455;529;611;638;687;688;723;744;779;780;781;795;862;870;888;897;898;937;1003;1045;1049;1050;1051;1075;1119
hsa04934,Cushing syndrome - Homo sapiens (human),31,ADCY2;ADCY5;AGT;AGTR1;AHR;AIPL1;APC;BRAF;CCND1;CCNE1;CDK6;CDKN2A;CDKN2B;CREB3L1;CTNNB1;EGFR;FZD4;GNAS;HSD3B2;LDLR;MAP2K1;MAP2K2;PBX1;POMC;PRKACA;PRKACB;RB1;TCF7;WNT1;WNT11;WNT5A,21;22;28;29;30;34;61;122;161;162;189;192;193;260;283;348;426;454;533;651;687;688;823;883;897;898;941;1105;1229;1230;1231
hsa04350,TGF-beta signaling pathway - Homo sapiens (human),31,ACVR1;BMP2;BMP4;BMP6;CDKN2B;FBN1;HAMP;HFE;HJV;ID3;IFNG;MYC;NODAL;PPP2CA;SKI;SMAD2;SMAD3;SMAD4;SMAD6;TF;TFR2;TFRC;TGFB1;TGFB2;TGFB3;TGFBR1;TGFBR2;TGIF1;THBS1;THSD4;TNF,16;118;119;120;193;390;488;502;509;545;555;740;778;891;1019;1049;1050;1051;1052;1110;1112;1113;1116;1117;1118;1119;1120;1121;1125;1128;1141
hsa04144,Endocytosis - Homo sapiens (human),31,CBL;CBLB;CHMP2B;EGFR;EHD1;FGFR2;FGFR3;FOLR1;FOLR2;HLA-A;HLA-B;HLA-C;HLA-G;HRAS;HSPA1A;HSPA1B;IGF1R;IGF2R;IL2RA;KIF5B;LDLR;NEDD4L;PDGFRA;PSD3;SMAD2;SMAD3;TFRC;TGFBR1;TGFBR2;TRAF6;VPS35,149;150;212;348;349;407;408;415;416;510;511;512;519;529;534;535;563;566;586;634;651;761;837;909;1049;1050;1113;1119;1120;1170;1223
hsa04658,Th1 and Th2 cell differentiation - Homo sapiens (human),31,CD4;GATA3;HLA-DPB1;HLA-DQA1;HLA-DQB1;HLA-DRA;HLA-DRB1;HLA-DRB5;IFNG;IL12A;IL12B;IL13;IL2;IL2RA;IL4;IL4R;IL5;JAG1;JAG2;JAK1;JUN;NFKB1;NFKBIA;NOTCH1;RBPJ;RELA;RUNX3;STAT1;STAT4;TBX21;TYK2,174;437;513;514;515;516;517;518;555;572;573;574;582;586;589;590;591;611;612;613;616;768;770;782;943;948;978;1079;1081;1100;1192
hsa04915,Estrogen signaling pathway - Homo sapiens (human),31,ADCY2;ADCY5;AKT1;BCL2;CREB3L1;EGFR;ESR1;ESR2;GNAS;GPER1;HRAS;HSPA1A;HSPA1B;JUN;KRAS;KRT19;MAP2K1;MAP2K2;MMP2;MMP9;NOS3;NRAS;PGR;PIK3R1;POMC;PRKACA;PRKACB;RAF1;SOS1;TFF1;TGFA,21;22;37;106;260;348;366;367;454;462;529;534;535;616;638;639;687;688;716;718;781;795;856;863;883;897;898;937;1068;1111;1115
hsa05210,Colorectal cancer - Homo sapiens (human),31,AKT1;APC;AREG;BBC3;BCL2;BRAF;CASP3;CCND1;CTNNB1;EGFR;HRAS;JUN;KRAS;MAP2K1;MAP2K2;MYC;NRAS;PIK3R1;RAF1;SMAD2;SMAD3;SMAD4;SOS1;TCF7;TGFA;TGFB1;TGFB2;TGFB3;TGFBR1;TGFBR2;TP53,37;61;70;103;106;122;145;161;283;348;529;616;638;687;688;740;795;863;937;1049;1050;1051;1068;1105;1115;1116;1117;1118;1119;1120;1162
hsa04722,Neurotrophin signaling pathway - Homo sapiens (human),31,AKT1;BCL2;BDNF;BRAF;CRKL;FASLG;HRAS;IRAK1;IRS1;JUN;KRAS;MAP2K1;MAP2K2;MAP3K5;NFKB1;NFKBIA;NGF;NRAS;NTRK1;NTRK2;NTRK3;PIK3R1;PTPN11;RAF1;RELA;SH2B3;SORT1;SOS1;TP53;TP73;TRAF6,37;106;110;122;262;389;529;602;606;616;638;687;688;689;768;770;771;795;799;800;801;863;925;937;948;1010;1067;1068;1162;1163;1170
hsa05212,Pancreatic cancer - Homo sapiens (human),30,AKT1;BCL2L1;BRAF;BRCA2;CCND1;CDK6;CDKN2A;EGFR;ERBB2;JAK1;KRAS;MAP2K1;NFKB1;PIK3R1;RAF1;RB1;RELA;SMAD2;SMAD3;SMAD4;STAT1;STAT3;TGFA;TGFB1;TGFB2;TGFB3;TGFBR1;TGFBR2;TP53;VEGFA,37;107;122;123;161;189;192;348;362;613;638;687;768;863;937;941;948;1049;1050;1051;1079;1080;1115;1116;1117;1118;1119;1120;1162;1217
hsa05020,Prion disease - Homo sapiens (human),30,CASP3;CCL5;CREB3L1;CYBA;CYC1;EIF2S1;HSPA1A;HSPA1B;IL1A;IL1B;IL6;KIF5B;LAMC1;NCF4;NDUFS3;NOTCH1;PIK3R1;PRKACA;PRKACB;PRNP;PSMA2;PSMA5;PSMD14;SOD1;TNF;TUBA1B;TUBA1C;UQCRB;UQCRC2;UQCRQ,145;159;260;291;292;351;534;535;578;579;592;634;646;752;759;782;863;897;898;904;910;911;912;1065;1141;1188;1189;1202;1203;1204
hsa05135,Yersinia infection - Homo sapiens (human),30,ACTG1;AKT1;CASP1;CCL2;CD4;CRKL;CXCL8;FCGR2A;FN1;IFNB1;IL10;IL18;IL1B;IL2;IL6;IRAK1;JUN;MAP2K1;MAP2K2;MAP3K7;NFKB1;NFKBIA;NLRP3;PIK3R1;RELA;TAB2;TLR4;TNF;TRAF6;VAV1,15;37;144;155;174;262;289;396;414;554;570;577;579;582;592;602;616;687;688;690;768;770;774;863;948;1089;1134;1141;1170;1212
hsa04217,Necroptosis - Homo sapiens (human),30,AIFM1;ALOX15;BCL2;BIRC2;BIRC3;CAPN2;CASP1;CHMP2B;DNM1L;FAS;FASLG;FTH1;IFNA2;IFNB1;IFNG;IL1A;IL1B;IL33;JAK1;NLRP3;PARP1;STAT1;STAT3;STAT4;TLR4;TNF;TNFAIP3;TNFRSF1A;TNFSF10;TYK2,32;45;106;114;115;138;144;212;324;388;389;422;553;554;555;578;579;587;613;774;819;1079;1080;1081;1134;1141;1142;1148;1151;1192
hsa05220,Chronic myeloid leukemia - Homo sapiens (human),30,AKT1;BCL2L1;BRAF;CBL;CCND1;CDK6;CDKN2A;CRKL;HRAS;KRAS;MAP2K1;MAP2K2;MYC;NFKB1;NFKBIA;NRAS;PIK3R1;PTPN11;RAF1;RB1;RELA;SMAD3;SMAD4;SOS1;TGFB1;TGFB2;TGFB3;TGFBR1;TGFBR2;TP53,37;107;122;149;161;189;192;262;529;638;687;688;740;768;770;795;863;925;937;941;948;1050;1051;1068;1116;1117;1118;1119;1120;1162
hsa04148,Efferocytosis - Homo sapiens (human),30,ABCA1;AGER;ALOX15;ALOX5;ARG1;ARG2;ATP11A;CASP1;CASP3;CASP7;CD36;CPT1B;CRKL;DNMT3A;EPO;HIF1A;IL10;LIPA;MAP2K1;MAP2K2;MERTK;PBX1;PECAM1;PPARG;PTGS2;PTPN11;RAB7B;SIRT1;TGFB1;THBS1,2;27;45;46;71;72;89;144;145;146;173;255;262;326;359;508;570;658;687;688;699;823;840;887;921;925;934;1015;1116;1125
hsa04061,Viral protein interaction with cytokine and cytokine receptor - Homo sapiens (human),29,CCL11;CCL2;CCL20;CCL3;CCL4;CCL5;CCR4;CCR6;CCR7;CXCL10;CXCL11;CXCL12;CXCL14;CXCL8;CXCL9;IL10;IL10RA;IL18;IL2;IL2RA;IL6;IL6R;LTA;LTBR;TNF;TNFRSF14;TNFRSF1A;TNFSF10;TNFSF14,154;155;156;157;158;159;164;165;166;285;286;287;288;289;290;570;571;577;582;586;592;593;674;678;1141;1146;1148;1151;1153
hsa05016,Huntington disease - Homo sapiens (human),29,BBC3;BDNF;CASP3;CREB3L1;CYC1;DCTN4;DNAH5;ERN1;GPX1;GRIA4;HTT;KCNJ10;KIF5B;MAP3K5;NDUFS3;PPARG;PPARGC1A;PSMA2;PSMA5;PSMD14;SOD1;SOD2;TGM2;TP53;TUBA1B;TUBA1C;UQCRB;UQCRC2;UQCRQ,103;110;145;260;292;305;323;365;465;468;540;623;634;689;759;887;888;910;911;912;1065;1066;1122;1162;1188;1189;1202;1203;1204
hsa04150,mTOR signaling pathway - Homo sapiens (human),29,AKT1;BRAF;DDIT4;FZD4;HRAS;IGF1;IGF1R;INS;INSR;IRS1;KRAS;LRP5;MAP2K1;MAP2K2;NRAS;PIK3R1;PTEN;RAF1;SKP2;SOS1;STRADA;TBC1D7;TNF;TNFRSF1A;TSC1;TSC2;WNT1;WNT11;WNT5A,37;122;308;426;529;562;563;597;599;606;638;670;687;688;795;863;919;937;1020;1068;1084;1096;1141;1148;1180;1181;1229;1230;1231
hsa05034,Alcoholism - Homo sapiens (human),29,ADCY5;BDNF;BRAF;CREB3L1;DDC;DRD1;DRD2;GNAS;GNB3;H3-3A;H3C2;HDAC6;HDAC9;HRAS;KRAS;MAOA;MAOB;MAP2K1;NPY;NRAS;NTRK2;PRKACA;PRKACB;RAF1;SLC18A2;SLC29A1;SLC6A3;SOS1;TH,22;110;122;260;307;331;332;454;455;485;486;496;497;529;638;684;685;687;790;795;800;897;898;937;1026;1029;1043;1068;1123
hsa04211,Longevity regulating pathway - Homo sapiens (human),29,ADCY2;ADCY5;ADIPOQ;AKT1;CAT;CREB3L1;EHMT1;HRAS;IGF1;IGF1R;INS;INSR;IRS1;IRS2;KL;KRAS;NFKB1;NRAS;PIK3R1;PPARG;PPARGC1A;PRKACA;PRKACB;RELA;SIRT1;SOD2;TP53;TSC1;TSC2,21;22;24;37;147;260;350;529;562;563;597;599;606;607;635;638;768;795;863;887;888;897;898;948;1015;1066;1162;1180;1181
hsa05222,Small cell lung cancer - Homo sapiens (human),29,AKT1;BCL2;BCL2L1;BIRC2;BIRC3;CASP3;CCND1;CCNE1;CDK6;CDKN2B;COL4A1;COL4A2;FN1;LAMA2;LAMB1;LAMC1;MYC;NFKB1;NFKBIA;NOS2;PIK3R1;PTEN;PTGS2;RB1;RELA;SKP2;TP53;TRAF1;TRAF6,37;106;107;114;115;145;161;162;189;193;243;244;414;644;645;646;740;768;770;780;863;919;921;941;948;1020;1162;1168;1170
hsa04613,Neutrophil extracellular trap formation - Homo sapiens (human),29,ACTG1;AGER;AKT1;C3;CASP1;CLCN3;CLCN5;CR1;CYBA;FCGR2A;FCGR3A;FCGR3B;FGA;FGB;FPR2;H3-3A;H3C2;HDAC6;HDAC9;MAP2K1;MAP2K2;MAP3K7;MPO;NCF4;NFKB1;PIK3R1;RAF1;RELA;TLR4,15;27;37;133;144;221;222;256;291;396;398;399;402;403;419;485;486;496;497;687;688;690;722;752;768;863;937;948;1134
hsa04625,C-type lectin receptor signaling pathway - Homo sapiens (human),28,AKT1;BCL3;CASP1;CBLB;CD209;HRAS;IL10;IL12A;IL12B;IL1B;IL2;IL23A;IL6;JUN;KRAS;MRAS;NFKB1;NFKB2;NFKBIA;NLRP3;NRAS;PIK3R1;PTGS2;PTPN11;RAF1;RELA;STAT1;TNF,37;108;144;150;172;529;570;572;573;579;582;584;592;616;638;723;768;769;770;774;795;863;921;925;937;948;1079;1141
hsa04650,Natural killer cell mediated cytotoxicity - Homo sapiens (human),28,BRAF;CASP3;CSF2;FAS;FASLG;FCGR3A;FCGR3B;HLA-A;HLA-B;HLA-C;HLA-G;HRAS;ICAM1;IFNA2;IFNB1;IFNG;KRAS;MAP2K1;MAP2K2;NCR3;NRAS;PIK3R1;PTPN11;RAF1;SOS1;TNF;TNFSF10;VAV1,122;145;273;388;389;398;399;510;511;512;519;529;542;553;554;555;638;687;688;755;795;863;925;937;1068;1141;1151;1212
hsa05133,Pertussis - Homo sapiens (human),28,C1R;C1S;C3;CASP1;CASP3;CASP7;CD14;CXCL8;IL10;IL12A;IL12B;IL1A;IL1B;IL23A;IL6;IRAK1;IRF8;JUN;NFKB1;NLRP3;NOS2;RELA;SERPING1;SFTPA2;TIRAP;TLR4;TNF;TRAF6,131;132;133;144;145;146;169;289;570;572;573;578;579;584;592;602;604;616;768;774;780;948;1005;1007;1132;1134;1141;1170
hsa05235,PD-L1 expression and PD-1 checkpoint pathway in cancer - Homo sapiens (human),27,AKT1;ALK;CD4;EGFR;HIF1A;HRAS;IFNG;JAK1;JUN;KRAS;MAP2K1;MAP2K2;NFKB1;NFKBIA;NRAS;PDCD1;PIK3R1;PTEN;PTPN11;RAF1;RELA;STAT1;STAT3;TIRAP;TLR4;TLR9;TRAF6,37;43;174;348;508;529;555;613;616;638;687;688;768;770;795;830;863;919;925;937;948;1079;1080;1132;1134;1135;1170
hsa04910,Insulin signaling pathway - Homo sapiens (human),27,AKT1;BRAF;CBL;CBLB;CRKL;FBP1;FLOT1;HRAS;INS;INSR;IRS1;IRS2;KRAS;MAP2K1;MAP2K2;NRAS;PCK1;PIK3R1;PPARGC1A;PRKACA;PRKACB;RAF1;SOCS2;SOCS3;SOS1;TSC1;TSC2,37;122;149;150;262;392;413;529;597;599;606;607;638;687;688;795;827;863;888;897;898;937;1063;1064;1068;1180;1181
hsa04610,Complement and coagulation cascades - Homo sapiens (human),26,A2M;C1R;C1S;C3;CD46;CFB;CFH;CFHR1;CFHR3;CFI;CR1;CR2;F2;F3;F7;FGA;FGB;PLAT;PLAU;PROC;PROCR;SERPINC1;SERPINE1;SERPING1;THBD;VTN,0;131;132;133;178;201;202;203;204;205;256;257;373;374;375;402;403;870;871;905;906;1002;1003;1005;1124;1224
hsa05320,Autoimmune thyroid disease - Homo sapiens (human),26,CD40;CD40LG;CD80;CD86;CTLA4;FAS;FASLG;HLA-A;HLA-B;HLA-C;HLA-DPB1;HLA-DQA1;HLA-DQB1;HLA-DRA;HLA-DRB1;HLA-DRB5;HLA-G;IFNA2;IL10;IL2;IL4;IL5;TG;TPO;TSHB;TSHR,175;176;182;184;280;388;389;510;511;512;513;514;515;516;517;518;519;553;570;582;589;591;1114;1166;1182;1183
hsa05223,Non-small cell lung cancer - Homo sapiens (human),26,AKT1;ALK;BRAF;CCND1;CDK6;CDKN2A;EGFR;ERBB2;HGF;HRAS;KIF5B;KRAS;MAP2K1;MAP2K2;MET;NRAS;PIK3R1;RAF1;RASSF1;RASSF5;RB1;RET;SOS1;STAT3;TGFA;TP53,37;43;122;161;189;192;348;362;503;529;634;638;687;688;701;795;863;937;939;940;941;950;1068;1080;1115;1162
hsa05230,Central carbon metabolism in cancer - Homo sapiens (human),26,AKT1;EGFR;ERBB2;FGFR1;FGFR2;FGFR3;G6PD;HIF1A;HRAS;IDH1;IDH2;KRAS;MAP2K1;MAP2K2;MET;MYC;NRAS;NTRK1;NTRK3;PDGFRA;PIK3R1;PKM;PTEN;RAF1;RET;TP53,37;348;362;406;407;408;427;508;529;546;547;638;687;688;701;740;795;799;801;837;863;867;919;937;950;1162
hsa04152,AMPK signaling pathway - Homo sapiens (human),26,ADIPOQ;AKT1;CCND1;CD36;CFTR;CPT1B;CREB3L1;FBP1;HMGCR;IGF1;IGF1R;INS;INSR;IRS1;IRS2;LEP;MAP3K7;PCK1;PIK3R1;PPARG;PPARGC1A;PPP2CA;SIRT1;STRADA;TSC1;TSC2,24;37;161;173;206;255;260;392;520;562;563;597;599;606;607;652;690;827;863;887;888;891;1015;1084;1180;1181
hsa04940,Type I diabetes mellitus - Homo sapiens (human),25,CD80;CD86;FAS;FASLG;GAD1;GAD2;HLA-A;HLA-B;HLA-C;HLA-DPB1;HLA-DQA1;HLA-DQB1;HLA-DRA;HLA-DRB1;HLA-DRB5;HLA-G;IFNG;IL12A;IL12B;IL1A;IL1B;IL2;INS;LTA;TNF,182;184;388;389;429;430;510;511;512;513;514;515;516;517;518;519;555;572;573;578;579;582;597;674;1141
hsa05218,Melanoma - Homo sapiens (human),25,AKT1;BRAF;CCND1;CDK6;CDKN2A;EGFR;FGF2;FGF8;FGFR1;HGF;HRAS;IGF1;IGF1R;KRAS;MAP2K1;MAP2K2;MET;NRAS;PDGFD;PDGFRA;PIK3R1;PTEN;RAF1;RB1;TP53,37;122;161;189;192;348;404;405;406;503;529;562;563;638;687;688;701;795;836;837;863;919;937;941;1162
hsa04935,"Growth hormone synthesis, secretion and action - Homo sapiens (human)",25,ADCY2;ADCY5;AKT1;CREB3L1;CRKL;GHRL;GNAS;HRAS;IGF1;IRS1;IRS2;KRAS;MAP2K1;MAP2K2;NRAS;PIK3R1;PRKACA;PRKACB;RAF1;SOCS2;SOCS3;SOS1;SST;STAT1;STAT3,21;22;37;260;262;447;454;529;562;606;607;638;687;688;795;863;897;898;937;1063;1064;1068;1077;1079;1080
hsa04928,"Parathyroid hormone synthesis, secretion and action - Homo sapiens (human)",25,ADCY2;ADCY5;BCL2;BGLAP;BRAF;CREB3L1;CYP24A1;EGFR;FGFR1;GATA3;GNA13;GNAS;KL;LRP5;MAP2K1;PDE4B;PDE4D;PRKACA;PRKACB;PTH;PTHLH;RAF1;RUNX2;TNFSF11;VDR,21;22;106;111;122;260;296;348;406;437;453;454;635;670;687;831;832;897;898;922;923;937;977;1152;1216
hsa04726,Serotonergic synapse - Homo sapiens (human),25,ADCY5;ALOX15;ALOX5;BRAF;CASP3;CYP2D6;DDC;GABRB3;GNAS;GNB3;HRAS;HTR1D;HTR2A;KCND2;KRAS;MAOA;MAOB;MAP2K1;NRAS;PRKACA;PRKACB;PTGS2;RAF1;SLC18A2;SLC6A4,22;45;46;122;145;299;307;428;454;455;529;538;539;618;638;684;685;687;795;897;898;921;937;1026;1044
hsa04917,Prolactin signaling pathway - Homo sapiens (human),25,AKT1;CCND1;CISH;ESR1;ESR2;HRAS;INS;KRAS;LHB;MAP2K1;MAP2K2;NFKB1;NRAS;PIK3R1;PRL;PRLR;RAF1;RELA;SOCS2;SOCS3;SOS1;STAT1;STAT3;TH;TNFSF11,37;161;219;366;367;529;597;638;653;687;688;768;795;863;901;902;937;948;1063;1064;1068;1079;1080;1123;1152
hsa04022,cGMP-PKG signaling pathway - Homo sapiens (human),24,ADCY2;ADCY5;AGTR1;AKT1;ATP1B2;ATP2B1;CNGA1;CNGB1;CREB3L1;EDNRB;GNA13;GUCY1A1;INS;INSR;IRS1;IRS2;MAP2K1;MAP2K2;MYLK;NOS3;NPPB;PIK3CG;PRKG1;RAF1,21;22;29;37;91;92;230;231;260;345;453;479;597;599;606;607;687;688;744;781;787;862;899;937
hsa05211,Renal cell carcinoma - Homo sapiens (human),24,AKT1;BRAF;CRKL;ETS1;HGF;HIF1A;HRAS;JUN;KRAS;MAP2K1;MAP2K2;MET;NRAS;PAK4;PIK3R1;PTPN11;RAF1;SOS1;TGFA;TGFB1;TGFB2;TGFB3;VEGFA;VHL,37;122;262;370;503;508;529;616;638;687;688;701;795;815;863;925;937;1068;1115;1116;1117;1118;1217;1219
hsa05330,Allograft rejection - Homo sapiens (human),24,CD40;CD40LG;CD80;CD86;FAS;FASLG;HLA-A;HLA-B;HLA-C;HLA-DPB1;HLA-DQA1;HLA-DQB1;HLA-DRA;HLA-DRB1;HLA-DRB5;HLA-G;IFNG;IL10;IL12A;IL12B;IL2;IL4;IL5;TNF,175;176;182;184;388;389;510;511;512;513;514;515;516;517;518;519;555;570;572;573;582;589;591;1141
hsa04921,Oxytocin signaling pathway - Homo sapiens (human),24,ACTG1;ADCY2;ADCY5;CCND1;EGFR;GNAS;GUCY1A1;HRAS;JUN;KCNJ4;KRAS;MAP2K1;MAP2K2;MYLK;NOS3;NRAS;OXT;PIK3CG;PRKACA;PRKACB;PTGS2;RAF1;RCAN1;TRPM2,15;21;22;161;348;454;479;529;616;625;638;687;688;744;781;795;807;862;897;898;921;937;944;1177
hsa04919,Thyroid hormone signaling pathway - Homo sapiens (human),24,ACTG1;AKT1;ATP1B2;BMP4;CCND1;CTNNB1;ESR1;HIF1A;HRAS;KRAS;MAP2K1;MAP2K2;MYC;NOTCH1;NRAS;PIK3R1;PRKACA;PRKACB;RAF1;RCAN1;SLC9A1;STAT1;TP53;TSC2,15;37;91;119;161;283;366;508;529;638;687;688;740;782;795;863;897;898;937;944;1045;1079;1162;1181
hsa04931,Insulin resistance - Homo sapiens (human),24,AGT;AKT1;CD36;CPT1B;CREB3L1;IL6;INS;INSR;IRS1;IRS2;NFKB1;NFKBIA;NOS3;PCK1;PIK3R1;PPARA;PPARGC1A;PTEN;PTPN11;RELA;SOCS3;STAT3;TNF;TNFRSF1A,28;37;173;255;260;592;597;599;606;607;768;770;781;827;863;886;888;919;925;948;1064;1080;1141;1148
hsa04012,ErbB signaling pathway - Homo sapiens (human),23,AKT1;AREG;BRAF;CBL;CBLB;CRKL;EGFR;ERBB2;HRAS;JUN;KRAS;MAP2K1;MAP2K2;MYC;NCK1;NCK2;NRAS;NRG1;PAK4;PIK3R1;RAF1;SOS1;TGFA,37;70;122;149;150;262;348;362;529;616;638;687;688;740;753;754;795;796;815;863;937;1068;1115
hsa04611,Platelet activation - Homo sapiens (human),23,ACTG1;ADCY2;ADCY5;AKT1;COL1A1;COL1A2;COL3A1;F2;FCGR2A;FGA;FGB;GNA13;GNAS;GUCY1A1;MYLK;NOS3;PIK3CG;PIK3R1;PRKACA;PRKACB;PRKG1;TLN1;VAMP8,15;21;22;37;239;240;242;373;396;402;403;453;454;479;744;781;862;863;897;898;899;1133;1209
hsa04110,Cell cycle - Homo sapiens (human),23,ATM;ATRX;CCNB3;CCND1;CCNE1;CDK6;CDKN2A;CDKN2B;CHEK2;MYC;PCNA;PLK1;PPP2CA;PTTG1;RB1;SKP2;SMAD2;SMAD3;SMAD4;TGFB1;TGFB2;TGFB3;TP53,87;93;160;161;162;189;192;193;209;740;828;873;891;929;941;1020;1049;1050;1051;1116;1117;1118;1162
hsa04672,Intestinal immune network for IgA production - Homo sapiens (human),23,CD40;CD40LG;CD80;CD86;CXCL12;HLA-DPB1;HLA-DQA1;HLA-DQB1;HLA-DRA;HLA-DRB1;HLA-DRB5;ICOS;ICOSLG;IL10;IL15;IL2;IL4;IL5;IL6;LTBR;TGFB1;TNFRSF13B;TNFRSF13C,175;176;182;184;287;513;514;515;516;517;518;543;544;570;575;582;589;591;592;678;1116;1144;1145
hsa04310,Wnt signaling pathway - Homo sapiens (human),23,APC;CCND1;CTNNB1;DAAM2;FZD4;JUN;LRP5;MAP3K7;MYC;PRKACA;PRKACB;RNF43;SERPINF1;SIRT1;SMAD3;SMAD4;TCF7;TP53;VANGL1;VANGL2;WNT1;WNT11;WNT5A,61;161;283;303;426;616;670;690;740;897;898;961;1004;1015;1050;1051;1105;1162;1210;1211;1229;1230;1231
hsa04540,Gap junction - Homo sapiens (human),23,ADCY2;ADCY5;DRD1;DRD2;EGFR;GJD2;GNAS;GUCY1A1;HRAS;HTR2A;KRAS;MAP2K1;MAP2K2;NRAS;PDGFD;PDGFRA;PRKACA;PRKACB;PRKG1;RAF1;SOS1;TUBA1B;TUBA1C,21;22;331;332;348;450;454;479;529;539;638;687;688;795;836;837;897;898;899;937;1068;1188;1189
hsa05219,Bladder cancer - Homo sapiens (human),22,BRAF;CCND1;CDKN2A;CXCL8;EGFR;ERBB2;FGFR3;HRAS;KRAS;MAP2K1;MAP2K2;MMP1;MMP2;MMP9;MYC;NRAS;RAF1;RASSF1;RB1;THBS1;TP53;VEGFA,122;161;192;289;348;362;408;529;638;687;688;713;716;718;740;795;937;939;941;1125;1162;1217
hsa04916,Melanogenesis - Homo sapiens (human),22,ADCY2;ADCY5;CREB3L1;CTNNB1;EDN1;EDNRB;FZD4;GNAS;HRAS;KRAS;MAP2K1;MAP2K2;MC1R;NRAS;POMC;PRKACA;PRKACB;RAF1;TCF7;WNT1;WNT11;WNT5A,21;22;260;283;343;345;426;454;529;638;687;688;694;795;883;897;898;937;1105;1229;1230;1231
hsa04082,Neuroactive ligand signaling - Homo sapiens (human),22,ADCY2;ADCY5;CHRM3;DRD1;DRD2;GABRB3;GNAS;GNB3;GRIA4;GRM4;HRH1;HTR1D;HTR2A;P2RY11;PENK;POMC;PRKACA;PRKACB;SLC18A2;SLC6A3;SLC6A4;TAC1,21;22;213;331;332;428;454;455;468;469;530;538;539;809;842;883;897;898;1026;1043;1044;1090
hsa04512,ECM-receptor interaction - Homo sapiens (human),22,CD36;CD44;COL1A1;COL1A2;COL2A1;COL4A1;COL4A2;COL9A1;COL9A2;COL9A3;DSPP;FN1;FREM1;LAMA2;LAMB1;LAMC1;SPP1;THBS1;THBS2;TNC;TNXB;VTN,173;177;239;240;241;243;244;247;248;249;335;414;420;644;645;646;1075;1125;1126;1140;1158;1224
hsa04382,Cornified envelope formation - Homo sapiens (human),22,CLDN11;CLDN18;COL4A1;COL4A2;DSP;FURIN;GBA1;KRT19;KRT71;KRT74;LCE3B;LCE3C;LCE3D;PPP2CA;PRSS8;S100A10;S100A4;S100A6;S100A7;S100A9;SPRR2B;ST14,223;224;243;244;334;423;438;639;640;641;647;648;649;891;908;979;980;981;982;983;1076;1078
hsa05150,Staphylococcus aureus infection - Homo sapiens (human),22,C1R;C1S;C3;CFB;CFH;CFI;DEFA4;FCGR2A;FCGR2B;FCGR3A;FCGR3B;FPR2;HLA-DPB1;HLA-DQA1;HLA-DQB1;HLA-DRA;HLA-DRB1;HLA-DRB5;ICAM1;IL10;KRT19;PTAFR,131;132;133;201;202;205;310;396;397;398;399;419;513;514;515;516;517;518;542;570;639;915
hsa04071,Sphingolipid signaling pathway - Homo sapiens (human),22,AKT1;ASAH2;BCL2;GNA13;HRAS;KRAS;MAP2K1;MAP2K2;MAP3K5;NFKB1;NOS3;NRAS;ORMDL3;PIK3R1;PPP2CA;PTEN;RAF1;RELA;SGMS2;TNF;TNFRSF1A;TP53,37;78;106;453;529;638;687;688;689;768;781;795;804;863;891;919;937;948;1009;1141;1148;1162
hsa04213,Longevity regulating pathway - multiple species - Homo sapiens (human),22,ADCY2;ADCY5;AKT1;CAT;CRYAB;HRAS;HSPA1A;HSPA1B;IGF1;IGF1R;INS;INSR;IRS1;IRS2;KRAS;NRAS;PIK3R1;PRKACA;PRKACB;SIRT1;SOD1;SOD2,21;22;37;147;268;529;534;535;562;563;597;599;606;607;638;795;863;897;898;1015;1065;1066
hsa04979,Cholesterol metabolism - Homo sapiens (human),22,ABCA1;ABCG5;ABCG8;ANGPTL4;APOA1;APOA4;APOB;APOC3;APOE;CD36;CETP;CYP27A1;LDLR;LIPA;LPA;LPL;LRP2;NPC1;PCSK9;PLTP;SOAT2;SORT1,2;8;9;55;63;64;66;67;69;173;199;298;651;658;664;666;668;784;829;879;1062;1067
hsa05214,Glioma - Homo sapiens (human),21,AKT1;BRAF;CCND1;CDK6;CDKN2A;EGFR;HRAS;IGF1;IGF1R;KRAS;MAP2K1;MAP2K2;NRAS;PDGFRA;PIK3R1;PTEN;RAF1;RB1;SOS1;TGFA;TP53,37;122;161;189;192;348;529;562;563;638;687;688;795;837;863;919;937;941;1068;1115;1162
hsa04974,Protein digestion and absorption - Homo sapiens (human),21,ACE2;ATP1B2;CELA2A;COL11A1;COL11A2;COL12A1;COL19A1;COL1A1;COL1A2;COL2A1;COL3A1;COL4A1;COL4A2;COL5A1;COL5A2;COL9A1;COL9A2;COL9A3;KCNJ13;KCNQ1;SLC38A2,12;91;196;235;236;237;238;239;240;241;242;243;244;245;246;247;248;249;624;626;1035
hsa04146,Peroxisome - Homo sapiens (human),21,ABCD1;ABCD3;CAT;HSD17B4;IDH1;IDH2;NOS2;PEX1;PEX10;PEX12;PEX13;PEX14;PEX16;PEX19;PEX2;PEX26;PEX3;PEX6;SOD1;SOD2;XDH,5;6;147;532;546;547;780;844;845;846;847;848;849;850;851;852;853;854;1065;1066;1235
hsa04623,Cytosolic DNA-sensing pathway - Homo sapiens (human),21,ADAR;AIM2;CASP1;CASP3;CASP7;CCL4;CCL5;CXCL10;IFNA2;IFNB1;IL18;IL1B;IL33;IL6;NFKB1;NFKBIA;NLRP3;RELA;RIGI;SAMHD1;TREX1,19;33;144;145;146;158;159;285;553;554;577;579;587;592;768;770;774;948;955;986;1171
hsa05322,Systemic lupus erythematosus - Homo sapiens (human),21,C1R;C1S;C3;CD40;CD40LG;CD80;CD86;FCGR2A;FCGR3A;FCGR3B;H3-3A;H3C2;HLA-DPB1;HLA-DQA1;HLA-DQB1;HLA-DRA;HLA-DRB1;HLA-DRB5;IFNG;IL10;TNF,131;132;133;175;176;182;184;396;398;399;485;486;513;514;515;516;517;518;555;570;1141
hsa05134,Legionellosis - Homo sapiens (human),21,BNIP3;C3;CASP1;CASP3;CASP7;CD14;CR1;CXCL8;HSPA1A;HSPA1B;IL12A;IL12B;IL18;IL1B;IL6;NFKB1;NFKB2;NFKBIA;RELA;TLR4;TNF,121;133;144;145;146;169;256;289;534;535;572;573;577;579;592;768;769;770;948;1134;1141
hsa04270,Vascular smooth muscle contraction - Homo sapiens (human),21,ACTA2;ADCY2;ADCY5;AGT;AGTR1;BRAF;EDN1;EDN3;GNA13;GNAS;GUCY1A1;MAP2K1;MAP2K2;MYH11;MYLK;NPPB;PLA2G2A;PRKACA;PRKACB;PRKG1;RAF1,14;21;22;28;29;122;343;344;453;454;479;687;688;743;744;787;868;897;898;899;937
hsa05213,Endometrial cancer - Homo sapiens (human),21,AKT1;APC;BRAF;CCND1;CTNNA2;CTNNA3;CTNNB1;EGFR;ERBB2;HRAS;KRAS;MAP2K1;MAP2K2;MYC;NRAS;PIK3R1;PTEN;RAF1;SOS1;TCF7;TP53,37;61;122;161;281;282;283;348;362;529;638;687;688;740;795;863;919;937;1068;1105;1162
hsa04115,p53 signaling pathway - Homo sapiens (human),21,ATM;BBC3;BCL2;BCL2L1;CASP3;CCND1;CCNE1;CDK6;CDKN2A;CHEK2;FAS;GORAB;IGF1;PPM1D;PTEN;RPRM;SERPINE1;THBS1;TP53;TP73;TSC2,87;103;106;107;145;161;162;189;192;209;388;457;562;890;919;972;1003;1125;1162;1163;1181
hsa04360,Axon guidance - Homo sapiens (human),20,CXCL12;EFNB1;EPHA2;FES;HRAS;KRAS;MET;NCK1;NCK2;NRAS;PAK4;PIK3R1;PTCH1;PTPN11;RAF1;ROBO2;SEMA3B;SHH;SMO;WNT5A,287;347;357;401;529;638;701;753;754;795;815;863;917;925;937;962;1000;1012;1057;1231
hsa04976,Bile secretion - Homo sapiens (human),20,ABCB1;ABCG2;ABCG5;ABCG8;ADCY2;ADCY5;ATP1B2;CA2;CFTR;CYP3A4;EPHX1;GNAS;HMGCR;LDLR;NR1H4;PRKACA;PRKACB;SLC4A4;SLC9A1;UGT1A4,4;7;8;9;21;22;91;135;206;302;358;454;520;651;793;897;898;1039;1045;1196
hsa05332,Graft-versus-host disease - Homo sapiens (human),20,CD80;CD86;FAS;FASLG;HLA-A;HLA-B;HLA-C;HLA-DPB1;HLA-DQA1;HLA-DQB1;HLA-DRA;HLA-DRB1;HLA-DRB5;HLA-G;IFNG;IL1A;IL1B;IL2;IL6;TNF,182;184;388;389;510;511;512;513;514;515;516;517;518;519;555;578;579;582;592;1141
hsa05416,Viral myocarditis - Homo sapiens (human),20,ACTG1;CASP3;CCND1;CD40;CD40LG;CD80;CD86;HLA-A;HLA-B;HLA-C;HLA-DPB1;HLA-DQA1;HLA-DQB1;HLA-DRA;HLA-DRB1;HLA-DRB5;HLA-G;ICAM1;LAMA2;NOS1,15;145;161;175;176;182;184;510;511;512;513;514;515;516;517;518;519;542;644;779
hsa01524,Platinum drug resistance - Homo sapiens (human),20,AKT1;ATM;BBC3;BCL2;BCL2L1;BIRC2;BIRC3;CASP3;CDKN2A;ERBB2;FAS;FASLG;GSTA4;GSTM1;GSTP1;GSTT1;MAP3K5;PIK3R1;TOP2A;TP53,37;87;103;106;107;114;115;145;192;362;388;389;473;474;475;476;689;863;1160;1162
hsa04920,Adipocytokine signaling pathway - Homo sapiens (human),20,ADIPOQ;AKT1;CD36;CPT1B;IRS1;IRS2;LEP;NFKB1;NFKBIA;NPY;PCK1;POMC;PPARA;PPARGC1A;PTPN11;RELA;SOCS3;STAT3;TNF;TNFRSF1A,24;37;173;255;606;607;652;768;770;790;827;883;886;888;925;948;1064;1080;1141;1148
hsa05231,Choline metabolism in cancer - Homo sapiens (human),20,AKT1;CHKB;DGKE;DGKK;EGFR;HIF1A;HRAS;JUN;KRAS;MAP2K1;MAP2K2;NRAS;PDGFD;PDGFRA;PIK3R1;PLPP3;RAF1;SOS1;TSC1;TSC2,37;211;315;316;348;508;529;616;638;687;688;795;836;837;863;877;937;1068;1180;1181
hsa04670,Leukocyte transendothelial migration - Homo sapiens (human),19,ACTG1;CLDN11;CLDN18;CTNNA2;CTNNA3;CTNNB1;CXCL12;CYBA;ICAM1;MMP2;MMP9;NCF4;PECAM1;PIK3R1;PTPN11;RASSF5;VAV1;VCAM1;VCL,15;223;224;281;282;283;287;291;542;716;718;752;840;863;925;940;1212;1213;1215
hsa04261,Adrenergic signaling in cardiomyocytes - Homo sapiens (human),19,ADCY2;ADCY5;AGT;AGTR1;AKT1;ATP1B2;ATP2B1;BCL2;CREB3L1;GNAS;KCNE1;KCNQ1;PIK3CG;PPP2CA;PRKACA;PRKACB;SCN5A;SLC9A1;TPM4,21;22;28;29;37;91;92;106;260;454;619;626;862;891;897;898;992;1045;1165
hsa04728,Dopaminergic synapse - Homo sapiens (human),19,ADCY5;AKT1;COMT;CREB3L1;DDC;DRD1;DRD2;GNAS;GNB3;GRIA4;KIF5B;MAOA;MAOB;PPP2CA;PRKACA;PRKACB;SLC18A2;SLC6A3;TH,22;37;250;260;307;331;332;454;455;468;634;684;685;891;897;898;1026;1043;1123
hsa05221,Acute myeloid leukemia - Homo sapiens (human),19,AKT1;BRAF;CCND1;CD14;CSF2;HRAS;KRAS;MAP2K1;MAP2K2;MPO;MYC;NFKB1;NRAS;PIK3R1;RAF1;RELA;SOS1;STAT3;TCF7,37;122;161;169;273;529;638;687;688;722;740;768;795;863;937;948;1068;1080;1105
hsa04971,Gastric acid secretion - Homo sapiens (human),18,ACTG1;ADCY2;ADCY5;ATP1B2;CA2;CCKBR;CFTR;CHRM3;GAST;GNAS;KCNE2;KCNJ10;KCNQ1;MYLK;PRKACA;PRKACB;SLC9A1;SST,15;21;22;91;135;153;206;213;436;454;620;623;626;744;897;898;1045;1077
hsa04530,Tight junction - Homo sapiens (human),18,ACTG1;AMOTL1;CCND1;CFTR;CLDN11;CLDN18;ERBB2;JUN;MAP3K5;MYH11;NEDD4L;NF2;PCNA;PPP2CA;PRKACA;PRKACB;TUBA1B;TUBA1C,15;54;161;206;223;224;362;616;689;743;761;766;828;891;897;898;1188;1189
hsa04662,B cell receptor signaling pathway - Homo sapiens (human),18,AKT1;CD19;CD81;CR2;FCGR2B;HRAS;JUN;KRAS;MAP2K1;MAP2K2;NFKB1;NFKBIA;NRAS;PIK3R1;RAF1;RELA;SOS1;VAV1,37;170;183;257;397;529;616;638;687;688;768;770;795;863;937;948;1068;1212
hsa04923,Regulation of lipolysis in adipocytes - Homo sapiens (human),18,ADCY2;ADCY5;AKT1;GNAS;INS;INSR;IRS1;IRS2;MGLL;NPY;NPY1R;PIK3R1;PRKACA;PRKACB;PRKG1;PTGS2;TSHB;TSHR,21;22;37;454;597;599;606;607;705;790;791;863;897;898;899;921;1182;1183
hsa04725,Cholinergic synapse - Homo sapiens (human),18,ADCY2;ADCY5;AKT1;BCL2;CHRM3;CREB3L1;GNB3;HRAS;KCNJ4;KCNQ1;KCNQ5;KRAS;MAP2K1;NRAS;PIK3CG;PIK3R1;PRKACA;PRKACB,21;22;37;106;213;260;455;529;625;626;627;638;687;795;862;863;897;898
hsa05217,Basal cell carcinoma - Homo sapiens (human),18,APC;BMP2;BMP4;CTNNB1;FZD4;GLI2;GLI3;HHIP;PTCH1;PTCH2;SHH;SMO;SUFU;TCF7;TP53;WNT1;WNT11;WNT5A,61;118;119;283;426;451;452;505;917;918;1012;1057;1085;1105;1162;1229;1230;1231
hsa04520,Adherens junction - Homo sapiens (human),18,ACTG1;CTNNA2;CTNNA3;CTNNB1;EGFR;ERBB2;FGFR1;IGF1R;INSR;MAP3K7;MET;NECTIN2;SMAD3;SMAD4;TCF7;TGFBR1;TGFBR2;VCL,15;281;282;283;348;362;406;563;599;690;701;760;1050;1051;1105;1119;1120;1215
hsa04912,GnRH signaling pathway - Homo sapiens (human),17,ADCY2;ADCY5;EGFR;GNAS;GNRH1;HRAS;JUN;KRAS;LHB;MAP2K1;MAP2K2;MMP2;NRAS;PRKACA;PRKACB;RAF1;SOS1,21;22;348;454;456;529;616;638;653;687;688;716;795;897;898;937;1068
hsa04622,RIG-I-like receptor signaling pathway - Homo sapiens (human),17,ADAR;CXCL10;CXCL8;DDX3X;IFIH1;IFNA2;IFNB1;IL12A;IL12B;ISG15;MAP3K7;NFKB1;NFKBIA;RELA;RIGI;TNF;TRAF6,19;285;289;309;550;553;554;572;573;609;690;768;770;948;955;1141;1170
hsa05030,Cocaine addiction - Homo sapiens (human),17,ADCY5;BDNF;CREB3L1;DDC;DRD1;DRD2;GNAS;JUN;MAOA;MAOB;NFKB1;PRKACA;PRKACB;RELA;SLC18A2;SLC6A3;TH,22;110;260;307;331;332;454;616;684;685;768;897;898;948;1026;1043;1123
hsa04914,Progesterone-mediated oocyte maturation - Homo sapiens (human),17,ADCY2;ADCY5;AKT1;AURKA;BRAF;CCNB3;IGF1;IGF1R;INS;KRAS;MAP2K1;PGR;PIK3R1;PLK1;PRKACA;PRKACB;RAF1,21;22;37;94;122;160;562;563;597;638;687;856;863;873;897;898;937
hsa04913,Ovarian steroidogenesis - Homo sapiens (human),17,ADCY2;ADCY5;ALOX5;BMP6;CYP19A1;CYP1A1;GNAS;HSD3B2;IGF1;IGF1R;INS;INSR;LDLR;LHB;PRKACA;PRKACB;PTGS2,21;22;46;120;293;294;454;533;562;563;597;599;651;653;897;898;921
hsa04664,Fc epsilon RI signaling pathway - Homo sapiens (human),17,AKT1;ALOX5;ALOX5AP;CSF2;HRAS;IL13;IL4;IL5;KRAS;MAP2K1;MAP2K2;NRAS;PIK3R1;RAF1;SOS1;TNF;VAV1,37;46;47;273;529;574;589;591;638;687;688;795;863;937;1068;1141;1212
hsa04612,Antigen processing and presentation - Homo sapiens (human),16,CD4;CTSL;HLA-A;HLA-B;HLA-C;HLA-DPB1;HLA-DQA1;HLA-DQB1;HLA-DRA;HLA-DRB1;HLA-DRB5;HLA-G;HSPA1A;HSPA1B;IFNG;TNF,174;284;510;511;512;513;514;515;516;517;518;519;534;535;555;1141
hsa05143,African trypanosomiasis - Homo sapiens (human),16,APOA1;FAS;FASLG;HBB;ICAM1;IFNG;IL10;IL12A;IL12B;IL18;IL1B;IL6;SELE;TLR9;TNF;VCAM1,63;388;389;490;542;555;570;572;573;577;579;592;999;1135;1141;1213
hsa04141,Protein processing in endoplasmic reticulum - Homo sapiens (human),16,ATF6;BCL2;CAPN2;CRYAA;CRYAB;EIF2S1;ERN1;HSPA1A;HSPA1B;MAP3K5;MBTPS2;NFE2L2;P4HB;PRKN;SEC24D;XBP1,83;106;138;267;268;351;365;534;535;689;693;767;813;900;998;1234
hsa04970,Salivary secretion - Homo sapiens (human),16,ADCY2;ADCY5;ATP1B2;ATP2B1;BST1;CHRM3;CST3;GNAS;GUCY1A1;MUC5B;MUC7;NOS1;PRKACA;PRKACB;PRKG1;SLC9A1,21;22;91;92;128;213;277;454;479;734;735;779;897;898;899;1045
hsa04340,Hedgehog signaling pathway - Homo sapiens (human),16,BCL2;CCND1;GAS1;GLI2;GLI3;GPR161;HHIP;KIF3A;LRP2;PRKACA;PRKACB;PTCH1;PTCH2;SHH;SMO;SUFU,106;161;435;451;452;463;505;633;668;897;898;917;918;1012;1057;1085
hsa00230,Purine metabolism - Homo sapiens (human),15,ADCY2;ADCY5;ATIC;GUCY1A1;GUCY2D;IMPDH1;NT5E;PDE4B;PDE4D;PDE6A;PDE6B;PDE6G;PNP;RRM1;XDH,21;22;86;479;480;596;798;831;832;833;834;835;882;974;1235
hsa03460,Fanconi anemia pathway - Homo sapiens (human),15,BRCA2;BRIP1;FANCA;FANCB;FANCC;FANCD2;FANCE;FANCF;FANCG;FANCL;FANCM;HES1;PMS2;RAD51C;SLX4,123;127;379;380;381;382;383;384;385;386;387;500;881;936;1048
hsa05414,Dilated cardiomyopathy - Homo sapiens (human),15,ACTG1;ADCY2;ADCY5;AGT;GNAS;IGF1;LAMA2;NOS1;PRKACA;PRKACB;TGFB1;TGFB2;TGFB3;TNF;TPM4,15;21;22;28;454;562;644;779;897;898;1116;1117;1118;1141;1165
hsa05310,Asthma - Homo sapiens (human),15,CCL11;CD40;CD40LG;HLA-DPB1;HLA-DQA1;HLA-DQB1;HLA-DRA;HLA-DRB1;HLA-DRB5;IL10;IL13;IL4;IL5;RNASE3;TNF,154;175;176;513;514;515;516;517;518;570;574;589;591;956;1141
hsa04142,Lysosome - Homo sapiens (human),15,AP1S3;CD68;CTSL;DMXL1;GBA1;IGF2R;LIPA;NPC1;SLC11A1;SLC11A2;SLC29A1;SORT1;TLR9;VAMP8;VPS35,60;181;284;322;438;566;658;784;1024;1025;1029;1067;1135;1209;1223
hsa04918,Thyroid hormone synthesis - Homo sapiens (human),15,ADCY2;ADCY5;ALB;ATP1B2;CREB3L1;GNAS;GPX1;LRP2;PRKACA;PRKACB;SLC5A5;TG;TPO;TSHB;TSHR,21;22;39;91;260;454;465;668;897;898;1041;1114;1166;1182;1183
hsa04730,Long-term depression - Homo sapiens (human),15,BRAF;GNA13;GNAS;GUCY1A1;HRAS;IGF1;IGF1R;KRAS;MAP2K1;MAP2K2;NOS1;NRAS;PPP2CA;PRKG1;RAF1,122;453;454;479;529;562;563;638;687;688;779;795;891;899;937
hsa04750,Inflammatory mediator regulation of TRP channels - Homo sapiens (human),15,ADCY2;ADCY5;GNAS;HRH1;HTR2A;IGF1;IL1B;NGF;NTRK1;PIK3R1;PRKACA;PRKACB;TRPA1;TRPV1;TRPV4,21;22;454;530;539;562;579;771;799;863;897;898;1176;1178;1179
hsa04137,Mitophagy - animal - Homo sapiens (human),15,ARIH1;BCL2L1;BNIP3;EIF2S1;HIF1A;HRAS;JUN;KRAS;MRAS;NRAS;PINK1;PRKN;RAB7B;RELA;TP53,76;107;121;351;508;529;616;638;723;795;864;900;934;948;1162
hsa05031,Amphetamine addiction - Homo sapiens (human),15,ADCY5;CREB3L1;DDC;DRD1;GNAS;GRIA4;JUN;MAOA;MAOB;PRKACA;PRKACB;SIRT1;SLC18A2;SLC6A3;TH,22;260;307;331;454;468;616;684;685;897;898;1015;1026;1043;1123
hsa00983,Drug metabolism - other enzymes - Homo sapiens (human),14,CYP2E1;CYP3A4;GSTA4;GSTM1;GSTP1;GSTT1;IMPDH1;MPO;NAT1;NAT2;RRM1;UGT1A4;UPB1;XDH,300;302;473;474;475;476;596;722;747;748;974;1196;1199;1235
hsa05204,Chemical carcinogenesis - DNA adducts - Homo sapiens (human),14,CYP1A1;CYP1A2;CYP2E1;CYP3A4;EPHX1;GSTA4;GSTM1;GSTP1;GSTT1;NAT1;NAT2;PTGS2;SULT1A1;UGT1A4,294;295;300;302;358;473;474;475;476;747;748;921;1086;1196
hsa04114,Oocyte meiosis - Homo sapiens (human),14,ADCY2;ADCY5;AURKA;CCNE1;IGF1;IGF1R;INS;MAP2K1;PGR;PLK1;PPP2CA;PRKACA;PRKACB;PTTG1,21;22;94;162;562;563;597;687;856;873;891;897;898;929
hsa04120,Ubiquitin mediated proteolysis - Homo sapiens (human),14,BIRC2;BIRC3;CBL;CBLB;FANCL;FBXW7;HERC2;NEDD4L;PRKN;SKP2;SOCS3;TRAF6;UBE3A;VHL,114;115;149;150;386;394;499;761;900;1020;1064;1170;1195;1219
hsa04972,Pancreatic secretion - Homo sapiens (human),14,ADCY2;ADCY5;ATP1B2;ATP2B1;BST1;CA2;CELA2A;CFTR;CHRM3;GNAS;KCNQ1;PLA2G2A;SLC4A4;SLC9A1,21;22;91;92;128;135;196;206;213;454;626;868;1039;1045
hsa03320,PPAR signaling pathway - Homo sapiens (human),14,ADIPOQ;ANGPTL4;APOA1;APOA5;APOC3;CD36;CPT1B;CYP27A1;LPL;MMP1;PCK1;PLTP;PPARA;PPARG,24;55;63;65;67;173;255;298;666;713;827;879;886;887
hsa01200,Carbon metabolism - Homo sapiens (human),14,CAT;ENO1;ENO2;FBP1;G6PD;GAPDH;IDH1;IDH2;IDH3B;PC;PGLS;PKM;TALDO1;TPI1,147;355;356;392;427;433;546;547;548;824;855;867;1093;1164
hsa05216,Thyroid cancer - Homo sapiens (human),14,BRAF;CCND1;CTNNB1;HRAS;KRAS;MAP2K1;MAP2K2;MYC;NRAS;NTRK1;PPARG;RET;TCF7;TP53,122;161;283;529;638;687;688;740;795;799;887;950;1105;1162
hsa04922,Glucagon signaling pathway - Homo sapiens (human),13,ADCY2;AKT1;CPT1B;CREB3L1;FBP1;GNAS;PCK1;PKM;PPARA;PPARGC1A;PRKACA;PRKACB;SIRT1,21;37;255;260;392;454;827;867;886;888;897;898;1015
hsa00980,Metabolism of xenobiotics by cytochrome P450 - Homo sapiens (human),13,ALDH3A1;CYP1A1;CYP1A2;CYP2D6;CYP2E1;CYP2S1;CYP3A4;EPHX1;GSTA4;GSTM1;GSTP1;GSTT1;UGT1A4,42;294;295;299;300;301;302;358;473;474;475;476;1196
hsa01230,Biosynthesis of amino acids - Homo sapiens (human),13,ARG1;ARG2;ENO1;ENO2;GAPDH;IDH1;IDH2;IDH3B;MAT2A;PC;PKM;TALDO1;TPI1,71;72;355;356;433;546;547;548;692;824;867;1093;1164
hsa04929,GnRH secretion - Homo sapiens (human),13,AKT1;ESR2;GNRH1;GPER1;HRAS;KRAS;LHB;MAP2K1;MAP2K2;NRAS;PIK3R1;RAF1;SPP1,37;367;456;462;529;638;653;687;688;795;863;937;1075
hsa04814,Motor proteins - Homo sapiens (human),13,ACTA2;ACTG1;DCTN4;DNAH5;DYNC2H1;DYNC2LI1;KIF1B;KIF3A;KIF5B;MYH11;TPM4;TUBA1B;TUBA1C,14;15;305;323;337;340;632;633;634;743;1165;1188;1189
hsa04925,Aldosterone synthesis and secretion - Homo sapiens (human),13,ADCY2;ADCY5;AGT;AGTR1;ATP1B2;ATP2B1;CREB3L1;GNAS;HSD3B2;LDLR;POMC;PRKACA;PRKACB,21;22;28;29;91;92;260;454;533;651;883;897;898
hsa05410,Hypertrophic cardiomyopathy - Homo sapiens (human),13,ACE;ACTG1;AGT;EDN1;IGF1;IL6;LAMA2;NOS1;TGFB1;TGFB2;TGFB3;TNF;TPM4,11;15;28;343;562;592;644;779;1116;1117;1118;1141;1165
hsa04927,Cortisol synthesis and secretion - Homo sapiens (human),12,ADCY2;ADCY5;AGT;AGTR1;CREB3L1;GNAS;HSD3B2;LDLR;PBX1;POMC;PRKACA;PRKACB,21;22;28;29;260;454;533;651;823;883;897;898
hsa00982,Drug metabolism - cytochrome P450 - Homo sapiens (human),12,ALDH3A1;CYP1A2;CYP2D6;CYP2E1;CYP3A4;GSTA4;GSTM1;GSTP1;GSTT1;MAOA;MAOB;UGT1A4,42;295;299;300;302;473;474;475;476;684;685;1196
hsa04924,Renin secretion - Homo sapiens (human),12,ACE;ADCY5;ADCYAP1R1;AGT;AGTR1;EDN1;EDN3;GNAS;GUCY1A1;PRKACA;PRKACB;REN,11;22;23;28;29;343;344;454;479;897;898;949
hsa04723,Retrograde endocannabinoid signaling - Homo sapiens (human),12,ADCY2;ADCY5;CNR1;FAAH;GABRB3;GNB3;GRIA4;MGLL;NDUFS3;PRKACA;PRKACB;PTGS2,21;22;232;376;428;455;468;705;759;897;898;921
hsa04666,Fc gamma R-mediated phagocytosis - Homo sapiens (human),12,AKT1;CRKL;FCGR2A;FCGR2B;FCGR3A;FCGR3B;GSN;MAP2K1;PIK3R1;PLPP3;RAF1;VAV1,37;262;396;397;398;399;472;687;863;877;937;1212
hsa04370,VEGF signaling pathway - Homo sapiens (human),12,AKT1;HRAS;HSPB1;KRAS;MAP2K1;MAP2K2;NOS3;NRAS;PIK3R1;PTGS2;RAF1;VEGFA,37;529;537;638;687;688;781;795;863;921;937;1217
hsa04960,Aldosterone-regulated sodium reabsorption - Homo sapiens (human),12,ATP1B2;HSD11B2;IGF1;INS;INSR;IRS1;KRAS;NEDD4L;PIK3R1;SCNN1A;SCNN1B;SCNN1G,91;531;562;597;599;606;638;761;863;993;994;995
hsa00140,Steroid hormone biosynthesis - Homo sapiens (human),11,AKR1D1;COMT;CYP19A1;CYP1A1;CYP1A2;CYP2E1;CYP3A4;HSD11B2;HSD3B2;RDH5;UGT1A4,36;250;293;294;295;300;302;531;533;946;1196
hsa01240,Biosynthesis of cofactors - Homo sapiens (human),11,ALAD;ALDH2;ALPL;DHFR;GGCX;MAT2A;MTHFD1;NMNAT1;NQO1;RDH12;UGT1A4,38;41;49;318;446;692;731;775;792;945;1196
hsa03083,Polycomb repressive complex - Homo sapiens (human),11,BAP1;BCOR;BMI1;CBX7;EZH2;JARID2;L3MBTL2;L3MBTL3;SCML2;SUZ12;YY1,101;109;116;151;372;614;642;643;991;1087;1241
hsa04713,Circadian entrainment - Homo sapiens (human),11,ADCY2;ADCY5;ADCYAP1R1;GNAS;GNB3;GRIA4;GUCY1A1;NOS1;PRKACA;PRKACB;PRKG1,21;22;23;454;455;468;479;779;897;898;899
hsa03082,ATP-dependent chromatin remodeling - Homo sapiens (human),11,ACTG1;ARID1A;ARID1B;CECR2;MTA1;PBRM1;SMARCA2;SMARCA4;SMARCB1;SMARCE1;YY1,15;73;74;195;730;822;1053;1054;1055;1056;1241
hsa01523,Antifolate resistance - Homo sapiens (human),11,ABCG2;ATIC;DHFR;FOLR1;FOLR2;IL1B;IL6;MTHFR;NFKB1;RELA;TNF,7;86;318;415;416;579;592;732;768;948;1141
hsa04216,Ferroptosis - Homo sapiens (human),11,ALOX15;CP;FTH1;GPX4;HMOX1;PRNP;SLC11A2;SLC40A1;TF;TFRC;TP53,45;254;422;466;522;904;1025;1037;1110;1113;1162
hsa05120,Epithelial cell signaling in Helicobacter pylori infection - Homo sapiens (human),10,CASP3;CCL5;CXCL8;EGFR;JUN;MET;NFKB1;NFKBIA;PTPN11;RELA,145;159;289;348;616;701;768;770;925;948
hsa05100,Bacterial invasion of epithelial cells - Homo sapiens (human),10,ACTG1;CBL;CRKL;CTNNA2;CTNNA3;CTNNB1;FN1;MET;PIK3R1;VCL,15;149;262;281;282;283;414;701;863;1215
hsa00480,Glutathione metabolism - Homo sapiens (human),10,G6PD;GPX1;GPX4;GSTA4;GSTM1;GSTP1;GSTT1;IDH1;IDH2;RRM1,427;465;466;473;474;475;476;546;547;974
hsa00830,Retinol metabolism - Homo sapiens (human),10,CYP1A1;CYP1A2;CYP26A1;CYP2S1;CYP3A4;LRAT;RDH12;RDH5;RPE65;UGT1A4,294;295;297;301;302;667;945;946;965;1196
hsa04742,Taste transduction - Homo sapiens (human),10,CHRM3;GNB3;GRM4;HCN4;HTR1D;PRKACA;PRKACB;SCNN1A;SCNN1B;SCNN1G,213;455;469;493;538;897;898;993;994;995
hsa04930,Type II diabetes mellitus - Homo sapiens (human),10,ADIPOQ;INS;INSR;IRS1;IRS2;PIK3R1;PKM;SOCS2;SOCS3;TNF,24;597;599;606;607;863;867;1063;1064;1141
hsa04911,Insulin secretion - Homo sapiens (human),10,ADCY2;ADCY5;ADCYAP1R1;ATP1B2;CHRM3;CREB3L1;GNAS;INS;PRKACA;PRKACB,21;22;23;91;213;260;454;597;897;898
hsa05032,Morphine addiction - Homo sapiens (human),10,ADCY2;ADCY5;DRD1;GABRB3;GNAS;GNB3;PDE4B;PDE4D;PRKACA;PRKACB,21;22;331;428;454;455;831;832;897;898
hsa04975,Fat digestion and absorption - Homo sapiens (human),9,ABCA1;ABCG5;ABCG8;APOA1;APOA4;APOB;CD36;PLA2G2A;PLPP3,2;8;9;63;64;66;173;868;877
hsa04720,Long-term potentiation - Homo sapiens (human),9,BRAF;HRAS;KRAS;MAP2K1;MAP2K2;NRAS;PRKACA;PRKACB;RAF1,122;529;638;687;688;795;897;898;937
hsa04727,GABAergic synapse - Homo sapiens (human),9,ADCY2;ADCY5;GABRB3;GAD1;GAD2;GNB3;PRKACA;PRKACB;SLC38A2,21;22;428;429;430;455;897;898;1035
hsa00330,Arginine and proline metabolism - Homo sapiens (human),9,ALDH2;ARG1;ARG2;MAOA;MAOB;NOS1;NOS2;NOS3;P4HA1,41;71;72;684;685;779;780;781;812
hsa00010,Glycolysis / Gluconeogenesis - Homo sapiens (human),9,ALDH2;ALDH3A1;ENO1;ENO2;FBP1;GAPDH;PCK1;PKM;TPI1,41;42;355;356;392;433;827;867;1164
hsa05017,Spinocerebellar ataxia - Homo sapiens (human),9,AKT1;ERN1;MAP3K5;PIK3R1;PSMA2;PSMA5;PSMD14;RBPJ;XBP1,37;365;689;863;910;911;912;943;1234
hsa04744,Phototransduction - Homo sapiens (human),9,CNGA1;CNGB1;GUCA1B;GUCY2D;PDE6A;PDE6B;PDE6G;RHO;SAG,230;231;477;480;833;834;835;954;984
hsa04215,Apoptosis - multiple species - Homo sapiens (human),9,BBC3;BCL2;BCL2L1;BIRC2;BIRC3;CASP3;CASP7;DIABLO;TNFRSF1A,103;106;107;114;115;145;146;320;1148
hsa04724,Glutamatergic synapse - Homo sapiens (human),9,ADCY2;ADCY5;GNAS;GNB3;GRIA4;GRM4;PRKACA;PRKACB;SLC38A2,21;22;454;455;468;469;897;898;1035
hsa04978,Mineral absorption - Homo sapiens (human),9,ATP1B2;ATP2B1;CLCN2;FTH1;HMOX1;SLC11A2;SLC40A1;TF;VDR,91;92;220;422;522;1025;1037;1110;1216
hsa04961,Endocrine and other factor-regulated calcium reabsorption - Homo sapiens (human),9,ATP1B2;ATP2B1;ESR1;GNAS;KL;PRKACA;PRKACB;PTH;VDR,91;92;366;454;635;897;898;922;1216
hsa02010,ABC transporters - Homo sapiens (human),9,ABCA1;ABCA4;ABCB1;ABCD1;ABCD3;ABCG2;ABCG5;ABCG8;CFTR,2;3;4;5;6;7;8;9;206
hsa00350,Tyrosine metabolism - Homo sapiens (human),8,ALDH3A1;COMT;DBH;DDC;MAOA;MAOB;TH;TPO,42;250;304;307;684;685;1123;1166
hsa00532,Glycosaminoglycan biosynthesis - chondroitin sulfate / dermatan sulfate - Homo sapiens (human),8,B3GALT6;B3GAT3;B4GALT7;CHST14;CHST3;DSE;XYLT1;XYLT2,95;96;98;214;215;333;1237;1238
hsa00310,Lysine degradation - Homo sapiens (human),8,ALDH2;EHMT1;EZH2;KMT2C;PLOD1;PLOD2;PLOD3;PRDM16,41;350;372;637;874;875;876;893
hsa05340,Primary immunodeficiency - Homo sapiens (human),8,CD19;CD4;CD40;CD40LG;ICOS;IL7R;TNFRSF13B;TNFRSF13C,170;174;175;176;543;595;1144;1145
hsa05412,Arrhythmogenic right ventricular cardiomyopathy - Homo sapiens (human),8,ACTG1;CTNNA2;CTNNA3;CTNNB1;DSP;LAMA2;NOS1;TCF7,15;281;282;283;334;644;779;1105
hsa04962,Vasopressin-regulated water reabsorption - Homo sapiens (human),7,CREB3L1;DCTN4;DYNC2H1;DYNC2LI1;GNAS;PRKACA;PRKACB,260;305;337;340;454;897;898
hsa00564,Glycerophospholipid metabolism - Homo sapiens (human),7,CHKB;DGKE;DGKK;GPD2;PLA2G2A;PLPP3;SGMS2,211;315;316;461;868;877;1009
hsa05110,Vibrio cholerae infection - Homo sapiens (human),7,ACTG1;CFTR;GNAS;KCNQ1;KDELR2;PRKACA;PRKACB,15;206;454;626;628;897;898
hsa04260,Cardiac muscle contraction - Homo sapiens (human),7,ATP1B2;CYC1;SLC9A1;TPM4;UQCRB;UQCRC2;UQCRQ,91;292;1045;1165;1202;1203;1204
hsa00670,One carbon pool by folate - Homo sapiens (human),7,ATIC;BHMT;DHFR;FTCD;MAT2A;MTHFD1;MTHFR,86;113;318;421;692;731;732
hsa00590,Arachidonic acid metabolism - Homo sapiens (human),7,ALOX15;ALOX5;CYP2E1;GPX4;LTA4H;PLA2G2A;PTGS2,45;46;300;466;675;868;921
hsa00561,Glycerolipid metabolism - Homo sapiens (human),7,AKR1B1;ALDH2;DGKE;DGKK;LPL;MGLL;PLPP3,35;41;315;316;666;705;877
hsa00380,Tryptophan metabolism - Homo sapiens (human),7,ALDH2;CAT;CYP1A1;CYP1A2;DDC;MAOA;MAOB,41;147;294;295;307;684;685
hsa04981,Folate transport and metabolism - Homo sapiens (human),7,ABCG2;BHMT;DHFR;FOLR1;FOLR2;MTHFD1;MTHFR,7;113;318;415;416;731;732
hsa04330,Notch signaling pathway - Homo sapiens (human),6,HES1;HEY2;JAG1;JAG2;NOTCH1;RBPJ,500;501;611;612;782;943
hsa00340,Histidine metabolism - Homo sapiens (human),6,ALDH2;ALDH3A1;FTCD;HNMT;MAOA;MAOB,41;42;421;524;684;685
hsa03010,Ribosome - Homo sapiens (human),6,MRPS6;RPL14;RPL21;RPL23A;RPL6;RPS8,724;968;969;970;971;973
hsa03018,RNA degradation - Homo sapiens (human),6,BTG1;ENO1;ENO2;HSPA9;PARN;TOB2,129;355;356;536;818;1159
hsa03250,Viral life cycle - HIV-1 - Homo sapiens (human),6,CD4;CDK9;FURIN;MX1;SAMHD1;SMARCB1,174;190;423;737;986;1055
hsa03440,Homologous recombination - Homo sapiens (human),6,ATM;BARD1;BRCA2;BRIP1;RAD50;RAD51C,87;102;123;127;935;936
hsa04614,Renin-angiotensin system - Homo sapiens (human),5,ACE;ACE2;AGT;AGTR1;REN,11;12;28;29;949
hsa00860,Porphyrin metabolism - Homo sapiens (human),5,ALAD;CP;FTH1;HMOX1;UGT1A4,38;254;422;522;1196
hsa00591,Linoleic acid metabolism - Homo sapiens (human),5,ALOX15;CYP1A2;CYP2E1;CYP3A4;PLA2G2A,45;295;300;302;868
hsa00220,Arginine biosynthesis - Homo sapiens (human),5,ARG1;ARG2;NOS1;NOS2;NOS3,71;72;779;780;781
hsa00410,beta-Alanine metabolism - Homo sapiens (human),5,ALDH2;ALDH3A1;GAD1;GAD2;UPB1,41;42;429;430;1199
hsa00534,Glycosaminoglycan biosynthesis - heparan sulfate / heparin - Homo sapiens (human),5,B3GALT6;B3GAT3;B4GALT7;XYLT1;XYLT2,95;96;98;1237;1238
hsa00100,Steroid biosynthesis - Homo sapiens (human),5,CYP24A1;DHCR24;LIPA;LSS;SOAT2,296;317;658;673;1062
hsa03040,Spliceosome - Homo sapiens (human),5,DHX38;HSPA1A;HSPA1B;SNRPE;U2AF1,319;534;535;1060;1193
hsa04070,Phosphatidylinositol signaling system - Homo sapiens (human),5,DGKE;DGKK;IP6K2;PIK3R1;PTEN,315;316;600;863;919
hsa01232,Nucleotide metabolism - Homo sapiens (human),5,IMPDH1;NT5E;PNP;RRM1;XDH,596;798;882;974;1235
hsa03410,Base excision repair - Homo sapiens (human),5,OGG1;PARP1;PCNA;RFC1;XRCC1,803;819;828;951;1236
hsa04740,Olfactory transduction - Homo sapiens (human),5,CNGB1;GUCY2D;PRKACA;PRKACB;PRKG1,231;480;897;898;899
hsa03272,Virion - Hepatitis viruses - Homo sapiens (human),5,CD81;CLDN11;CLDN18;EGFR;LDLR,183;223;224;348;651
hsa00190,Oxidative phosphorylation - Homo sapiens (human),5,CYC1;NDUFS3;UQCRB;UQCRC2;UQCRQ,292;759;1202;1203;1204
hsa00760,Nicotinate and nicotinamide metabolism - Homo sapiens (human),5,BST1;NMNAT1;NT5E;PNP;SIRT1,128;775;798;882;1015
hsa00020,Citrate cycle (TCA cycle) - Homo sapiens (human),5,IDH1;IDH2;IDH3B;PC;PCK1,546;547;548;824;827
hsa00601,Glycosphingolipid biosynthesis - lacto and neolacto series - Homo sapiens (human),4,A4GALT;ABO;B3GNT2;FUT2,1;10;97;424
hsa00562,Inositol phosphate metabolism - Homo sapiens (human),4,IP6K2;PIK3CG;PTEN;TPI1,600;862;919;1164
hsa03050,Proteasome - Homo sapiens (human),4,IFNG;PSMA2;PSMA5;PSMD14,555;910;911;912
hsa04950,Maturity onset diabetes of the young - Homo sapiens (human),4,HES1;HNF1B;INS;PAX6,500;523;597;821
hsa00232,Caffeine metabolism - Homo sapiens (human),4,CYP1A2;NAT1;NAT2;XDH,295;747;748;1235
hsa00030,Pentose phosphate pathway - Homo sapiens (human),4,FBP1;G6PD;PGLS;TALDO1,392;427;855;1093
hsa00620,Pyruvate metabolism - Homo sapiens (human),4,ALDH2;PC;PCK1;PKM,41;824;827;867
hsa04977,Vitamin digestion and absorption - Homo sapiens (human),4,APOA1;APOA4;APOB;LRAT,63;64;66;667
hsa00790,Folate biosynthesis - Homo sapiens (human),4,AKR1B1;ALPL;DHFR;TH,35;49;318;1123
hsa00360,Phenylalanine metabolism - Homo sapiens (human),4,ALDH3A1;DDC;MAOA;MAOB,42;307;684;685
hsa00600,Sphingolipid metabolism - Homo sapiens (human),4,ASAH2;GBA1;PLPP3;SGMS2,78;438;877;1009
hsa03008,Ribosome biogenesis in eukaryotes - Homo sapiens (human),4,DKC1;EFL1;GAR1;WDR36,321;346;434;1228
hsa04964,Proximal tubule bicarbonate reclamation - Homo sapiens (human),4,ATP1B2;CA2;PCK1;SLC4A4,91;135;827;1039
hsa03265,"Virion - Ebolavirus, Lyssavirus and Morbillivirus - Homo sapiens (human)",4,CD209;CD46;FCGR2B;NPC1,172;178;397;784
hsa00565,Ether lipid metabolism - Homo sapiens (human),4,PAFAH1B1;PLA2G2A;PLA2G7;PLPP3,814;868;869;877
hsa00270,Cysteine and methionine metabolism - Homo sapiens (human),4,BHMT;DNMT1;DNMT3A;MAT2A,113;325;326;692
hsa00770,Pantothenate and CoA biosynthesis - Homo sapiens (human),4,ALDH2;UPB1;VNN1;VNN2,41;1199;1221;1222
hsa03030,DNA replication - Homo sapiens (human),3,PCNA;RFC1;RNASEH2B,828;951;957
hsa00603,Glycosphingolipid biosynthesis - globo and isoglobo series - Homo sapiens (human),3,A4GALT;ABO;FUT2,1;10;424
hsa04721,Synaptic vesicle cycle - Homo sapiens (human),3,SLC18A2;SLC6A3;SLC6A4,1026;1043;1044
hsa00260,"Glycine, serine and threonine metabolism - Homo sapiens (human)",3,BHMT;MAOA;MAOB,113;684;685
hsa01210,2-Oxocarboxylic acid metabolism - Homo sapiens (human),3,IDH1;IDH2;IDH3B,546;547;548
hsa03273,Virion - Lassa virus and SFTS virus - Homo sapiens (human),3,CD209;MYH11;TFRC,172;743;1113
hsa00051,Fructose and mannose metabolism - Homo sapiens (human),3,AKR1B1;FBP1;TPI1,35;392;1164
hsa03266,Virion - Herpesvirus - Homo sapiens (human),3,IGF2R;NECTIN2;TNFRSF14,566;760;1146
hsa00120,Primary bile acid biosynthesis - Homo sapiens (human),3,AKR1D1;CYP27A1;HSD17B4,36;298;532
hsa00053,Ascorbate and aldarate metabolism - Homo sapiens (human),3,ALDH2;KL;UGT1A4,41;635;1196
hsa03430,Mismatch repair - Homo sapiens (human),3,PCNA;PMS2;RFC1,828;881;951
hsa00040,Pentose and glucuronate interconversions - Homo sapiens (human),3,AKR1B1;KL;UGT1A4,35;635;1196
hsa03420,Nucleotide excision repair - Homo sapiens (human),3,ERCC6;PCNA;RFC1,363;828;951
hsa00650,Butanoate metabolism - Homo sapiens (human),3,GAD1;GAD2;OXCT1,429;430;806
hsa04973,Carbohydrate digestion and absorption - Homo sapiens (human),3,AKT1;ATP1B2;PIK3R1,37;91;863
hsa04136,Autophagy - other - Homo sapiens (human),3,ATG16L1;ATG4C;PPP2CA,84;85;891
hsa04392,Hippo signaling pathway - multiple species - Homo sapiens (human),3,NF2;RASSF1;YAP1,766;939;1239
hsa03267,Virion - Adenovirus - Homo sapiens (human),3,CD46;CD80;CD86,178;182;184
hsa00240,Pyrimidine metabolism - Homo sapiens (human),3,NT5E;RRM1;UPB1,798;974;1199
hsa00130,Ubiquinone and other terpenoid-quinone biosynthesis - Homo sapiens (human),2,GGCX;NQO1,446;792
hsa00250,"Alanine, aspartate and glutamate metabolism - Homo sapiens (human)",2,GAD1;GAD2,429;430
hsa00071,Fatty acid degradation - Homo sapiens (human),2,ALDH2;CPT1B,41;255
hsa00280,"Valine, leucine and isoleucine degradation - Homo sapiens (human)",2,ALDH2;OXCT1,41;806
hsa00430,Taurine and hypotaurine metabolism - Homo sapiens (human),2,GAD1;GAD2,429;430
hsa00052,Galactose metabolism - Homo sapiens (human),2,AKR1B1;GALK1,35;432
hsa05033,Nicotine addiction - Homo sapiens (human),2,GABRB3;GRIA4,428;468
hsa04966,Collecting duct acid secretion - Homo sapiens (human),2,CA2;SLC4A1,135;1038
hsa03260,Virion - Human immunodeficiency virus - Homo sapiens (human),2,CD209;CD4,172;174
hsa03450,Non-homologous end-joining - Homo sapiens (human),2,LIG4;RAD50,655;935
hsa01212,Fatty acid metabolism - Homo sapiens (human),2,CPT1B;HSD17B4,255;532
hsa03015,mRNA surveillance pathway - Homo sapiens (human),2,PPP2CA;TARDBP,891;1095
hsa04130,SNARE interactions in vesicular transport - Homo sapiens (human),2,VAMP5;VAMP8,1208;1209
