DiseaseName_norm,DrugBankID,Source
atherosclerosis,DB01599,gene_target
zellwegersyndrome,DB06716,gene_target
gout,DB00795,gene_target
celiacdisease,DB00178,gene_target
celiacdisease,DB00492,gene_target
celiacdisease,DB00519,gene_target
celiacdisease,DB00542,gene_target
celiacdisease,DB00584,gene_target
celiacdisease,DB00691,gene_target
celiacdisease,DB00722,gene_target
celiacdisease,DB00790,gene_target
celiacdisease,DB00881,gene_target
celiacdisease,DB00999,gene_target
celiacdisease,DB01089,gene_target
celiacdisease,DB01180,gene_target
celiacdisease,DB01197,gene_target
celiacdisease,DB01340,gene_target
celiacdisease,DB01348,gene_target
celiacdisease,DB09477,gene_target
celiacdisease,DB13166,gene_target
diabeticretinopathy,DB09019,gene_target
malaria,DB00608,gene_target
diabeticretinopathy,DB00177,gene_target
diabeticretinopathy,DB00275,gene_target
diabeticretinopathy,DB00678,gene_target
diabeticretinopathy,DB00796,gene_target
diabeticretinopathy,DB00876,gene_target
diabeticretinopathy,DB00966,gene_target
diabeticretinopathy,DB01029,gene_target
diabeticretinopathy,DB08822,gene_target
diabeticretinopathy,DB12548,gene_target
atherosclerosis,DB06083,gene_target
cataract,DB00605,gene_target
cataract,DB04272,gene_target
hemochromatosis,DB00548,gene_target
hypertriglyceridemia,DB12218,gene_target
meningioma,DB12218,gene_target
meningioma,DB00855,gene_target
nephroticsyndrome,DB00743,gene_target
nephroticsyndrome,DB03585,gene_target
nephroticsyndrome,DB04711,gene_target
nephroticsyndrome,DB06705,gene_target
nephroticsyndrome,DB13967,gene_target
neuroblastoma,DB08865,gene_target
neuroblastoma,DB09063,gene_target
neuroblastoma,DB11363,gene_target
neuroblastoma,DB11986,gene_target
neuroblastoma,DB12130,gene_target
neuroblastoma,DB12141,gene_target
neuroblastoma,DB12267,gene_target
atherosclerosis,DB00179,gene_target
atherosclerosis,DB00244,gene_target
atherosclerosis,DB00711,gene_target
atherosclerosis,DB00744,gene_target
atherosclerosis,DB00795,gene_target
atherosclerosis,DB00939,gene_target
atherosclerosis,DB01014,gene_target
osteoporosis-pseudogliomasyndrome,DB00848,gene_target
osteoporosis,DB00591,gene_target
osteoporosis,DB00563,gene_target
osteoporosis,DB00642,gene_target
glioma,DB00390,gene_target
glioma,DB01396,gene_target
glioma,DB09020,gene_target
cataract,DB01159,gene_target
cataract,DB01189,gene_target
cataract,DB01236,gene_target
hypertriglyceridemia,DB00382,gene_target
hypertriglyceridemia,DB00449,gene_target
hypertriglyceridemia,DB00545,gene_target
hypertriglyceridemia,DB00677,gene_target
hypertriglyceridemia,DB00733,gene_target
hypertriglyceridemia,DB00772,gene_target
hypertriglyceridemia,DB00941,gene_target
hypertriglyceridemia,DB00989,gene_target
hypertriglyceridemia,DB01010,gene_target
hypertriglyceridemia,DB01057,gene_target
hypertriglyceridemia,DB01221,gene_target
multiplesclerosis,DB00382,gene_target
multiplesclerosis,DB00449,gene_target
multiplesclerosis,DB00545,gene_target
multiplesclerosis,DB00677,gene_target
multiplesclerosis,DB00733,gene_target
multiplesclerosis,DB00772,gene_target
multiplesclerosis,DB00941,gene_target
multiplesclerosis,DB00989,gene_target
multiplesclerosis,DB01010,gene_target
multiplesclerosis,DB01057,gene_target
multiplesclerosis,DB01221,gene_target
neuroblastoma,DB00382,gene_target
neuroblastoma,DB00449,gene_target
neuroblastoma,DB00545,gene_target
neuroblastoma,DB00677,gene_target
neuroblastoma,DB00733,gene_target
neuroblastoma,DB00772,gene_target
neuroblastoma,DB00941,gene_target
neuroblastoma,DB00989,gene_target
neuroblastoma,DB01010,gene_target
neuroblastoma,DB01057,gene_target
neuroblastoma,DB01221,gene_target
multiplemyeloma,DB01229,gene_target
multiplemyeloma,DB01367,gene_target
multiplemyeloma,DB11581,gene_target
multiplemyeloma,DB12243,gene_target
neuraltubedefects,DB06756,gene_target
cardiofaciocutaneoussyndrome,DB00398,gene_target
cardiofaciocutaneoussyndrome,DB08881,gene_target
cardiofaciocutaneoussyndrome,DB08896,gene_target
cardiofaciocutaneoussyndrome,DB08912,gene_target
cardiofaciocutaneoussyndrome,DB11718,gene_target
cardiofaciocutaneoussyndrome,DB14840,gene_target
cardiofaciocutaneoussyndrome,DB15266,gene_target
costellosyndrome,DB00398,gene_target
costellosyndrome,DB08881,gene_target
costellosyndrome,DB08896,gene_target
costellosyndrome,DB08912,gene_target
costellosyndrome,DB11718,gene_target
costellosyndrome,DB14840,gene_target
costellosyndrome,DB15266,gene_target
glioma,DB00398,gene_target
glioma,DB08881,gene_target
glioma,DB08896,gene_target
glioma,DB08912,gene_target
glioma,DB11718,gene_target
glioma,DB14840,gene_target
glioma,DB15266,gene_target
noonansyndrome,DB00398,gene_target
noonansyndrome,DB08881,gene_target
noonansyndrome,DB08896,gene_target
noonansyndrome,DB08912,gene_target
noonansyndrome,DB11718,gene_target
noonansyndrome,DB14840,gene_target
noonansyndrome,DB15266,gene_target
osteoporosis,DB00273,gene_target
osteoporosis,DB00562,gene_target
osteoporosis,DB00606,gene_target
osteoporosis,DB00703,gene_target
osteoporosis,DB00819,gene_target
osteoporosis,DB00869,gene_target
osteoporosis,DB00880,gene_target
osteoporosis,DB00936,gene_target
osteoporosis,DB01031,gene_target
osteoporosis,DB01144,gene_target
osteoporosis,DB01194,gene_target
osteoporosis,DB01325,gene_target
osteoporosis,DB03255,gene_target
osteoporosis,DB06795,gene_target
osteoporosis,DB08329,gene_target
osteoporosis,DB09472,gene_target
osteoporosis,DB11085,gene_target
osteoporosis,DB11672,gene_target
osteoporosis,DB12754,gene_target
osteoporosis,DB14086,gene_target
osteoporosis,DB01278,gene_target
hypoplasticleftheartsyndrome,DB04813,gene_target
cryptorchidism,DB13751,gene_target
diabeticretinopathy,DB13751,gene_target
glioma,DB01213,gene_target
marfansyndrome,DB01213,gene_target
psoriasis,DB01213,gene_target
obsessive-compulsivedisorder,DB00183,gene_target
obsessive-compulsivedisorder,DB00403,gene_target
multiplemyeloma,DB01169,gene_target
multiplemyeloma,DB11718,gene_target
multiplesclerosis,DB08818,gene_target
neuroblastoma,DB08818,gene_target
vitiligo,DB08818,gene_target
medulloblastoma,DB05676,gene_target
medulloblastoma,DB09073,gene_target
medulloblastoma,DB11730,gene_target
medulloblastoma,DB12001,gene_target
medulloblastoma,DB15442,gene_target
atypicalhemolyticuremicsyndrome,DB16200,gene_target
myastheniagravis,DB16200,gene_target
cysticfibrosis,DB08820,gene_target
cysticfibrosis,DB09280,gene_target
cysticfibrosis,DB11712,gene_target
cysticfibrosis,DB15444,gene_target
cryptorchidism,DB00185,gene_target
cryptorchidism,DB00332,gene_target
cryptorchidism,DB00383,gene_target
cryptorchidism,DB00387,gene_target
cryptorchidism,DB00496,gene_target
cryptorchidism,DB00517,gene_target
cryptorchidism,DB00572,gene_target
cryptorchidism,DB00725,gene_target
cryptorchidism,DB00747,gene_target
cryptorchidism,DB00986,gene_target
cryptorchidism,DB01019,gene_target
cryptorchidism,DB01036,gene_target
cryptorchidism,DB01062,gene_target
cryptorchidism,DB01085,gene_target
cryptorchidism,DB01231,gene_target
cryptorchidism,DB01409,gene_target
cryptorchidism,DB01591,gene_target
cryptorchidism,DB01625,gene_target
cryptorchidism,DB04843,gene_target
cryptorchidism,DB06702,gene_target
cryptorchidism,DB06709,gene_target
cryptorchidism,DB06787,gene_target
cryptorchidism,DB08897,gene_target
cryptorchidism,DB09076,gene_target
cryptorchidism,DB09089,gene_target
cryptorchidism,DB09167,gene_target
cryptorchidism,DB09300,gene_target
cryptorchidism,DB11181,gene_target
cryptorchidism,DB11315,gene_target
cryptorchidism,DB12278,gene_target
cryptorchidism,DB13262,gene_target
cryptorchidism,DB13720,gene_target
cryptorchidism,DB15357,gene_target
cryptorchidism,DB19325,gene_target
cryptorchidism,DB00340,gene_target
cryptorchidism,DB11855,gene_target
glioma,DB01046,gene_target
retinitispigmentosa,DB04209,gene_target
huntingtondisease,DB00470,gene_target
huntingtondisease,DB00486,gene_target
huntingtondisease,DB01083,gene_target
huntingtondisease,DB06155,gene_target
huntingtondisease,DB09061,gene_target
multiplesclerosis,DB00470,gene_target
multiplesclerosis,DB00486,gene_target
multiplesclerosis,DB01083,gene_target
multiplesclerosis,DB06155,gene_target
multiplesclerosis,DB09061,gene_target
rhabdomyosarcoma,DB00470,gene_target
rhabdomyosarcoma,DB00486,gene_target
rhabdomyosarcoma,DB01083,gene_target
rhabdomyosarcoma,DB06155,gene_target
rhabdomyosarcoma,DB09061,gene_target
atherosclerosis,DB00470,gene_target
atherosclerosis,DB00486,gene_target
atherosclerosis,DB09061,gene_target
digeorgesyndrome,DB00323,gene_target
digeorgesyndrome,DB00494,gene_target
digeorgesyndrome,DB11632,gene_target
narcolepsy,DB00583,gene_target
narcolepsy,DB01074,gene_target
multiplemyeloma,DB00480,gene_target
multiplemyeloma,DB01041,gene_target
multiplemyeloma,DB08910,gene_target
barrettesophagus,DB01050,gene_target
osteoporosis,DB00357,gene_target
osteoporosis,DB00514,gene_target
osteoporosis,DB00894,gene_target
osteoporosis,DB00990,gene_target
osteoporosis,DB01006,gene_target
osteoporosis,DB01217,gene_target
osteoporosis,DB07776,gene_target
osteoporosis,DB08905,gene_target
osteosarcoma,DB09065,gene_target
osteosarcoma,DB11672,gene_target
neuroblastoma,DB00822,gene_target
neuroblastoma,DB00988,gene_target
osteosarcoma,DB00205,gene_target
osteosarcoma,DB00233,gene_target
osteosarcoma,DB00440,gene_target
osteosarcoma,DB00563,gene_target
osteosarcoma,DB00642,gene_target
osteosarcoma,DB00650,gene_target
osteosarcoma,DB01131,gene_target
osteosarcoma,DB01157,gene_target
osteosarcoma,DB06813,gene_target
medulloblastoma,DB00928,gene_target
medulloblastoma,DB01262,gene_target
hyperprolactinemia,DB00246,gene_target
hyperprolactinemia,DB00248,gene_target
hyperprolactinemia,DB00268,gene_target
hyperprolactinemia,DB00298,gene_target
hyperprolactinemia,DB00320,gene_target
hyperprolactinemia,DB00334,gene_target
hyperprolactinemia,DB00363,gene_target
hyperprolactinemia,DB00372,gene_target
hyperprolactinemia,DB00388,gene_target
hyperprolactinemia,DB00391,gene_target
hyperprolactinemia,DB00408,gene_target
hyperprolactinemia,DB00409,gene_target
hyperprolactinemia,DB00413,gene_target
hyperprolactinemia,DB00420,gene_target
hyperprolactinemia,DB00433,gene_target
hyperprolactinemia,DB00450,gene_target
hyperprolactinemia,DB00477,gene_target
hyperprolactinemia,DB00490,gene_target
hyperprolactinemia,DB00502,gene_target
hyperprolactinemia,DB00508,gene_target
hyperprolactinemia,DB00589,gene_target
hyperprolactinemia,DB00610,gene_target
hyperprolactinemia,DB00623,gene_target
hyperprolactinemia,DB00662,gene_target
hyperprolactinemia,DB00679,gene_target
hyperprolactinemia,DB00692,gene_target
hyperprolactinemia,DB00714,gene_target
hyperprolactinemia,DB00734,gene_target
hyperprolactinemia,DB00797,gene_target
hyperprolactinemia,DB00831,gene_target
hyperprolactinemia,DB00850,gene_target
hyperprolactinemia,DB00852,gene_target
hyperprolactinemia,DB00875,gene_target
hyperprolactinemia,DB00915,gene_target
hyperprolactinemia,DB00925,gene_target
hyperprolactinemia,DB00933,gene_target
hyperprolactinemia,DB00968,gene_target
hyperprolactinemia,DB00988,gene_target
hyperprolactinemia,DB01063,gene_target
hyperprolactinemia,DB01100,gene_target
hyperprolactinemia,DB01184,gene_target
hyperprolactinemia,DB01186,gene_target
hyperprolactinemia,DB01200,gene_target
hyperprolactinemia,DB01224,gene_target
hyperprolactinemia,DB01233,gene_target
hyperprolactinemia,DB01235,gene_target
hyperprolactinemia,DB01238,gene_target
hyperprolactinemia,DB01239,gene_target
hyperprolactinemia,DB01253,gene_target
hyperprolactinemia,DB01267,gene_target
hyperprolactinemia,DB01364,gene_target
hyperprolactinemia,DB01365,gene_target
hyperprolactinemia,DB01403,gene_target
hyperprolactinemia,DB01577,gene_target
hyperprolactinemia,DB01618,gene_target
hyperprolactinemia,DB01621,gene_target
hyperprolactinemia,DB01623,gene_target
hyperprolactinemia,DB01624,gene_target
hyperprolactinemia,DB04821,gene_target
hyperprolactinemia,DB04842,gene_target
hyperprolactinemia,DB04946,gene_target
hyperprolactinemia,DB05271,gene_target
hyperprolactinemia,DB06016,gene_target
hyperprolactinemia,DB06077,gene_target
hyperprolactinemia,DB06144,gene_target
hyperprolactinemia,DB06216,gene_target
hyperprolactinemia,DB06288,gene_target
hyperprolactinemia,DB06711,gene_target
hyperprolactinemia,DB06808,gene_target
hyperprolactinemia,DB08815,gene_target
hyperprolactinemia,DB09097,gene_target
hyperprolactinemia,DB09225,gene_target
hyperprolactinemia,DB11160,gene_target
hyperprolactinemia,DB11274,gene_target
hyperprolactinemia,DB12313,gene_target
hyperprolactinemia,DB12710,gene_target
hyperprolactinemia,DB14185,gene_target
hyperprolactinemia,DB11275,gene_target
hyperprolactinemia,DB13345,gene_target
hirschsprungdisease,DB00559,gene_target
hirschsprungdisease,DB15059,gene_target
cholangiocarcinoma,DB00317,gene_target
cholangiocarcinoma,DB00398,gene_target
cholangiocarcinoma,DB00530,gene_target
cholangiocarcinoma,DB00727,gene_target
cholangiocarcinoma,DB01259,gene_target
cholangiocarcinoma,DB05294,gene_target
cholangiocarcinoma,DB08916,gene_target
cholangiocarcinoma,DB09330,gene_target
cholangiocarcinoma,DB11828,gene_target
cholangiocarcinoma,DB11963,gene_target
cholangiocarcinoma,DB12267,gene_target
cholangiocarcinoma,DB16216,gene_target
cholangiocarcinoma,DB16390,gene_target
osteosarcoma,DB00317,gene_target
osteosarcoma,DB00398,gene_target
osteosarcoma,DB00530,gene_target
osteosarcoma,DB00727,gene_target
osteosarcoma,DB01259,gene_target
osteosarcoma,DB05294,gene_target
osteosarcoma,DB08916,gene_target
osteosarcoma,DB09330,gene_target
osteosarcoma,DB11828,gene_target
osteosarcoma,DB11963,gene_target
osteosarcoma,DB12267,gene_target
osteosarcoma,DB16216,gene_target
osteosarcoma,DB16390,gene_target
malaria,DB01254,gene_target
malaria,DB08896,gene_target
noonansyndrome,DB01254,gene_target
cholangiocarcinoma,DB00179,gene_target
cholangiocarcinoma,DB11652,gene_target
glioma,DB00179,gene_target
glioma,DB01259,gene_target
glioma,DB08916,gene_target
glioma,DB11652,gene_target
glioma,DB11828,gene_target
glioma,DB11963,gene_target
medulloblastoma,DB00179,gene_target
medulloblastoma,DB01259,gene_target
medulloblastoma,DB08916,gene_target
medulloblastoma,DB11652,gene_target
medulloblastoma,DB11828,gene_target
medulloblastoma,DB11963,gene_target
atherosclerosis,DB00255,gene_target
atherosclerosis,DB00304,gene_target
atherosclerosis,DB00367,gene_target
atherosclerosis,DB00481,gene_target
atherosclerosis,DB00539,gene_target
atherosclerosis,DB00603,gene_target
atherosclerosis,DB00648,gene_target
atherosclerosis,DB00655,gene_target
atherosclerosis,DB00675,gene_target
atherosclerosis,DB00783,gene_target
atherosclerosis,DB00823,gene_target
atherosclerosis,DB00882,gene_target
atherosclerosis,DB00890,gene_target
atherosclerosis,DB00947,gene_target
atherosclerosis,DB00957,gene_target
atherosclerosis,DB00977,gene_target
atherosclerosis,DB01108,gene_target
atherosclerosis,DB01185,gene_target
atherosclerosis,DB01196,gene_target
atherosclerosis,DB01357,gene_target
atherosclerosis,DB01406,gene_target
atherosclerosis,DB04573,gene_target
atherosclerosis,DB04574,gene_target
atherosclerosis,DB04575,gene_target
atherosclerosis,DB04813,gene_target
atherosclerosis,DB04938,gene_target
atherosclerosis,DB06202,gene_target
atherosclerosis,DB06249,gene_target
atherosclerosis,DB06374,gene_target
atherosclerosis,DB06401,gene_target
atherosclerosis,DB09070,gene_target
atherosclerosis,DB11619,gene_target
atherosclerosis,DB12235,gene_target
atherosclerosis,DB13952,gene_target
atherosclerosis,DB13953,gene_target
atherosclerosis,DB13954,gene_target
atherosclerosis,DB13955,gene_target
atherosclerosis,DB13956,gene_target
atherosclerosis,DB13981,gene_target
idiopathicpulmonaryfibrosis,DB00255,gene_target
idiopathicpulmonaryfibrosis,DB00304,gene_target
idiopathicpulmonaryfibrosis,DB00367,gene_target
idiopathicpulmonaryfibrosis,DB00481,gene_target
idiopathicpulmonaryfibrosis,DB00539,gene_target
idiopathicpulmonaryfibrosis,DB00603,gene_target
idiopathicpulmonaryfibrosis,DB00648,gene_target
idiopathicpulmonaryfibrosis,DB00655,gene_target
idiopathicpulmonaryfibrosis,DB00675,gene_target
idiopathicpulmonaryfibrosis,DB00783,gene_target
idiopathicpulmonaryfibrosis,DB00823,gene_target
idiopathicpulmonaryfibrosis,DB00882,gene_target
idiopathicpulmonaryfibrosis,DB00890,gene_target
idiopathicpulmonaryfibrosis,DB00947,gene_target
idiopathicpulmonaryfibrosis,DB00957,gene_target
idiopathicpulmonaryfibrosis,DB00977,gene_target
idiopathicpulmonaryfibrosis,DB01108,gene_target
idiopathicpulmonaryfibrosis,DB01185,gene_target
idiopathicpulmonaryfibrosis,DB01196,gene_target
idiopathicpulmonaryfibrosis,DB01357,gene_target
idiopathicpulmonaryfibrosis,DB01406,gene_target
idiopathicpulmonaryfibrosis,DB04573,gene_target
idiopathicpulmonaryfibrosis,DB04574,gene_target
idiopathicpulmonaryfibrosis,DB04575,gene_target
idiopathicpulmonaryfibrosis,DB04813,gene_target
idiopathicpulmonaryfibrosis,DB04938,gene_target
idiopathicpulmonaryfibrosis,DB06202,gene_target
idiopathicpulmonaryfibrosis,DB06249,gene_target
idiopathicpulmonaryfibrosis,DB06374,gene_target
idiopathicpulmonaryfibrosis,DB06401,gene_target
idiopathicpulmonaryfibrosis,DB09070,gene_target
idiopathicpulmonaryfibrosis,DB11619,gene_target
idiopathicpulmonaryfibrosis,DB12235,gene_target
idiopathicpulmonaryfibrosis,DB13952,gene_target
idiopathicpulmonaryfibrosis,DB13953,gene_target
idiopathicpulmonaryfibrosis,DB13954,gene_target
idiopathicpulmonaryfibrosis,DB13955,gene_target
idiopathicpulmonaryfibrosis,DB13956,gene_target
idiopathicpulmonaryfibrosis,DB13981,gene_target
neuroblastoma,DB00255,gene_target
neuroblastoma,DB00304,gene_target
neuroblastoma,DB00367,gene_target
neuroblastoma,DB00481,gene_target
neuroblastoma,DB00539,gene_target
neuroblastoma,DB00603,gene_target
neuroblastoma,DB00648,gene_target
neuroblastoma,DB00655,gene_target
neuroblastoma,DB00675,gene_target
neuroblastoma,DB00783,gene_target
neuroblastoma,DB00823,gene_target
neuroblastoma,DB00882,gene_target
neuroblastoma,DB00890,gene_target
neuroblastoma,DB00947,gene_target
neuroblastoma,DB00957,gene_target
neuroblastoma,DB00977,gene_target
neuroblastoma,DB01108,gene_target
neuroblastoma,DB01185,gene_target
neuroblastoma,DB01196,gene_target
neuroblastoma,DB01357,gene_target
neuroblastoma,DB01406,gene_target
neuroblastoma,DB04573,gene_target
neuroblastoma,DB04574,gene_target
neuroblastoma,DB04575,gene_target
neuroblastoma,DB04813,gene_target
neuroblastoma,DB04938,gene_target
neuroblastoma,DB06202,gene_target
neuroblastoma,DB06249,gene_target
neuroblastoma,DB06374,gene_target
neuroblastoma,DB06401,gene_target
neuroblastoma,DB09070,gene_target
neuroblastoma,DB11619,gene_target
neuroblastoma,DB12235,gene_target
neuroblastoma,DB13952,gene_target
neuroblastoma,DB13953,gene_target
neuroblastoma,DB13954,gene_target
neuroblastoma,DB13955,gene_target
neuroblastoma,DB13956,gene_target
neuroblastoma,DB13981,gene_target
medulloblastoma,DB00255,gene_target
medulloblastoma,DB00481,gene_target
medulloblastoma,DB00675,gene_target
medulloblastoma,DB00783,gene_target
medulloblastoma,DB01108,gene_target
medulloblastoma,DB01196,gene_target
medulloblastoma,DB04813,gene_target
medulloblastoma,DB06202,gene_target
medulloblastoma,DB06249,gene_target
medulloblastoma,DB13952,gene_target
medulloblastoma,DB13953,gene_target
medulloblastoma,DB13954,gene_target
medulloblastoma,DB13955,gene_target
medulloblastoma,DB13956,gene_target
osteosarcoma,DB00253,gene_target
osteosarcoma,DB00288,gene_target
osteosarcoma,DB00547,gene_target
osteosarcoma,DB00596,gene_target
osteosarcoma,DB00663,gene_target
osteosarcoma,DB00846,gene_target
osteosarcoma,DB00896,gene_target
osteosarcoma,DB00995,gene_target
osteosarcoma,DB01047,gene_target
osteosarcoma,DB01130,gene_target
osteosarcoma,DB01260,gene_target
osteosarcoma,DB01380,gene_target
osteosarcoma,DB02789,gene_target
osteosarcoma,DB06786,gene_target
osteosarcoma,DB14596,gene_target
craniosynostoses,DB12887,gene_target
osteosarcoma,DB12887,gene_target
disseminatedintravascularcoagulation,DB00006,gene_target
disseminatedintravascularcoagulation,DB00114,gene_target
disseminatedintravascularcoagulation,DB00278,gene_target
disseminatedintravascularcoagulation,DB01125,gene_target
disseminatedintravascularcoagulation,DB04898,gene_target
disseminatedintravascularcoagulation,DB06695,gene_target
disseminatedintravascularcoagulation,DB14726,gene_target
glioma,DB00364,gene_target
glioma,DB00686,gene_target
nephroticsyndrome,DB00364,gene_target
nephroticsyndrome,DB00686,gene_target
craniosynostoses,DB00398,gene_target
craniosynostoses,DB08896,gene_target
craniosynostoses,DB09078,gene_target
craniosynostoses,DB09079,gene_target
craniosynostoses,DB11886,gene_target
craniosynostoses,DB12147,gene_target
craniosynostoses,DB15102,gene_target
craniosynostoses,DB15149,gene_target
glioma,DB09078,gene_target
glioma,DB09079,gene_target
glioma,DB11886,gene_target
glioma,DB12147,gene_target
glioma,DB15102,gene_target
glioma,DB15149,gene_target
cholangiocarcinoma,DB08896,gene_target
cholangiocarcinoma,DB09078,gene_target
cholangiocarcinoma,DB09079,gene_target
cholangiocarcinoma,DB11886,gene_target
cholangiocarcinoma,DB12147,gene_target
cholangiocarcinoma,DB15102,gene_target
cholangiocarcinoma,DB15149,gene_target
multiplemyeloma,DB09078,gene_target
multiplemyeloma,DB09079,gene_target
multiplemyeloma,DB11886,gene_target
multiplemyeloma,DB12147,gene_target
multiplemyeloma,DB15102,gene_target
multiplemyeloma,DB15149,gene_target
neuraltubedefects,DB00205,gene_target
neuraltubedefects,DB15413,gene_target
osteosarcoma,DB15413,gene_target
glioma,DB13995,gene_target
malaria,DB01708,gene_target
malaria,DB03085,gene_target
angelmansyndrome,DB00592,gene_target
angelmansyndrome,DB00818,gene_target
angelmansyndrome,DB06716,gene_target
angelmansyndrome,DB00186,gene_target
angelmansyndrome,DB00189,gene_target
angelmansyndrome,DB00228,gene_target
angelmansyndrome,DB00231,gene_target
angelmansyndrome,DB00237,gene_target
angelmansyndrome,DB00241,gene_target
angelmansyndrome,DB00292,gene_target
angelmansyndrome,DB00306,gene_target
angelmansyndrome,DB00312,gene_target
angelmansyndrome,DB00349,gene_target
angelmansyndrome,DB00371,gene_target
angelmansyndrome,DB00402,gene_target
angelmansyndrome,DB00404,gene_target
angelmansyndrome,DB00475,gene_target
angelmansyndrome,DB00628,gene_target
angelmansyndrome,DB00683,gene_target
angelmansyndrome,DB00690,gene_target
angelmansyndrome,DB00753,gene_target
angelmansyndrome,DB00794,gene_target
angelmansyndrome,DB00801,gene_target
angelmansyndrome,DB00829,gene_target
angelmansyndrome,DB00842,gene_target
angelmansyndrome,DB00897,gene_target
angelmansyndrome,DB01028,gene_target
angelmansyndrome,DB01068,gene_target
angelmansyndrome,DB01107,gene_target
angelmansyndrome,DB01159,gene_target
angelmansyndrome,DB01189,gene_target
angelmansyndrome,DB01205,gene_target
angelmansyndrome,DB01215,gene_target
angelmansyndrome,DB01236,gene_target
angelmansyndrome,DB01437,gene_target
angelmansyndrome,DB01544,gene_target
angelmansyndrome,DB01558,gene_target
angelmansyndrome,DB01559,gene_target
angelmansyndrome,DB01587,gene_target
angelmansyndrome,DB01588,gene_target
angelmansyndrome,DB01589,gene_target
angelmansyndrome,DB01595,gene_target
angelmansyndrome,DB01956,gene_target
angelmansyndrome,DB05087,gene_target
angelmansyndrome,DB09118,gene_target
angelmansyndrome,DB11859,gene_target
angelmansyndrome,DB12404,gene_target
angelmansyndrome,DB13872,gene_target
angelmansyndrome,DB15490,gene_target
osteoporosis,DB09092,gene_target
barrettesophagus,DB12532,gene_target
hyperprolactinemia,DB00014,gene_target
crohndisease,DB04348,gene_target
myopia,DB08883,gene_target
retinitispigmentosa,DB08931,gene_target
retinitispigmentosa,DB15456,gene_target
malaria,DB06154,gene_target
malaria,DB09112,gene_target
malaria,DB09517,gene_target
malaria,DB13995,gene_target
psoriasis,DB00627,gene_target
psoriasis,DB08949,gene_target
narcolepsy,DB09034,gene_target
narcolepsy,DB11951,gene_target
narcolepsy,DB15031,gene_target
osteosarcoma,DB02546,gene_target
osteosarcoma,DB05015,gene_target
osteosarcoma,DB06603,gene_target
osteosarcoma,DB12645,gene_target
atherosclerosis,DB00313,gene_target
atherosclerosis,DB05015,gene_target
atherosclerosis,DB06603,gene_target
atherosclerosis,DB12645,gene_target
qfever,DB00175,gene_target
qfever,DB00227,gene_target
qfever,DB00439,gene_target
qfever,DB00641,gene_target
qfever,DB00945,gene_target
qfever,DB01076,gene_target
qfever,DB01095,gene_target
qfever,DB01098,gene_target
qfever,DB08860,gene_target
qfever,DB08880,gene_target
qfever,DB11629,gene_target
adrenoleukodystrophy,DB02325,gene_target
atherosclerosis,DB09130,gene_target
atherosclerosis,DB09517,gene_target
hemochromatosis,DB09130,gene_target
hemochromatosis,DB09517,gene_target
malaria,DB09130,gene_target
atherosclerosis,DB00283,gene_target
atherosclerosis,DB00341,gene_target
atherosclerosis,DB00342,gene_target
atherosclerosis,DB00354,gene_target
atherosclerosis,DB00366,gene_target
atherosclerosis,DB00392,gene_target
atherosclerosis,DB00405,gene_target
atherosclerosis,DB00427,gene_target
atherosclerosis,DB00434,gene_target
atherosclerosis,DB00455,gene_target
atherosclerosis,DB00477,gene_target
atherosclerosis,DB00557,gene_target
atherosclerosis,DB00568,gene_target
atherosclerosis,DB00637,gene_target
atherosclerosis,DB00719,gene_target
atherosclerosis,DB00737,gene_target
atherosclerosis,DB00748,gene_target
atherosclerosis,DB00751,gene_target
atherosclerosis,DB00768,gene_target
atherosclerosis,DB00777,gene_target
atherosclerosis,DB00792,gene_target
atherosclerosis,DB00835,gene_target
atherosclerosis,DB00885,gene_target
atherosclerosis,DB00902,gene_target
atherosclerosis,DB00912,gene_target
atherosclerosis,DB00920,gene_target
atherosclerosis,DB00950,gene_target
atherosclerosis,DB00967,gene_target
atherosclerosis,DB00972,gene_target
atherosclerosis,DB00985,gene_target
atherosclerosis,DB01069,gene_target
atherosclerosis,DB01075,gene_target
atherosclerosis,DB01084,gene_target
atherosclerosis,DB01106,gene_target
atherosclerosis,DB01114,gene_target
atherosclerosis,DB01142,gene_target
atherosclerosis,DB01146,gene_target
atherosclerosis,DB01173,gene_target
atherosclerosis,DB01176,gene_target
atherosclerosis,DB01237,gene_target
atherosclerosis,DB01239,gene_target
atherosclerosis,DB01246,gene_target
atherosclerosis,DB01619,gene_target
atherosclerosis,DB01620,gene_target
atherosclerosis,DB04837,gene_target
atherosclerosis,DB04890,gene_target
atherosclerosis,DB05381,gene_target
atherosclerosis,DB06282,gene_target
atherosclerosis,DB06691,gene_target
atherosclerosis,DB06698,gene_target
atherosclerosis,DB06766,gene_target
atherosclerosis,DB08799,gene_target
atherosclerosis,DB08801,gene_target
atherosclerosis,DB08936,gene_target
atherosclerosis,DB09167,gene_target
atherosclerosis,DB09195,gene_target
atherosclerosis,DB09488,gene_target
atherosclerosis,DB09555,gene_target
atherosclerosis,DB11235,gene_target
atherosclerosis,DB11591,gene_target
atherosclerosis,DB11614,gene_target
atherosclerosis,DB12523,gene_target
atherosclerosis,DB12877,gene_target
cryptorchidism,DB01108,gene_target
hypospadias,DB01108,gene_target
obsessive-compulsivedisorder,DB00216,gene_target
obsessive-compulsivedisorder,DB00246,gene_target
obsessive-compulsivedisorder,DB00315,gene_target
obsessive-compulsivedisorder,DB00320,gene_target
obsessive-compulsivedisorder,DB00574,gene_target
obsessive-compulsivedisorder,DB00669,gene_target
obsessive-compulsivedisorder,DB00696,gene_target
obsessive-compulsivedisorder,DB00918,gene_target
obsessive-compulsivedisorder,DB00952,gene_target
obsessive-compulsivedisorder,DB00953,gene_target
obsessive-compulsivedisorder,DB00998,gene_target
obsessive-compulsivedisorder,DB13520,gene_target
obsessive-compulsivedisorder,DB01239,gene_target
obsessive-compulsivedisorder,DB11273,gene_target
obsessive-compulsivedisorder,DB13345,gene_target
obsessive-compulsivedisorder,DB00247,gene_target
obsessive-compulsivedisorder,DB00321,gene_target
obsessive-compulsivedisorder,DB00334,gene_target
obsessive-compulsivedisorder,DB00363,gene_target
obsessive-compulsivedisorder,DB00370,gene_target
obsessive-compulsivedisorder,DB00408,gene_target
obsessive-compulsivedisorder,DB00434,gene_target
obsessive-compulsivedisorder,DB00477,gene_target
obsessive-compulsivedisorder,DB00540,gene_target
obsessive-compulsivedisorder,DB00589,gene_target
obsessive-compulsivedisorder,DB00604,gene_target
obsessive-compulsivedisorder,DB00656,gene_target
obsessive-compulsivedisorder,DB00679,gene_target
obsessive-compulsivedisorder,DB00734,gene_target
obsessive-compulsivedisorder,DB00805,gene_target
obsessive-compulsivedisorder,DB00875,gene_target
obsessive-compulsivedisorder,DB00924,gene_target
obsessive-compulsivedisorder,DB00933,gene_target
obsessive-compulsivedisorder,DB01149,gene_target
obsessive-compulsivedisorder,DB01151,gene_target
obsessive-compulsivedisorder,DB01224,gene_target
obsessive-compulsivedisorder,DB01238,gene_target
obsessive-compulsivedisorder,DB01242,gene_target
obsessive-compulsivedisorder,DB01267,gene_target
obsessive-compulsivedisorder,DB01621,gene_target
obsessive-compulsivedisorder,DB04908,gene_target
obsessive-compulsivedisorder,DB04946,gene_target
obsessive-compulsivedisorder,DB05316,gene_target
obsessive-compulsivedisorder,DB06077,gene_target
obsessive-compulsivedisorder,DB06144,gene_target
obsessive-compulsivedisorder,DB06216,gene_target
obsessive-compulsivedisorder,DB06288,gene_target
obsessive-compulsivedisorder,DB08815,gene_target
obsessive-compulsivedisorder,DB09167,gene_target
obsessive-compulsivedisorder,DB09195,gene_target
obsessive-compulsivedisorder,DB09225,gene_target
obsessive-compulsivedisorder,DB14185,gene_target
atherosclerosis,DB08818,gene_target
atherosclerosis,DB11611,gene_target
diabeticretinopathy,DB08818,gene_target
diabeticretinopathy,DB11611,gene_target
malaria,DB08818,gene_target
malaria,DB11611,gene_target
multiplesclerosis,DB11611,gene_target
cholangiocarcinoma,DB13874,gene_target
cholangiocarcinoma,DB14568,gene_target
cholangiocarcinoma,DB16267,gene_target
cholangiocarcinoma,DB17097,gene_target
glioma,DB13874,gene_target
glioma,DB14568,gene_target
glioma,DB16267,gene_target
glioma,DB17097,gene_target
osteoporosis,DB13874,gene_target
osteoporosis,DB17097,gene_target
retinitispigmentosa,DB13874,gene_target
retinitispigmentosa,DB17097,gene_target
crohndisease,DB01064,gene_target
glioma,DB01064,gene_target
psoriasis,DB01064,gene_target
gout,DB01296,gene_target
gout,DB05260,gene_target
gout,DB11994,gene_target
multiplesclerosis,DB01296,gene_target
multiplesclerosis,DB05260,gene_target
multiplesclerosis,DB11994,gene_target
neuroblastoma,DB01296,gene_target
neuroblastoma,DB05260,gene_target
neuroblastoma,DB11994,gene_target
psoriasis,DB01296,gene_target
psoriasis,DB05260,gene_target
psoriasis,DB11994,gene_target
lebercongenitalamaurosis,DB00688,gene_target
lebercongenitalamaurosis,DB00811,gene_target
lebercongenitalamaurosis,DB01024,gene_target
lebercongenitalamaurosis,DB01033,gene_target
retinitispigmentosa,DB00688,gene_target
retinitispigmentosa,DB00811,gene_target
retinitispigmentosa,DB01024,gene_target
retinitispigmentosa,DB01033,gene_target
lupusnephritis,DB08877,gene_target
lupusnephritis,DB08895,gene_target
lupusnephritis,DB11763,gene_target
lupusnephritis,DB11817,gene_target
lupusnephritis,DB14845,gene_target
lupusnephritis,DB14973,gene_target
lupusnephritis,DB15091,gene_target
osteosarcoma,DB00210,gene_target
osteosarcoma,DB01169,gene_target
cholangiocarcinoma,DB06637,gene_target
longqtsyndrome,DB00204,gene_target
longqtsyndrome,DB00252,gene_target
longqtsyndrome,DB00308,gene_target
longqtsyndrome,DB00489,gene_target
longqtsyndrome,DB01035,gene_target
longqtsyndrome,DB01100,gene_target
longqtsyndrome,DB01182,gene_target
longqtsyndrome,DB01218,gene_target
longqtsyndrome,DB04855,gene_target
longqtsyndrome,DB01118,gene_target
multiplesclerosis,DB00867,gene_target
multiplesclerosis,DB11148,gene_target
multiplesclerosis,DB00672,gene_target
multiplesclerosis,DB00839,gene_target
multiplesclerosis,DB01067,gene_target
multiplesclerosis,DB01251,gene_target
multiplesclerosis,DB01382,gene_target
longqtsyndrome,DB00808,gene_target
longqtsyndrome,DB06815,gene_target
cardiofaciocutaneoussyndrome,DB15568,gene_target
cardiofaciocutaneoussyndrome,DB15569,gene_target
cholangiocarcinoma,DB15568,gene_target
cholangiocarcinoma,DB15569,gene_target
costellosyndrome,DB15568,gene_target
costellosyndrome,DB15569,gene_target
neuroblastoma,DB15568,gene_target
neuroblastoma,DB15569,gene_target
noonansyndrome,DB15568,gene_target
noonansyndrome,DB15569,gene_target
celiacdisease,DB00636,gene_target
celiacdisease,DB01241,gene_target
celiacdisease,DB13751,gene_target
hypertriglyceridemia,DB00636,gene_target
hypertriglyceridemia,DB01241,gene_target
hypertriglyceridemia,DB13751,gene_target
osteoporosis,DB03017,gene_target
osteoporosis,DB04743,gene_target
osteoporosis,DB08439,gene_target
huntingtondisease,DB00191,gene_target
huntingtondisease,DB00752,gene_target
huntingtondisease,DB00780,gene_target
huntingtondisease,DB00805,gene_target
huntingtondisease,DB01171,gene_target
huntingtondisease,DB01247,gene_target
huntingtondisease,DB01577,gene_target
huntingtondisease,DB03147,gene_target
huntingtondisease,DB00182,gene_target
huntingtondisease,DB01168,gene_target
huntingtondisease,DB01037,gene_target
huntingtondisease,DB01299,gene_target
huntingtondisease,DB01367,gene_target
huntingtondisease,DB01626,gene_target
huntingtondisease,DB06654,gene_target
huntingtondisease,DB09086,gene_target
cardiofaciocutaneoussyndrome,DB05239,gene_target
cardiofaciocutaneoussyndrome,DB06616,gene_target
cardiofaciocutaneoussyndrome,DB08911,gene_target
cardiofaciocutaneoussyndrome,DB11689,gene_target
cardiofaciocutaneoussyndrome,DB11967,gene_target
costellosyndrome,DB05239,gene_target
costellosyndrome,DB06616,gene_target
costellosyndrome,DB08911,gene_target
costellosyndrome,DB11689,gene_target
costellosyndrome,DB11967,gene_target
noonansyndrome,DB05239,gene_target
noonansyndrome,DB06616,gene_target
noonansyndrome,DB08911,gene_target
noonansyndrome,DB11689,gene_target
noonansyndrome,DB11967,gene_target
vitiligo,DB04931,gene_target
barrettesophagus,DB00619,gene_target
barrettesophagus,DB04813,gene_target
leishmaniasis,DB00619,gene_target
leishmaniasis,DB04813,gene_target
multiplemyeloma,DB00619,gene_target
multiplemyeloma,DB04813,gene_target
hypertriglyceridemia,DB08865,gene_target
hypertriglyceridemia,DB08875,gene_target
hypertriglyceridemia,DB11791,gene_target
hypertriglyceridemia,DB15133,gene_target
neuroblastoma,DB08875,gene_target
neuroblastoma,DB11791,gene_target
neuroblastoma,DB15133,gene_target
osteosarcoma,DB08865,gene_target
osteosarcoma,DB08875,gene_target
osteosarcoma,DB11791,gene_target
osteosarcoma,DB15133,gene_target
lupusnephritis,DB11672,gene_target
marfansyndrome,DB11672,gene_target
neuroblastoma,DB11672,gene_target
medulloblastoma,DB06210,gene_target
medulloblastoma,DB11995,gene_target
medulloblastoma,DB13125,gene_target
vitiligo,DB00609,gene_target
vitiligo,DB04339,gene_target
vitiligo,DB12513,gene_target
commonvariableimmunodeficiency,DB08814,gene_target
commonvariableimmunodeficiency,DB13063,gene_target
commonvariableimmunodeficiency,DB13751,gene_target
crohndisease,DB13615,gene_target
atherosclerosis,DB08814,gene_target
atherosclerosis,DB11327,gene_target
atherosclerosis,DB11672,gene_target
cholangiocarcinoma,DB08814,gene_target
cholangiocarcinoma,DB11327,gene_target
cholangiocarcinoma,DB11672,gene_target
malaria,DB08814,gene_target
malaria,DB11327,gene_target
malaria,DB11672,gene_target
marfansyndrome,DB08814,gene_target
marfansyndrome,DB11327,gene_target
psoriasis,DB08814,gene_target
psoriasis,DB11327,gene_target
psoriasis,DB11672,gene_target
atherosclerosis,DB00360,gene_target
atherosclerosis,DB02325,gene_target
atherosclerosis,DB11815,gene_target
multiplemyeloma,DB03147,gene_target
atherosclerosis,DB05990,gene_target
atherosclerosis,DB06777,gene_target
crohndisease,DB05990,gene_target
crohndisease,DB06777,gene_target
barrettesophagus,DB00530,gene_target
neuroblastoma,DB00201,gene_target
neuroblastoma,DB00277,gene_target
neuroblastoma,DB00651,gene_target
neuroblastoma,DB00806,gene_target
neuroblastoma,DB00824,gene_target
glioma,DB11986,gene_target
glioma,DB14723,gene_target
glioma,DB16826,gene_target
neuroblastoma,DB08896,gene_target
neuroblastoma,DB14723,gene_target
neuroblastoma,DB16826,gene_target
atherosclerosis,DB02701,gene_target
atherosclerosis,DB09074,gene_target
atherosclerosis,DB11760,gene_target
atherosclerosis,DB11793,gene_target
atherosclerosis,DB12332,gene_target
multiplemyeloma,DB02701,gene_target
multiplemyeloma,DB09074,gene_target
multiplemyeloma,DB11760,gene_target
multiplemyeloma,DB11793,gene_target
multiplemyeloma,DB12332,gene_target
psoriasis,DB03619,gene_target
medulloblastoma,DB00619,gene_target
medulloblastoma,DB01268,gene_target
medulloblastoma,DB06589,gene_target
medulloblastoma,DB06595,gene_target
medulloblastoma,DB08896,gene_target
medulloblastoma,DB09078,gene_target
medulloblastoma,DB09079,gene_target
medulloblastoma,DB14840,gene_target
medulloblastoma,DB15233,gene_target
meningioma,DB00294,gene_target
meningioma,DB00304,gene_target
meningioma,DB00351,gene_target
meningioma,DB00367,gene_target
meningioma,DB00378,gene_target
meningioma,DB00396,gene_target
meningioma,DB00603,gene_target
meningioma,DB00717,gene_target
meningioma,DB00823,gene_target
meningioma,DB00834,gene_target
meningioma,DB00957,gene_target
meningioma,DB01395,gene_target
meningioma,DB01406,gene_target
meningioma,DB06713,gene_target
meningioma,DB08867,gene_target
meningioma,DB09123,gene_target
meningioma,DB09124,gene_target
meningioma,DB09389,gene_target
meningioma,DB11619,gene_target
meningioma,DB14583,gene_target
meningioma,DB19378,gene_target
medulloblastoma,DB11952,gene_target
medulloblastoma,DB15275,gene_target
atherosclerosis,DB00328,gene_target
atherosclerosis,DB03017,gene_target
atherosclerosis,DB00513,gene_target
osteoporosis,DB00242,gene_target
crohndisease,DB00636,gene_target
crohndisease,DB01039,gene_target
crohndisease,DB01241,gene_target
crohndisease,DB01393,gene_target
crohndisease,DB03756,gene_target
crohndisease,DB05187,gene_target
crohndisease,DB09064,gene_target
crohndisease,DB13873,gene_target
hypertriglyceridemia,DB01039,gene_target
hypertriglyceridemia,DB01393,gene_target
hypertriglyceridemia,DB03756,gene_target
hypertriglyceridemia,DB05187,gene_target
hypertriglyceridemia,DB09064,gene_target
hypertriglyceridemia,DB13873,gene_target
atherosclerosis,DB00159,gene_target
atherosclerosis,DB00197,gene_target
atherosclerosis,DB00412,gene_target
atherosclerosis,DB00966,gene_target
atherosclerosis,DB01132,gene_target
atherosclerosis,DB01393,gene_target
atherosclerosis,DB03756,gene_target
atherosclerosis,DB05187,gene_target
barrettesophagus,DB00159,gene_target
barrettesophagus,DB00197,gene_target
barrettesophagus,DB00244,gene_target
barrettesophagus,DB00412,gene_target
barrettesophagus,DB00966,gene_target
barrettesophagus,DB01014,gene_target
barrettesophagus,DB01132,gene_target
barrettesophagus,DB01393,gene_target
barrettesophagus,DB03756,gene_target
barrettesophagus,DB05187,gene_target
crohndisease,DB00159,gene_target
crohndisease,DB00197,gene_target
crohndisease,DB00244,gene_target
crohndisease,DB00412,gene_target
crohndisease,DB00966,gene_target
crohndisease,DB01014,gene_target
crohndisease,DB01132,gene_target
psoriasis,DB00159,gene_target
psoriasis,DB00197,gene_target
psoriasis,DB00244,gene_target
psoriasis,DB00412,gene_target
psoriasis,DB00966,gene_target
psoriasis,DB01014,gene_target
psoriasis,DB01132,gene_target
psoriasis,DB01393,gene_target
psoriasis,DB03756,gene_target
psoriasis,DB05187,gene_target
disseminatedintravascularcoagulation,DB00464,gene_target
crohndisease,DB00208,gene_target
crohndisease,DB11614,gene_target
atherosclerosis,DB00132,gene_target
atherosclerosis,DB00316,gene_target
atherosclerosis,DB00461,gene_target
atherosclerosis,DB00465,gene_target
atherosclerosis,DB00469,gene_target
atherosclerosis,DB00482,gene_target
atherosclerosis,DB00500,gene_target
atherosclerosis,DB00533,gene_target
atherosclerosis,DB00554,gene_target
atherosclerosis,DB00573,gene_target
atherosclerosis,DB00580,gene_target
atherosclerosis,DB00586,gene_target
atherosclerosis,DB00605,gene_target
atherosclerosis,DB00712,gene_target
atherosclerosis,DB00749,gene_target
atherosclerosis,DB00784,gene_target
atherosclerosis,DB00788,gene_target
atherosclerosis,DB00812,gene_target
atherosclerosis,DB00814,gene_target
atherosclerosis,DB00821,gene_target
atherosclerosis,DB00861,gene_target
atherosclerosis,DB00870,gene_target
atherosclerosis,DB00936,gene_target
atherosclerosis,DB00945,gene_target
atherosclerosis,DB00963,gene_target
atherosclerosis,DB00991,gene_target
atherosclerosis,DB01009,gene_target
atherosclerosis,DB01050,gene_target
atherosclerosis,DB01283,gene_target
atherosclerosis,DB01399,gene_target
atherosclerosis,DB01401,gene_target
atherosclerosis,DB01600,gene_target
atherosclerosis,DB01628,gene_target
atherosclerosis,DB02266,gene_target
atherosclerosis,DB04743,gene_target
atherosclerosis,DB06725,gene_target
atherosclerosis,DB06736,gene_target
atherosclerosis,DB06802,gene_target
atherosclerosis,DB08439,gene_target
atherosclerosis,DB08910,gene_target
atherosclerosis,DB08981,gene_target
atherosclerosis,DB09084,gene_target
atherosclerosis,DB09212,gene_target
atherosclerosis,DB09213,gene_target
atherosclerosis,DB09216,gene_target
atherosclerosis,DB11071,gene_target
atherosclerosis,DB11079,gene_target
atherosclerosis,DB11201,gene_target
atherosclerosis,DB11323,gene_target
atherosclerosis,DB13167,gene_target
atherosclerosis,DB13346,gene_target
atherosclerosis,DB13783,gene_target
atherosclerosis,DB01250,gene_target
barrettesophagus,DB00132,gene_target
barrettesophagus,DB00316,gene_target
barrettesophagus,DB00328,gene_target
barrettesophagus,DB00461,gene_target
barrettesophagus,DB00465,gene_target
barrettesophagus,DB00469,gene_target
barrettesophagus,DB00482,gene_target
barrettesophagus,DB00500,gene_target
barrettesophagus,DB00533,gene_target
barrettesophagus,DB00554,gene_target
barrettesophagus,DB00573,gene_target
barrettesophagus,DB00580,gene_target
barrettesophagus,DB00586,gene_target
barrettesophagus,DB00605,gene_target
barrettesophagus,DB00712,gene_target
barrettesophagus,DB00749,gene_target
barrettesophagus,DB00784,gene_target
barrettesophagus,DB00788,gene_target
barrettesophagus,DB00795,gene_target
barrettesophagus,DB00812,gene_target
barrettesophagus,DB00814,gene_target
barrettesophagus,DB00821,gene_target
barrettesophagus,DB00861,gene_target
barrettesophagus,DB00870,gene_target
barrettesophagus,DB00936,gene_target
barrettesophagus,DB00939,gene_target
barrettesophagus,DB00945,gene_target
barrettesophagus,DB00963,gene_target
barrettesophagus,DB00991,gene_target
barrettesophagus,DB01009,gene_target
barrettesophagus,DB01283,gene_target
barrettesophagus,DB01399,gene_target
barrettesophagus,DB01401,gene_target
barrettesophagus,DB01600,gene_target
barrettesophagus,DB01628,gene_target
barrettesophagus,DB02266,gene_target
barrettesophagus,DB04743,gene_target
barrettesophagus,DB06725,gene_target
barrettesophagus,DB06736,gene_target
barrettesophagus,DB06802,gene_target
barrettesophagus,DB08439,gene_target
barrettesophagus,DB08910,gene_target
barrettesophagus,DB08981,gene_target
barrettesophagus,DB09084,gene_target
barrettesophagus,DB09212,gene_target
barrettesophagus,DB09213,gene_target
barrettesophagus,DB09216,gene_target
barrettesophagus,DB11071,gene_target
barrettesophagus,DB11079,gene_target
barrettesophagus,DB11201,gene_target
barrettesophagus,DB11323,gene_target
barrettesophagus,DB11327,gene_target
barrettesophagus,DB11672,gene_target
barrettesophagus,DB13167,gene_target
barrettesophagus,DB13346,gene_target
barrettesophagus,DB13783,gene_target
barrettesophagus,DB01250,gene_target
cholangiocarcinoma,DB00132,gene_target
cholangiocarcinoma,DB00159,gene_target
cholangiocarcinoma,DB00244,gene_target
cholangiocarcinoma,DB00316,gene_target
cholangiocarcinoma,DB00328,gene_target
cholangiocarcinoma,DB00461,gene_target
cholangiocarcinoma,DB00465,gene_target
cholangiocarcinoma,DB00469,gene_target
cholangiocarcinoma,DB00482,gene_target
cholangiocarcinoma,DB00500,gene_target
cholangiocarcinoma,DB00533,gene_target
cholangiocarcinoma,DB00554,gene_target
cholangiocarcinoma,DB00573,gene_target
cholangiocarcinoma,DB00580,gene_target
cholangiocarcinoma,DB00586,gene_target
cholangiocarcinoma,DB00605,gene_target
cholangiocarcinoma,DB00712,gene_target
cholangiocarcinoma,DB00749,gene_target
cholangiocarcinoma,DB00784,gene_target
cholangiocarcinoma,DB00788,gene_target
cholangiocarcinoma,DB00795,gene_target
cholangiocarcinoma,DB00812,gene_target
cholangiocarcinoma,DB00814,gene_target
cholangiocarcinoma,DB00821,gene_target
cholangiocarcinoma,DB00861,gene_target
cholangiocarcinoma,DB00870,gene_target
cholangiocarcinoma,DB00936,gene_target
cholangiocarcinoma,DB00939,gene_target
cholangiocarcinoma,DB00945,gene_target
cholangiocarcinoma,DB00963,gene_target
cholangiocarcinoma,DB00991,gene_target
cholangiocarcinoma,DB01009,gene_target
cholangiocarcinoma,DB01014,gene_target
cholangiocarcinoma,DB01050,gene_target
cholangiocarcinoma,DB01283,gene_target
cholangiocarcinoma,DB01399,gene_target
cholangiocarcinoma,DB01401,gene_target
cholangiocarcinoma,DB01600,gene_target
cholangiocarcinoma,DB01628,gene_target
cholangiocarcinoma,DB02266,gene_target
cholangiocarcinoma,DB03756,gene_target
cholangiocarcinoma,DB04743,gene_target
cholangiocarcinoma,DB06725,gene_target
cholangiocarcinoma,DB06736,gene_target
cholangiocarcinoma,DB06802,gene_target
cholangiocarcinoma,DB08439,gene_target
cholangiocarcinoma,DB08910,gene_target
cholangiocarcinoma,DB08981,gene_target
cholangiocarcinoma,DB09084,gene_target
cholangiocarcinoma,DB09212,gene_target
cholangiocarcinoma,DB09213,gene_target
cholangiocarcinoma,DB09216,gene_target
cholangiocarcinoma,DB11071,gene_target
cholangiocarcinoma,DB11079,gene_target
cholangiocarcinoma,DB11201,gene_target
cholangiocarcinoma,DB11323,gene_target
cholangiocarcinoma,DB13167,gene_target
cholangiocarcinoma,DB13346,gene_target
cholangiocarcinoma,DB13783,gene_target
cholangiocarcinoma,DB01250,gene_target
glioma,DB00132,gene_target
glioma,DB00159,gene_target
glioma,DB00244,gene_target
glioma,DB00316,gene_target
glioma,DB00328,gene_target
glioma,DB00461,gene_target
glioma,DB00465,gene_target
glioma,DB00469,gene_target
glioma,DB00482,gene_target
glioma,DB00500,gene_target
glioma,DB00533,gene_target
glioma,DB00554,gene_target
glioma,DB00573,gene_target
glioma,DB00580,gene_target
glioma,DB00586,gene_target
glioma,DB00605,gene_target
glioma,DB00712,gene_target
glioma,DB00749,gene_target
glioma,DB00784,gene_target
glioma,DB00788,gene_target
glioma,DB00795,gene_target
glioma,DB00812,gene_target
glioma,DB00814,gene_target
glioma,DB00821,gene_target
glioma,DB00861,gene_target
glioma,DB00870,gene_target
glioma,DB00936,gene_target
glioma,DB00939,gene_target
glioma,DB00945,gene_target
glioma,DB00963,gene_target
glioma,DB00991,gene_target
glioma,DB01009,gene_target
glioma,DB01014,gene_target
glioma,DB01050,gene_target
glioma,DB01283,gene_target
glioma,DB01399,gene_target
glioma,DB01401,gene_target
glioma,DB01600,gene_target
glioma,DB01628,gene_target
glioma,DB02266,gene_target
glioma,DB03756,gene_target
glioma,DB04743,gene_target
glioma,DB06725,gene_target
glioma,DB06736,gene_target
glioma,DB06802,gene_target
glioma,DB08439,gene_target
glioma,DB08910,gene_target
glioma,DB08981,gene_target
glioma,DB09084,gene_target
glioma,DB09212,gene_target
glioma,DB09213,gene_target
glioma,DB09216,gene_target
glioma,DB11071,gene_target
glioma,DB11079,gene_target
glioma,DB11201,gene_target
glioma,DB11323,gene_target
glioma,DB11327,gene_target
glioma,DB11672,gene_target
glioma,DB13167,gene_target
glioma,DB13346,gene_target
glioma,DB13783,gene_target
glioma,DB01250,gene_target
psoriasis,DB00795,gene_target
psoriasis,DB13063,gene_target
barrettesophagus,DB13063,gene_target
crohndisease,DB00795,gene_target
crohndisease,DB13063,gene_target
neuroblastoma,DB00795,gene_target
neuroblastoma,DB13063,gene_target
osteoporosis,DB09026,gene_target
psoriasis,DB09026,gene_target
burkittlymphoma,DB00398,gene_target
burkittlymphoma,DB00619,gene_target
burkittlymphoma,DB05294,gene_target
burkittlymphoma,DB08875,gene_target
burkittlymphoma,DB08896,gene_target
burkittlymphoma,DB09078,gene_target
burkittlymphoma,DB15685,gene_target
burkittlymphoma,DB15822,gene_target
hirschsprungdisease,DB00398,gene_target
hirschsprungdisease,DB00619,gene_target
hirschsprungdisease,DB05294,gene_target
hirschsprungdisease,DB08875,gene_target
hirschsprungdisease,DB08896,gene_target
hirschsprungdisease,DB09078,gene_target
hirschsprungdisease,DB15685,gene_target
hirschsprungdisease,DB15822,gene_target
glioma,DB08865,gene_target
glioma,DB12130,gene_target
neuraltubedefects,DB00242,gene_target
neuraltubedefects,DB00441,gene_target
neuraltubedefects,DB00631,gene_target
neuraltubedefects,DB01005,gene_target
neuraltubedefects,DB01073,gene_target
neuraltubedefects,DB01280,gene_target
longqtsyndrome,DB00192,gene_target
longqtsyndrome,DB00280,gene_target
longqtsyndrome,DB00281,gene_target
longqtsyndrome,DB00379,gene_target
longqtsyndrome,DB00473,gene_target
longqtsyndrome,DB00527,gene_target
longqtsyndrome,DB00532,gene_target
longqtsyndrome,DB00645,gene_target
longqtsyndrome,DB00680,gene_target
longqtsyndrome,DB00740,gene_target
longqtsyndrome,DB00750,gene_target
longqtsyndrome,DB00754,gene_target
longqtsyndrome,DB00908,gene_target
longqtsyndrome,DB00909,gene_target
longqtsyndrome,DB01056,gene_target
longqtsyndrome,DB01195,gene_target
longqtsyndrome,DB01228,gene_target
longqtsyndrome,DB01320,gene_target
longqtsyndrome,DB01346,gene_target
longqtsyndrome,DB01426,gene_target
longqtsyndrome,DB06217,gene_target
longqtsyndrome,DB00907,gene_target
longqtsyndrome,DB05541,gene_target
longqtsyndrome,DB13269,gene_target
longqtsyndrome,DB00273,gene_target
longqtsyndrome,DB00555,gene_target
longqtsyndrome,DB00564,gene_target
longqtsyndrome,DB01161,gene_target
longqtsyndrome,DB06119,gene_target
longqtsyndrome,DB09009,gene_target
longqtsyndrome,DB09085,gene_target
longqtsyndrome,DB09088,gene_target
longqtsyndrome,DB09342,gene_target
longqtsyndrome,DB09345,gene_target
cysticfibrosis,DB00384,gene_target
cysticfibrosis,DB00594,gene_target
disseminatedintravascularcoagulation,DB00569,gene_target
nephroticsyndrome,DB00569,gene_target
lupusnephritis,DB00203,gene_target
frontotemporallobardegeneration,DB00514,gene_target
frontotemporallobardegeneration,DB00574,gene_target
frontotemporallobardegeneration,DB00652,gene_target
frontotemporallobardegeneration,DB11186,gene_target
crohndisease,DB00746,gene_target
crohndisease,DB01609,gene_target
multiplesclerosis,DB00746,gene_target
multiplesclerosis,DB01609,gene_target
sarcoidosis,DB00746,gene_target
sarcoidosis,DB01609,gene_target
huntingtondisease,DB13766,gene_target
cholangiocarcinoma,DB05382,gene_target
cholangiocarcinoma,DB09418,gene_target
glioma,DB05382,gene_target
glioma,DB09418,gene_target
obsessive-compulsivedisorder,DB00176,gene_target
obsessive-compulsivedisorder,DB00191,gene_target
obsessive-compulsivedisorder,DB00193,gene_target
obsessive-compulsivedisorder,DB00215,gene_target
obsessive-compulsivedisorder,DB00285,gene_target
obsessive-compulsivedisorder,DB00316,gene_target
obsessive-compulsivedisorder,DB00344,gene_target
obsessive-compulsivedisorder,DB00458,gene_target
obsessive-compulsivedisorder,DB00472,gene_target
obsessive-compulsivedisorder,DB00476,gene_target
obsessive-compulsivedisorder,DB00543,gene_target
obsessive-compulsivedisorder,DB00579,gene_target
obsessive-compulsivedisorder,DB00715,gene_target
obsessive-compulsivedisorder,DB00726,gene_target
obsessive-compulsivedisorder,DB00852,gene_target
obsessive-compulsivedisorder,DB00907,gene_target
obsessive-compulsivedisorder,DB00937,gene_target
obsessive-compulsivedisorder,DB01104,gene_target
obsessive-compulsivedisorder,DB01105,gene_target
obsessive-compulsivedisorder,DB01142,gene_target
obsessive-compulsivedisorder,DB01156,gene_target
obsessive-compulsivedisorder,DB01175,gene_target
obsessive-compulsivedisorder,DB01191,gene_target
obsessive-compulsivedisorder,DB01577,gene_target
obsessive-compulsivedisorder,DB04832,gene_target
obsessive-compulsivedisorder,DB04896,gene_target
obsessive-compulsivedisorder,DB06684,gene_target
obsessive-compulsivedisorder,DB06700,gene_target
obsessive-compulsivedisorder,DB08918,gene_target
obsessive-compulsivedisorder,DB09068,gene_target
meningioma,DB08828,gene_target
meningioma,DB09143,gene_target
meningioma,DB11978,gene_target
barrettesophagus,DB00847,gene_target
atherosclerosis,DB00459,gene_target
idiopathicpulmonaryfibrosis,DB00459,gene_target
idiopathicpulmonaryfibrosis,DB00482,gene_target
medulloblastoma,DB00459,gene_target
medulloblastoma,DB00482,gene_target
psoriasis,DB00459,gene_target
psoriasis,DB00482,gene_target
dyskeratosiscongenita,DB00544,gene_target
dyskeratosiscongenita,DB00997,gene_target
dyskeratosiscongenita,DB04115,gene_target
dyskeratosiscongenita,DB14909,gene_target
glioma,DB00544,gene_target
glioma,DB00997,gene_target
glioma,DB04115,gene_target
glioma,DB14909,gene_target
idiopathicpulmonaryfibrosis,DB00544,gene_target
idiopathicpulmonaryfibrosis,DB00997,gene_target
idiopathicpulmonaryfibrosis,DB04115,gene_target
idiopathicpulmonaryfibrosis,DB14909,gene_target
neuroblastoma,DB00544,gene_target
neuroblastoma,DB00997,gene_target
neuroblastoma,DB04115,gene_target
neuroblastoma,DB14909,gene_target
hemochromatosis,DB13257,gene_target
glioma,DB13257,gene_target
glioma,DB13949,gene_target
glioma,DB14520,gene_target
cysticfibrosis,DB01162,gene_target
cysticfibrosis,DB04951,gene_target
gout,DB01162,gene_target
gout,DB04951,gene_target
gravesdisease,DB01162,gene_target
gravesdisease,DB04951,gene_target
nephroticsyndrome,DB01162,gene_target
nephroticsyndrome,DB04951,gene_target
osteoporosis,DB01162,gene_target
osteoporosis,DB04951,gene_target
sarcoidosis,DB01162,gene_target
sarcoidosis,DB04951,gene_target
celiacdisease,DB13853,gene_target
neuroblastoma,DB00120,gene_target
neuroblastoma,DB00135,gene_target
neuroblastoma,DB00360,gene_target
neuroblastoma,DB00765,gene_target
malaria,DB01611,gene_target
atherosclerosis,DB13615,gene_target
crohndisease,DB03017,gene_target
crohndisease,DB01611,gene_target
atherosclerosis,DB00480,gene_target
atherosclerosis,DB00806,gene_target
atherosclerosis,DB01041,gene_target
atherosclerosis,DB13751,gene_target
crohndisease,DB00480,gene_target
crohndisease,DB00806,gene_target
crohndisease,DB01041,gene_target
crohndisease,DB02325,gene_target
crohndisease,DB08910,gene_target
crohndisease,DB13751,gene_target
fanconianemia,DB00480,gene_target
fanconianemia,DB00806,gene_target
fanconianemia,DB01041,gene_target
fanconianemia,DB02325,gene_target
fanconianemia,DB08910,gene_target
fanconianemia,DB13751,gene_target
glioma,DB00480,gene_target
glioma,DB00806,gene_target
glioma,DB01041,gene_target
glioma,DB02325,gene_target
glioma,DB13751,gene_target
hemochromatosis,DB00480,gene_target
hemochromatosis,DB00806,gene_target
hemochromatosis,DB01041,gene_target
hemochromatosis,DB02325,gene_target
hemochromatosis,DB08910,gene_target
hemochromatosis,DB13751,gene_target
idiopathicpulmonaryfibrosis,DB00480,gene_target
idiopathicpulmonaryfibrosis,DB00806,gene_target
idiopathicpulmonaryfibrosis,DB01041,gene_target
idiopathicpulmonaryfibrosis,DB02325,gene_target
idiopathicpulmonaryfibrosis,DB08910,gene_target
idiopathicpulmonaryfibrosis,DB13751,gene_target
leishmaniasis,DB00480,gene_target
leishmaniasis,DB00806,gene_target
leishmaniasis,DB01041,gene_target
leishmaniasis,DB02325,gene_target
leishmaniasis,DB08910,gene_target
leishmaniasis,DB13751,gene_target
malaria,DB00480,gene_target
malaria,DB00806,gene_target
malaria,DB01041,gene_target
malaria,DB02325,gene_target
malaria,DB08910,gene_target
malaria,DB13751,gene_target
neuroblastoma,DB00480,gene_target
neuroblastoma,DB01041,gene_target
neuroblastoma,DB02325,gene_target
neuroblastoma,DB08910,gene_target
neuroblastoma,DB13751,gene_target
psoriasis,DB00480,gene_target
psoriasis,DB00806,gene_target
psoriasis,DB01041,gene_target
psoriasis,DB02325,gene_target
psoriasis,DB08910,gene_target
psoriasis,DB13751,gene_target
vitiligo,DB00480,gene_target
vitiligo,DB00806,gene_target
vitiligo,DB01041,gene_target
vitiligo,DB02325,gene_target
vitiligo,DB08910,gene_target
vitiligo,DB13751,gene_target
neuroblastoma,DB04743,gene_target
osteoporosis,DB00480,gene_target
glioma,DB00276,gene_target
glioma,DB00380,gene_target
glioma,DB00385,gene_target
glioma,DB00444,gene_target
glioma,DB00467,gene_target
glioma,DB00487,gene_target
glioma,DB00694,gene_target
glioma,DB00773,gene_target
glioma,DB00779,gene_target
glioma,DB00817,gene_target
glioma,DB00827,gene_target
glioma,DB00978,gene_target
glioma,DB01051,gene_target
glioma,DB01177,gene_target
glioma,DB01179,gene_target
glioma,DB01204,gene_target
glioma,DB01208,gene_target
glioma,DB06193,gene_target
glioma,DB09047,gene_target
gravesdisease,DB00389,gene_target
gravesdisease,DB00550,gene_target
gravesdisease,DB00763,gene_target
gravesdisease,DB11496,gene_target
atherosclerosis,DB01744,gene_target
atherosclerosis,DB06774,gene_target
atherosclerosis,DB09120,gene_target
glioma,DB00265,gene_target
glioma,DB04272,gene_target
crohndisease,DB08877,gene_target
crohndisease,DB16650,gene_target
multiplesclerosis,DB08877,gene_target
multiplesclerosis,DB16650,gene_target
psoriasis,DB08877,gene_target
psoriasis,DB16650,gene_target
multiplesclerosis,DB00136,gene_target
multiplesclerosis,DB00146,gene_target
multiplesclerosis,DB00153,gene_target
multiplesclerosis,DB00169,gene_target
multiplesclerosis,DB00910,gene_target
multiplesclerosis,DB01070,gene_target
multiplesclerosis,DB01436,gene_target
multiplesclerosis,DB02300,gene_target
gout,DB00437,gene_target
gout,DB03147,gene_target
gout,DB04854,gene_target
gout,DB11672,gene_target
gout,DB16628,gene_target
coronaryarterydisease,DB00178,gene_target
coronaryarterydisease,DB00492,gene_target
coronaryarterydisease,DB00519,gene_target
coronaryarterydisease,DB00542,gene_target
coronaryarterydisease,DB00584,gene_target
coronaryarterydisease,DB00691,gene_target
coronaryarterydisease,DB00722,gene_target
coronaryarterydisease,DB00790,gene_target
coronaryarterydisease,DB00881,gene_target
coronaryarterydisease,DB00999,gene_target
coronaryarterydisease,DB01089,gene_target
coronaryarterydisease,DB01180,gene_target
coronaryarterydisease,DB01197,gene_target
coronaryarterydisease,DB01340,gene_target
coronaryarterydisease,DB01348,gene_target
coronaryarterydisease,DB09477,gene_target
coronaryarterydisease,DB13166,gene_target
asthma,DB00536,gene_target
asthma,DB00822,gene_target
asthma,DB09116,gene_target
parkinsondisease,DB00536,gene_target
parkinsondisease,DB00822,gene_target
parkinsondisease,DB09116,gene_target
asthma,DB00179,gene_target
asthma,DB00244,gene_target
asthma,DB00711,gene_target
asthma,DB00744,gene_target
asthma,DB00795,gene_target
asthma,DB00939,gene_target
asthma,DB01014,gene_target
coronaryarterydisease,DB01159,gene_target
coronaryarterydisease,DB01189,gene_target
coronaryarterydisease,DB01236,gene_target
asthma,DB01229,gene_target
asthma,DB01367,gene_target
asthma,DB11581,gene_target
asthma,DB12243,gene_target
parkinsondisease,DB02701,gene_target
asthma,DB01213,gene_target
parkinsondisease,DB01437,gene_target
parkinsondisease,DB00165,gene_target
parkinsondisease,DB00190,gene_target
parkinsondisease,DB00968,gene_target
parkinsondisease,DB12783,gene_target
asthma,DB00928,gene_target
asthma,DB01262,gene_target
parkinsondisease,DB00353,gene_target
parkinsondisease,DB00477,gene_target
parkinsondisease,DB00508,gene_target
parkinsondisease,DB00623,gene_target
parkinsondisease,DB00679,gene_target
parkinsondisease,DB00800,gene_target
parkinsondisease,DB00850,gene_target
parkinsondisease,DB00875,gene_target
parkinsondisease,DB00988,gene_target
parkinsondisease,DB01186,gene_target
parkinsondisease,DB01235,gene_target
parkinsondisease,DB01239,gene_target
parkinsondisease,DB01608,gene_target
parkinsondisease,DB01621,gene_target
parkinsondisease,DB01623,gene_target
parkinsondisease,DB01624,gene_target
parkinsondisease,DB11160,gene_target
parkinsondisease,DB09225,gene_target
parkinsondisease,DB11274,gene_target
parkinsondisease,DB11584,gene_target
parkinsondisease,DB11275,gene_target
parkinsondisease,DB13345,gene_target
parkinsondisease,DB00246,gene_target
parkinsondisease,DB00248,gene_target
parkinsondisease,DB00268,gene_target
parkinsondisease,DB00298,gene_target
parkinsondisease,DB00320,gene_target
parkinsondisease,DB00334,gene_target
parkinsondisease,DB00363,gene_target
parkinsondisease,DB00372,gene_target
parkinsondisease,DB00388,gene_target
parkinsondisease,DB00391,gene_target
parkinsondisease,DB00408,gene_target
parkinsondisease,DB00409,gene_target
parkinsondisease,DB00413,gene_target
parkinsondisease,DB00420,gene_target
parkinsondisease,DB00433,gene_target
parkinsondisease,DB00450,gene_target
parkinsondisease,DB00490,gene_target
parkinsondisease,DB00502,gene_target
parkinsondisease,DB00589,gene_target
parkinsondisease,DB00610,gene_target
parkinsondisease,DB00662,gene_target
parkinsondisease,DB00692,gene_target
parkinsondisease,DB00714,gene_target
parkinsondisease,DB00734,gene_target
parkinsondisease,DB00797,gene_target
parkinsondisease,DB00831,gene_target
parkinsondisease,DB00852,gene_target
parkinsondisease,DB00915,gene_target
parkinsondisease,DB00925,gene_target
parkinsondisease,DB00933,gene_target
parkinsondisease,DB01063,gene_target
parkinsondisease,DB01100,gene_target
parkinsondisease,DB01184,gene_target
parkinsondisease,DB01200,gene_target
parkinsondisease,DB01224,gene_target
parkinsondisease,DB01233,gene_target
parkinsondisease,DB01238,gene_target
parkinsondisease,DB01253,gene_target
parkinsondisease,DB01267,gene_target
parkinsondisease,DB01364,gene_target
parkinsondisease,DB01365,gene_target
parkinsondisease,DB01403,gene_target
parkinsondisease,DB01577,gene_target
parkinsondisease,DB01618,gene_target
parkinsondisease,DB04821,gene_target
parkinsondisease,DB04842,gene_target
parkinsondisease,DB04946,gene_target
parkinsondisease,DB05271,gene_target
parkinsondisease,DB06016,gene_target
parkinsondisease,DB06077,gene_target
parkinsondisease,DB06144,gene_target
parkinsondisease,DB06216,gene_target
parkinsondisease,DB06288,gene_target
parkinsondisease,DB06711,gene_target
parkinsondisease,DB06808,gene_target
parkinsondisease,DB08815,gene_target
parkinsondisease,DB09097,gene_target
parkinsondisease,DB12313,gene_target
parkinsondisease,DB12710,gene_target
parkinsondisease,DB14185,gene_target
coronaryarterydisease,DB00255,gene_target
coronaryarterydisease,DB00304,gene_target
coronaryarterydisease,DB00367,gene_target
coronaryarterydisease,DB00481,gene_target
coronaryarterydisease,DB00539,gene_target
coronaryarterydisease,DB00603,gene_target
coronaryarterydisease,DB00648,gene_target
coronaryarterydisease,DB00655,gene_target
coronaryarterydisease,DB00675,gene_target
coronaryarterydisease,DB00783,gene_target
coronaryarterydisease,DB00823,gene_target
coronaryarterydisease,DB00882,gene_target
coronaryarterydisease,DB00890,gene_target
coronaryarterydisease,DB00947,gene_target
coronaryarterydisease,DB00957,gene_target
coronaryarterydisease,DB00977,gene_target
coronaryarterydisease,DB01108,gene_target
coronaryarterydisease,DB01185,gene_target
coronaryarterydisease,DB01196,gene_target
coronaryarterydisease,DB01357,gene_target
coronaryarterydisease,DB01406,gene_target
coronaryarterydisease,DB04573,gene_target
coronaryarterydisease,DB04574,gene_target
coronaryarterydisease,DB04575,gene_target
coronaryarterydisease,DB04813,gene_target
coronaryarterydisease,DB04938,gene_target
coronaryarterydisease,DB06202,gene_target
coronaryarterydisease,DB06249,gene_target
coronaryarterydisease,DB06374,gene_target
coronaryarterydisease,DB06401,gene_target
coronaryarterydisease,DB09070,gene_target
coronaryarterydisease,DB11619,gene_target
coronaryarterydisease,DB12235,gene_target
coronaryarterydisease,DB13952,gene_target
coronaryarterydisease,DB13953,gene_target
coronaryarterydisease,DB13954,gene_target
coronaryarterydisease,DB13955,gene_target
coronaryarterydisease,DB13956,gene_target
coronaryarterydisease,DB13981,gene_target
coronaryarterydisease,DB00170,gene_target
coronaryarterydisease,DB01022,gene_target
coronaryarterydisease,DB01125,gene_target
coronaryarterydisease,DB00325,gene_target
coronaryarterydisease,DB00435,gene_target
coronaryarterydisease,DB00727,gene_target
coronaryarterydisease,DB09401,gene_target
asthma,DB02325,gene_target
coronaryarterydisease,DB02325,gene_target
parkinsondisease,DB02325,gene_target
asthma,DB00613,gene_target
asthma,DB01075,gene_target
tuberculosis,DB09130,gene_target
tuberculosis,DB09517,gene_target
asthma,DB00246,gene_target
asthma,DB00247,gene_target
asthma,DB00321,gene_target
asthma,DB00334,gene_target
asthma,DB00363,gene_target
asthma,DB00370,gene_target
asthma,DB00408,gene_target
asthma,DB00434,gene_target
asthma,DB00477,gene_target
asthma,DB00540,gene_target
asthma,DB00589,gene_target
asthma,DB00604,gene_target
asthma,DB00656,gene_target
asthma,DB00679,gene_target
asthma,DB00696,gene_target
asthma,DB00734,gene_target
asthma,DB00805,gene_target
asthma,DB00875,gene_target
asthma,DB00924,gene_target
asthma,DB00933,gene_target
asthma,DB01149,gene_target
asthma,DB01151,gene_target
asthma,DB01224,gene_target
asthma,DB01238,gene_target
asthma,DB01239,gene_target
asthma,DB01242,gene_target
asthma,DB01267,gene_target
asthma,DB01621,gene_target
asthma,DB04908,gene_target
asthma,DB04946,gene_target
asthma,DB05316,gene_target
asthma,DB06077,gene_target
asthma,DB06144,gene_target
asthma,DB06216,gene_target
asthma,DB06288,gene_target
asthma,DB08815,gene_target
asthma,DB09167,gene_target
asthma,DB09195,gene_target
asthma,DB09225,gene_target
asthma,DB13520,gene_target
asthma,DB14185,gene_target
asthma,DB11273,gene_target
asthma,DB13345,gene_target
asthma,DB08818,gene_target
asthma,DB11611,gene_target
asthma,DB01296,gene_target
asthma,DB05260,gene_target
asthma,DB11994,gene_target
parkinsondisease,DB09129,gene_target
parkinsondisease,DB04855,gene_target
parkinsondisease,DB00191,gene_target
parkinsondisease,DB00752,gene_target
parkinsondisease,DB00780,gene_target
parkinsondisease,DB00805,gene_target
parkinsondisease,DB01171,gene_target
parkinsondisease,DB01247,gene_target
parkinsondisease,DB03147,gene_target
parkinsondisease,DB00182,gene_target
parkinsondisease,DB01168,gene_target
parkinsondisease,DB01037,gene_target
parkinsondisease,DB01299,gene_target
parkinsondisease,DB01367,gene_target
parkinsondisease,DB01626,gene_target
parkinsondisease,DB06654,gene_target
parkinsondisease,DB09086,gene_target
parkinsondisease,DB01196,gene_target
parkinsondisease,DB14914,gene_target
asthma,DB11672,gene_target
parkinsondisease,DB01221,gene_target
parkinsondisease,DB09241,gene_target
asthma,DB08814,gene_target
asthma,DB11327,gene_target
coronaryarterydisease,DB00360,gene_target
coronaryarterydisease,DB11815,gene_target
asthma,DB00191,gene_target
asthma,DB03147,gene_target
asthma,DB02701,gene_target
asthma,DB09074,gene_target
asthma,DB11760,gene_target
asthma,DB11793,gene_target
asthma,DB12332,gene_target
asthma,DB00277,gene_target
asthma,DB00651,gene_target
asthma,DB00824,gene_target
asthma,DB01113,gene_target
asthma,DB05219,gene_target
asthma,DB01427,gene_target
asthma,DB01656,gene_target
asthma,DB16157,gene_target
asthma,DB00201,gene_target
coronaryarterydisease,DB11328,gene_target
asthma,DB11629,gene_target
asthma,DB12789,gene_target
coronaryarterydisease,DB00132,gene_target
coronaryarterydisease,DB00159,gene_target
coronaryarterydisease,DB00244,gene_target
coronaryarterydisease,DB00316,gene_target
coronaryarterydisease,DB00328,gene_target
coronaryarterydisease,DB00461,gene_target
coronaryarterydisease,DB00465,gene_target
coronaryarterydisease,DB00469,gene_target
coronaryarterydisease,DB00482,gene_target
coronaryarterydisease,DB00500,gene_target
coronaryarterydisease,DB00533,gene_target
coronaryarterydisease,DB00554,gene_target
coronaryarterydisease,DB00573,gene_target
coronaryarterydisease,DB00580,gene_target
coronaryarterydisease,DB00586,gene_target
coronaryarterydisease,DB00605,gene_target
coronaryarterydisease,DB00712,gene_target
coronaryarterydisease,DB00749,gene_target
coronaryarterydisease,DB00784,gene_target
coronaryarterydisease,DB00788,gene_target
coronaryarterydisease,DB00795,gene_target
coronaryarterydisease,DB00812,gene_target
coronaryarterydisease,DB00814,gene_target
coronaryarterydisease,DB00821,gene_target
coronaryarterydisease,DB00861,gene_target
coronaryarterydisease,DB00870,gene_target
coronaryarterydisease,DB00936,gene_target
coronaryarterydisease,DB00939,gene_target
coronaryarterydisease,DB00945,gene_target
coronaryarterydisease,DB00963,gene_target
coronaryarterydisease,DB00991,gene_target
coronaryarterydisease,DB01009,gene_target
coronaryarterydisease,DB01014,gene_target
coronaryarterydisease,DB01050,gene_target
coronaryarterydisease,DB01283,gene_target
coronaryarterydisease,DB01399,gene_target
coronaryarterydisease,DB01401,gene_target
coronaryarterydisease,DB01600,gene_target
coronaryarterydisease,DB01628,gene_target
coronaryarterydisease,DB02266,gene_target
coronaryarterydisease,DB03756,gene_target
coronaryarterydisease,DB04743,gene_target
coronaryarterydisease,DB06725,gene_target
coronaryarterydisease,DB06736,gene_target
coronaryarterydisease,DB06802,gene_target
coronaryarterydisease,DB08439,gene_target
coronaryarterydisease,DB08910,gene_target
coronaryarterydisease,DB08981,gene_target
coronaryarterydisease,DB09084,gene_target
coronaryarterydisease,DB09212,gene_target
coronaryarterydisease,DB09213,gene_target
coronaryarterydisease,DB09216,gene_target
coronaryarterydisease,DB11071,gene_target
coronaryarterydisease,DB11079,gene_target
coronaryarterydisease,DB11201,gene_target
coronaryarterydisease,DB11323,gene_target
coronaryarterydisease,DB11327,gene_target
coronaryarterydisease,DB11672,gene_target
coronaryarterydisease,DB13167,gene_target
coronaryarterydisease,DB13346,gene_target
coronaryarterydisease,DB13783,gene_target
coronaryarterydisease,DB01250,gene_target
tuberculosis,DB00746,gene_target
tuberculosis,DB01609,gene_target
parkinsondisease,DB00206,gene_target
parkinsondisease,DB00865,gene_target
parkinsondisease,DB01089,gene_target
parkinsondisease,DB01576,gene_target
parkinsondisease,DB04844,gene_target
parkinsondisease,DB06706,gene_target
parkinsondisease,DB06714,gene_target
parkinsondisease,DB11915,gene_target
parkinsondisease,DB12161,gene_target
parkinsondisease,DB00174,gene_target
parkinsondisease,DB00245,gene_target
parkinsondisease,DB00422,gene_target
parkinsondisease,DB00579,gene_target
parkinsondisease,DB00721,gene_target
parkinsondisease,DB00745,gene_target
parkinsondisease,DB00830,gene_target
parkinsondisease,DB00907,gene_target
parkinsondisease,DB00937,gene_target
parkinsondisease,DB01105,gene_target
parkinsondisease,DB01156,gene_target
parkinsondisease,DB06413,gene_target
parkinsondisease,DB06701,gene_target
parkinsondisease,DB08824,gene_target
parkinsondisease,DB16629,gene_target
coronaryarterydisease,DB00544,gene_target
coronaryarterydisease,DB00997,gene_target
coronaryarterydisease,DB04115,gene_target
coronaryarterydisease,DB14909,gene_target
asthma,DB01162,gene_target
asthma,DB04951,gene_target
parkinsondisease,DB00120,gene_target
parkinsondisease,DB00135,gene_target
parkinsondisease,DB00360,gene_target
parkinsondisease,DB00765,gene_target
tuberculosis,DB01611,gene_target
tuberculosis,DB00608,gene_target
coronaryarterydisease,DB03017,gene_target
coronaryarterydisease,DB13615,gene_target
asthma,DB00480,gene_target
asthma,DB00806,gene_target
asthma,DB01041,gene_target
asthma,DB08910,gene_target
asthma,DB13751,gene_target
parkinsondisease,DB00480,gene_target
parkinsondisease,DB00806,gene_target
parkinsondisease,DB01041,gene_target
parkinsondisease,DB08910,gene_target
parkinsondisease,DB13751,gene_target
asthma,DB00825,gene_target
asthma,DB01744,gene_target
asthma,DB03843,gene_target
asthma,DB09543,gene_target
asthma,DB14184,gene_target
asthma,DB14212,gene_target
breastcancer,DB12015,gene_target
breastcancer,DB12483,gene_target
breastcancer,DB15275,gene_target
breastcancer,DB00179,gene_target
breastcancer,DB01259,gene_target
breastcancer,DB08916,gene_target
breastcancer,DB11652,gene_target
breastcancer,DB11828,gene_target
breastcancer,DB11963,gene_target
breastcancer,DB12218,gene_target
breastcancer,DB01169,gene_target
breastcancer,DB11718,gene_target
breastcancer,DB05676,gene_target
breastcancer,DB09073,gene_target
breastcancer,DB11730,gene_target
breastcancer,DB12001,gene_target
breastcancer,DB15442,gene_target
breastcancer,DB00317,gene_target
breastcancer,DB00398,gene_target
breastcancer,DB00530,gene_target
breastcancer,DB00727,gene_target
breastcancer,DB05294,gene_target
breastcancer,DB09330,gene_target
breastcancer,DB12267,gene_target
breastcancer,DB16216,gene_target
breastcancer,DB16390,gene_target
breastcancer,DB15568,gene_target
breastcancer,DB15569,gene_target
breastcancer,DB08881,gene_target
breastcancer,DB08896,gene_target
breastcancer,DB08912,gene_target
breastcancer,DB14840,gene_target
breastcancer,DB15266,gene_target
