Gene1,Gene2
CFTR,SCNN1B
CFTR,SCNN1G
CFTR,ABCG2
CFTR,SCNN1A
CFTR,HDAC6
KCNQ1,SCN5A
KCNQ1,KCNJ4
KCNQ1,KCNH2
HMOX1,CASP3
HMOX1,GAPDH
HMOX1,NQO1
HMOX1,BCL2
HMOX1,NOS3
HMOX1,TNF
HMOX1,IL1B
HMOX1,JUN
HMOX1,NFE2L2
HMOX1,STAT3
HMOX1,NOS2
HMOX1,AKT1
HMOX1,PTGS2
HMOX1,TLR4
HMOX1,PPARG
PROCR,PROC
PROCR,ICAM1
PROCR,SERPINC1
PROCR,F2
PLAT,ANXA2
PLAT,SERPINC1
PLAT,MMP9
TGFB1,STAT3
TGFB1,JUN
TGFB1,ALK
TGFB1,ICAM1
TGFB1,NFKB1
TGFB1,CASP3
TGFB1,GAPDH
TGFB1,MET
TGFB1,CD44
TGFB1,REN
TGFB1,IL1B
TGFB1,TNF
TGFB1,TLR4
TGFB1,PDGFRA
TGFB1,PPARG
TGFB1,FGF2
TGFB1,ALB
TGFB1,MMP9
TGFB1,AKT1
TGFB1,EGFR
TGFB1,CXCL8
SLC5A5,TPO
NFKB1,RAF1
NFKB1,TNF
NFKB1,IL1B
NFKB1,CASP3
NFKB1,CDK4
NFKB1,PARP1
NFKB1,ICAM1
NFKB1,STAT3
NFKB1,CXCL8
NFKB1,MMP9
NFKB1,TLR9
NFKB1,AKT1
NFKB1,EGFR
NFKB1,TIRAP
NFKB1,PPARG
NFKB1,REL
NFKB1,ESR1
NFKB1,GAPDH
NFKB1,BCL2
NFKB1,TGFB1
NFKB1,JUN
NFKB1,RELA
NFKB1,MAP2K1
NFKB1,TNFSF11
NFKB1,NFKB2
NFKB1,KRAS
NFKB1,ERBB2
NFKB1,PTGS2
NFKB1,NOD2
NFKB1,TLR4
CCND1,BRAF
CCND1,AKT1
CCND1,EGFR
CCND1,MMP9
CCND1,MAP2K1
CCND1,ERBB2
CCND1,KRAS
CCND1,CDK4
CCND1,PARP1
CCND1,CDK6
CCND1,BCL2
CCND1,GAPDH
CCND1,CASP3
CCND1,ESR1
CCND1,CYP19A1
CCND1,MCL1
CCND1,PIK3CA
CCND1,JUN
CCND1,STAT3
CCND1,RELA
CCND1,PGR
CCND1,PCNA
IL12B,TYK2
IL12B,TNF
LTF,TLR4
LTF,HP
LTF,ALB
LTF,MMP9
LTF,TFRC
CRBN,JUN
GGCX,F2
GGCX,PROC
GGCX,NQO1
PROC,F2
PROC,PROCR
PROC,SERPINC1
PROC,GGCX
ATIC,ALK
ATIC,IMPDH1
ATIC,DHFR
ATIC,NT5E
TNFSF10,CASP3
TNFSF10,TNF
AHR,ESR1
AKR1D1,CYP19A1
AKR1D1,HSD3B2
KRAS,IDH2
KRAS,MAP2K1
KRAS,NTRK3
KRAS,FGFR2
KRAS,PTGS2
KRAS,ERBB2
KRAS,PDGFRA
KRAS,JAK1
KRAS,ESR1
KRAS,IDH1
KRAS,PIK3CG
KRAS,BCL2
KRAS,MAP2K2
KRAS,NTRK2
KRAS,BRAF
KRAS,AKT1
KRAS,EGFR
KRAS,CCND1
KRAS,FGF2
KRAS,PPARG
KRAS,NOS1
KRAS,RET
KRAS,MET
KRAS,FGFR1
KRAS,PIK3CA
KRAS,RAF1
KRAS,TNF
KRAS,CDK4
KRAS,ICAM1
KRAS,NFKB1
KRAS,ROS1
KRAS,ALK
KRAS,STAT3
KRAS,FGFR3
PDGFRA,PIK3CA
PDGFRA,FGFR1
PDGFRA,IDH1
PDGFRA,STAT3
PDGFRA,TGFB1
PDGFRA,EGFR
PDGFRA,KRAS
PDGFRA,ERBB2
PDGFRA,JAK1
PDGFRA,FGF2
NT5E,CD44
NT5E,ATIC
NT5E,ALPL
NT5E,IMPDH1
NT5E,PNP
CDK4,CCND1
CDK4,MC1R
CDK4,KRAS
CDK4,TERT
CDK4,PIK3CA
CDK4,ESR1
CDK4,CASP3
CDK4,GAPDH
CDK4,NFKB1
CDK4,BCL2
CDK4,TOP2A
CDK4,PARP1
CDK4,CDK6
CDK4,PCNA
CDK4,DNMT1
CDK4,JUN
SLC6A4,MAOA
SLC6A4,HTR2A
SLC6A4,ALDH2
SLC6A4,HTR1D
SLC6A4,DRD1
SLC6A4,COMT
SLC6A4,DDC
SLC6A4,DRD2
SLC6A4,SLC18A2
SLC6A4,MAOB
ALDH2,MAOA
ALDH2,AKR1B1
ALDH2,MAOB
ALDH2,SLC6A4
KCNH2,SCN5A
KCNH2,KCNQ1
KCNH2,CYP3A4
KCNH2,SIGMAR1
KCNH2,KCND2
TRPA1,TRPV4
TRPA1,TRPV1
MAP2K2,KRAS
MAP2K2,TYK2
MAP2K2,MAP2K1
MAP2K2,BRAF
MAP2K2,RAF1
IL1B,TGFB1
IL1B,NOS2
IL1B,JUN
IL1B,STAT3
IL1B,NFE2L2
IL1B,RELA
IL1B,PPARA
IL1B,ESR1
IL1B,TNF
IL1B,CD44
IL1B,ICAM1
IL1B,BCL2
IL1B,CASP3
IL1B,GAPDH
IL1B,NFKB1
IL1B,FGF2
IL1B,ACE2
IL1B,PPARG
IL1B,NOD2
IL1B,PTGS2
IL1B,HMOX1
IL1B,TLR4
IL1B,REL
IL1B,CXCL8
IL1B,EGFR
IL1B,TNFSF11
IL1B,AKT1
IL1B,TLR9
IL1B,MMP9
IL1B,ALB
IL1B,TIRAP
IL1B,NFKB2
PIK3CA,ROS1
PIK3CA,CDK4
PIK3CA,RAF1
PIK3CA,FGFR1
PIK3CA,PIK3CG
PIK3CA,IDH1
PIK3CA,ESR1
PIK3CA,MET
PIK3CA,FGFR3
PIK3CA,STAT3
PIK3CA,PGR
PIK3CA,ALK
PIK3CA,CCND1
PIK3CA,MAP2K1
PIK3CA,TYK2
PIK3CA,INSR
PIK3CA,EGFR
PIK3CA,AKT1
PIK3CA,BRAF
PIK3CA,KRAS
PIK3CA,RET
PIK3CA,JAK1
PIK3CA,TLR4
PIK3CA,PDGFRA
PIK3CA,ERBB2
PIK3CA,FGFR2
PIK3CA,FGF2
PIK3CA,NTRK1
PIK3CA,NTRK3
BCHE,ALB
BCHE,MAOA
BCHE,F2
BCHE,MAOB
BCHE,MAPT
FGF2,CXCL8
FGF2,AKT1
FGF2,EGFR
FGF2,INSR
FGF2,MMP9
FGF2,ALB
FGF2,NTRK1
FGF2,FGFR2
FGF2,ERBB2
FGF2,PTGS2
FGF2,PDGFRA
FGF2,KRAS
FGF2,MET
FGF2,PIK3CA
FGF2,FGFR1
FGF2,CD44
FGF2,TNF
FGF2,IL1B
FGF2,ICAM1
FGF2,GAPDH
FGF2,TGFB1
FGF2,NTRK2
FGF2,STAT3
FGF2,EPHA2
FGF2,FGFR3
STAT3,TYK2
STAT3,ABCA1
STAT3,EGFR
STAT3,AKT1
STAT3,MMP9
STAT3,BRAF
STAT3,CXCL8
STAT3,NFKB2
STAT3,CCND1
STAT3,PPARG
STAT3,FGF2
STAT3,NTRK1
STAT3,KRAS
STAT3,PDGFRA
STAT3,HMOX1
STAT3,JAK1
STAT3,RET
STAT3,TLR4
STAT3,FGFR2
STAT3,PTGS2
STAT3,ERBB2
STAT3,PIK3CA
STAT3,PIK3CG
STAT3,IL1B
STAT3,TNF
STAT3,CD44
STAT3,RAF1
STAT3,MCL1
STAT3,ESR1
STAT3,MET
STAT3,GAPDH
STAT3,CASP3
STAT3,NFKB1
STAT3,ICAM1
STAT3,BCL2
STAT3,CDK6
STAT3,PGR
STAT3,ALK
STAT3,NOS2
STAT3,TGFB1
STAT3,DNMT1
STAT3,PTAFR
STAT3,RELA
STAT3,EZH2
STAT3,JUN
STAT3,NFE2L2
ICAM1,NFKB2
ICAM1,ALB
ICAM1,CXCL8
ICAM1,EGFR
ICAM1,AKT1
ICAM1,TLR9
ICAM1,MMP9
ICAM1,KRAS
ICAM1,REL
ICAM1,PTGS2
ICAM1,TLR4
ICAM1,FGF2
ICAM1,NFKB1
ICAM1,NOS3
ICAM1,TNF
ICAM1,IL1B
ICAM1,CD44
ICAM1,STAT3
ICAM1,RELA
ICAM1,PROCR
ICAM1,TGFB1
BST1,PNP
CDK6,CDK4
CDK6,BCL2
CDK6,PCNA
CDK6,STAT3
CDK6,JUN
CDK6,CCND1
ERBB2,CCND1
ERBB2,ABCG2
ERBB2,INSR
ERBB2,EGFR
ERBB2,PTGS2
ERBB2,FGFR2
ERBB2,JAK1
ERBB2,RET
ERBB2,PDGFRA
ERBB2,KRAS
ERBB2,NTRK3
ERBB2,NTRK1
ERBB2,FGF2
ERBB2,PARP1
ERBB2,BCL2
ERBB2,NFKB1
ERBB2,GAPDH
ERBB2,ESR2
ERBB2,MET
ERBB2,ESR1
ERBB2,MCL1
ERBB2,CYP19A1
ERBB2,CD44
ERBB2,PIK3CA
ERBB2,FGFR1
ERBB2,PIK3CG
ERBB2,STAT3
ERBB2,JUN
ERBB2,EPHA2
ERBB2,FGFR3
ERBB2,MST1R
ERBB2,ALK
ERBB2,PGR
ERBB2,NTRK2
SLC6A3,DRD1
SLC6A3,MAOA
SLC6A3,HTR2A
SLC6A3,DDC
SLC6A3,TH
SLC6A3,DRD2
SLC6A3,DBH
SLC6A3,SLC18A2
SLC6A3,MAOB
SLC6A3,COMT
REN,NOS3
REN,TNF
REN,TGFB1
REN,SCNN1A
REN,SCNN1G
REN,ALB
REN,AGTR1
REN,ACE2
REN,SCNN1B
REN,ACE
FTH1,ALB
FTH1,TFRC
EGFR,AKT1
EGFR,TNFSF11
EGFR,TFRC
EGFR,MMP9
EGFR,INSR
EGFR,CXCL8
EGFR,TYK2
EGFR,IDH2
EGFR,CCND1
EGFR,ALB
EGFR,PPARG
EGFR,FGF2
EGFR,PDGFRA
EGFR,TLR4
EGFR,RET
EGFR,JAK1
EGFR,PTGS2
EGFR,ERBB2
EGFR,KRAS
EGFR,IDH1
EGFR,ESR1
EGFR,MET
EGFR,ESR2
EGFR,PIK3CG
EGFR,PIK3CA
EGFR,RAF1
EGFR,CD44
EGFR,IL1B
EGFR,TNF
EGFR,MAPT
EGFR,HDAC6
EGFR,BCL2
EGFR,ICAM1
EGFR,PARP1
EGFR,GAPDH
EGFR,CASP3
EGFR,NFKB1
EGFR,FOLR1
EGFR,TGFB1
EGFR,MST1R
EGFR,NTRK2
EGFR,PGR
EGFR,RELA
EGFR,EPHA2
EGFR,JUN
EGFR,EZH2
EGFR,STAT3
EGFR,ANXA2
GNRH1,FGFR1
GNRH1,CYP19A1
GNRH1,NPY
GNRH1,AKT1
GNRH1,ESR2
GNRH1,ESR1
GNRH1,SST
SIGMAR1,KCNH2
SIGMAR1,DRD2
SIGMAR1,HSD3B2
NTRK2,EGFR
NTRK2,KRAS
NTRK2,ERBB2
NTRK2,FGF2
NTRK2,NTRK3
NTRK2,NTRK1
NTRK2,CNR1
SERPING1,SERPINC1
SERPING1,ALB
SERPING1,CFB
HNMT,MAOA
HNMT,DNMT1
HNMT,MAOB
AKR1B1,ALDH2
AKR1B1,DHFR
AKR1B1,TH
SST,GAST
SST,GNRH1
SST,DRD2
SST,TH
SST,NPY
SST,HTR1D
PPARG,LPL
PPARG,KRAS
PPARG,HMOX1
PPARG,TLR4
PPARG,PTGS2
PPARG,ABCA1
PPARG,MAP2K1
PPARG,ESRRA
PPARG,EGFR
PPARG,AKT1
PPARG,MMP9
PPARG,TGFB1
PPARG,RELA
PPARG,EZH2
PPARG,JUN
PPARG,STAT3
PPARG,NFE2L2
PPARG,IL1B
PPARG,TNF
PPARG,ESR1
PPARG,GAPDH
PPARG,NFKB1
HMGCR,ACE
HMGCR,ABCA1
HMGCR,ALB
HMGCR,PPARA
ACE,AGTR1
ACE,ACE2
ACE,ALB
ACE,MMP9
ACE,XDH
ACE,HMGCR
ACE,REN
ACE,TNF
ACE,NOS3
CAPN2,CASP3
REL,NFKB2
REL,RELA
REL,ESR1
REL,IL1B
REL,TNF
REL,ICAM1
REL,NFKB1
ALB,ACE
ALB,PTGS2
ALB,HP
ALB,TLR4
ALB,F2
ALB,FTH1
ALB,LTF
ALB,LPL
ALB,FGF2
ALB,ACE2
ALB,ABCG2
ALB,CXCL8
ALB,EGFR
ALB,TFRC
ALB,AKT1
ALB,MMP9
ALB,BCHE
ALB,SERPING1
ALB,TGFB1
ALB,SERPINC1
ALB,ICAM1
ALB,BCL2
ALB,CASP3
ALB,GAPDH
ALB,HMGCR
ALB,PPARA
ALB,ESR1
ALB,CYP3A4
ALB,REN
ALB,IL1B
ALB,TNF
ALB,CD44
MST1R,ERBB2
MST1R,EGFR
GUCY1A1,NOS1
NOS3,MMP9
NOS3,AKT1
NOS3,NOS1
NOS3,AGTR1
NOS3,ACE
NOS3,HMOX1
NOS3,REN
NOS3,ESR1
NOS3,EDNRB
NOS3,XDH
NOS3,ICAM1
NOS3,NOS2
SCNN1G,REN
SCNN1G,SCNN1A
SCNN1G,SCN5A
SCNN1G,CFTR
SCNN1G,SCNN1B
NOD2,TLR9
NOD2,TLR4
NOD2,TNF
NOD2,IL1B
NOD2,NFKB1
RRM1,PCNA
RRM1,SLC29A1
RRM1,TOP2A
MAP2K1,CCND1
MAP2K1,TYK2
MAP2K1,BRAF
MAP2K1,KRAS
MAP2K1,PPARG
MAP2K1,NFKB1
MAP2K1,BCL2
MAP2K1,TNF
MAP2K1,RAF1
MAP2K1,PIK3CA
MAP2K1,JUN
MAP2K1,MAP2K2
INSR,EGFR
INSR,FGF2
INSR,ERBB2
INSR,PIK3CA
KCNJ4,KCNJ10
KCNJ4,KCNQ1
CXCL8,FGF2
CXCL8,AGTR1
CXCL8,PTGS2
CXCL8,TLR4
CXCL8,AKT1
CXCL8,EGFR
CXCL8,MMP9
CXCL8,TLR9
CXCL8,ALB
CXCL8,NFKB2
CXCL8,TGFB1
CXCL8,JUN
CXCL8,STAT3
CXCL8,RELA
CXCL8,CD44
CXCL8,IL1B
CXCL8,TNF
CXCL8,ICAM1
CXCL8,CASP3
CXCL8,NFKB1
CXCL8,ACKR1
F2,TNF
F2,GGCX
F2,EDNRB
F2,PROCR
F2,SERPINC1
F2,PROC
F2,BCHE
F2,ALB
F2,AGTR1
TERT,AKT1
TERT,BRAF
TERT,CDK4
TERT,IDH1
CASP3,TGFB1
CASP3,JUN
CASP3,STAT3
CASP3,NFE2L2
CASP3,TNF
CASP3,IL1B
CASP3,MAPT
CASP3,MCL1
CASP3,MET
CASP3,GAPDH
CASP3,NFKB1
CASP3,TH
CASP3,BCL2
CASP3,PARP1
CASP3,CDK4
CASP3,TNFSF10
CASP3,HMOX1
CASP3,TLR4
CASP3,PTGS2
CASP3,EGFR
CASP3,AKT1
CASP3,MMP9
CASP3,CAPN2
CASP3,CXCL8
CASP3,CCND1
CASP3,ALB
MET,ERBB2
MET,JAK1
MET,KRAS
MET,FGF2
MET,MMP9
MET,EGFR
MET,STAT3
MET,TGFB1
MET,PARP1
MET,CASP3
MET,CD44
MET,PIK3CA
NQO1,AKT1
NQO1,HMOX1
NQO1,TNF
NQO1,GGCX
NQO1,NFE2L2
EZH2,ESR1
EZH2,IDH1
EZH2,STAT3
EZH2,JUN
EZH2,RELA
EZH2,DNMT1
EZH2,EGFR
EZH2,AKT1
EZH2,IDH2
EZH2,HDAC9
EZH2,PPARG
PGR,RELA
PGR,STAT3
PGR,PARP1
PGR,CYP19A1
PGR,ESR1
PGR,PIK3CA
PGR,FGFR2
PGR,ERBB2
PGR,CCND1
PGR,EGFR
NOS2,AKT1
NOS2,NOS1
NOS2,PTGS2
NOS2,HMOX1
NOS2,TLR4
NOS2,NOS3
NOS2,IL1B
NOS2,TNF
NOS2,STAT3
SCN5A,SCNN1G
SCN5A,KCND2
SCN5A,SCNN1B
SCN5A,KCNH2
SCN5A,KCNQ1
SCN5A,SCNN1A
TPO,SLC5A5
TPO,TH
TPO,DDC
GAST,SST
GAST,CCKBR
IDH2,IDH3B
IDH2,BRAF
IDH2,EGFR
IDH2,KRAS
IDH2,GAPDH
IDH2,IDH1
IDH2,EZH2
IDH2,G6PD
KCND2,SCN5A
KCND2,KCNH2
NR1I2,GPBAR1
NR1I2,ABCG2
NR1I2,CYP3A4
FGFR3,FGF2
FGFR3,KRAS
FGFR3,FGFR2
FGFR3,ERBB2
FGFR3,JAK1
FGFR3,PIK3CA
FGFR3,FGFR1
MAOA,DBH
MAOA,MAOB
MAOA,CYP3A4
MAOA,CYP2D6
MAOA,SLC18A2
MAOA,SLC6A3
MAOA,DDC
MAOA,HNMT
MAOA,DRD2
MAOA,TH
MAOA,SLC6A4
MAOA,COMT
MAOA,BCHE
MAOA,ALDH2
MAOA,HTR2A
MAPT,BCHE
MAPT,EGFR
MAPT,AKT1
MAPT,CASP3
MAPT,GAPDH
MAPT,HDAC6
MAPT,ANXA2
PDE4B,PDE4D
ESR2,EGFR
ESR2,ERBB2
ESR2,GNRH1
ESR2,CYP19A1
ESR2,ESR1
ESR2,JUN
IMPDH1,IDH3B
IMPDH1,ATIC
IMPDH1,NT5E
PDE4D,PDE4B
SCNN1B,SCN5A
SCNN1B,SCNN1A
SCNN1B,CFTR
SCNN1B,REN
SCNN1B,SCNN1G
ANXA2,PLAT
ANXA2,CD44
ANXA2,MAPT
ANXA2,GAPDH
ANXA2,TLR4
ANXA2,EGFR
RET,PIK3CA
RET,EDNRB
RET,STAT3
RET,EGFR
RET,ERBB2
RET,KRAS
HP,ALB
HP,MMP9
HP,HBB
HP,LTF
EPHA2,TFRC
EPHA2,EGFR
EPHA2,ERBB2
EPHA2,FGF2
DNMT1,AKT1
DNMT1,HNMT
DNMT1,CDK4
DNMT1,PARP1
DNMT1,STAT3
DNMT1,EZH2
DNMT1,PCNA
CALCR,TNFSF11
SCNN1A,CFTR
SCNN1A,SCNN1B
SCNN1A,SCN5A
SCNN1A,REN
SCNN1A,SCNN1G
TLR9,ICAM1
TLR9,NFKB1
TLR9,FGFR1
TLR9,IL1B
TLR9,TNF
TLR9,TIRAP
TLR9,CXCL8
TLR9,TLR4
TLR9,NOD2
TLR9,FGFR2
NTRK3,PIK3CA
NTRK3,NTRK2
NTRK3,ERBB2
NTRK3,KRAS
NTRK3,NTRK1
COMT,DRD2
COMT,TH
COMT,DDC
COMT,SLC6A3
COMT,MAOB
COMT,DBH
COMT,SLC6A4
COMT,DRD1
COMT,HTR2A
COMT,MAOA
PNP,NT5E
PNP,XDH
PNP,BST1
DRD2,SLC6A4
DRD2,COMT
DRD2,CNR1
DRD2,SLC6A3
DRD2,TH
DRD2,DBH
DRD2,SLC18A2
DRD2,NPY
DRD2,MAOA
DRD2,SIGMAR1
DRD2,HTR2A
DRD2,SST
PARP1,AKT1
PARP1,EGFR
PARP1,CCND1
PARP1,ERBB2
PARP1,TNF
PARP1,MCL1
PARP1,ESR1
PARP1,MET
PARP1,CASP3
PARP1,GAPDH
PARP1,NFKB1
PARP1,BCL2
PARP1,TOP2A
PARP1,CDK4
PARP1,PCNA
PARP1,PGR
PARP1,DNMT1
PARP1,RELA
PARP1,JUN
PTGS2,PPARA
PTGS2,TNF
PTGS2,IL1B
PTGS2,ICAM1
PTGS2,BCL2
PTGS2,NFKB1
PTGS2,CASP3
PTGS2,GAPDH
PTGS2,XDH
PTGS2,NOS2
PTGS2,STAT3
PTGS2,JUN
PTGS2,RELA
PTGS2,CXCL8
PTGS2,ALOX5
PTGS2,MMP9
PTGS2,EGFR
PTGS2,AKT1
PTGS2,ALB
PTGS2,PLA2G2A
PTGS2,FGF2
PTGS2,PPARG
PTGS2,ERBB2
PTGS2,TLR4
PTGS2,HMOX1
PTGS2,KRAS
SERPINC1,PROCR
SERPINC1,SERPING1
SERPINC1,PLAT
SERPINC1,CD44
SERPINC1,F2
SERPINC1,PROC
SERPINC1,ALB
ACKR1,CXCL8
ROS1,KRAS
ROS1,PIK3CA
MCL1,AKT1
MCL1,CCND1
MCL1,ERBB2
MCL1,GAPDH
MCL1,CASP3
MCL1,PARP1
MCL1,BCL2
MCL1,STAT3
CNR1,HTR2A
CNR1,DRD2
CNR1,NTRK2
CNR1,CNR2
CNR1,TRPV1
NFKB2,STAT3
NFKB2,RELA
NFKB2,ICAM1
NFKB2,NFKB1
NFKB2,IL1B
NFKB2,TNF
NFKB2,REL
NFKB2,CXCL8
JUN,CCND1
JUN,AKT1
JUN,TNFSF11
JUN,EGFR
JUN,MMP9
JUN,CXCL8
JUN,MAP2K1
JUN,HMOX1
JUN,TLR4
JUN,PTGS2
JUN,ERBB2
JUN,PPARG
JUN,BCL2
JUN,CDK4
JUN,PARP1
JUN,CDK6
JUN,GAPDH
JUN,CASP3
JUN,NFKB1
JUN,PPARA
JUN,CRBN
JUN,ESR2
JUN,ESR1
JUN,IL1B
JUN,TNF
JUN,RELA
JUN,EZH2
JUN,STAT3
JUN,NFE2L2
JUN,TGFB1
MMP9,MET
MMP9,ESR1
MMP9,CD44
MMP9,TNF
MMP9,IL1B
MMP9,NOS3
MMP9,BCL2
MMP9,ICAM1
MMP9,NFKB1
MMP9,GAPDH
MMP9,CASP3
MMP9,TGFB1
MMP9,PLAT
MMP9,STAT3
MMP9,JUN
MMP9,AKT1
MMP9,TNFSF11
MMP9,EGFR
MMP9,CXCL8
MMP9,CCND1
MMP9,ALB
MMP9,LTF
MMP9,PPARG
MMP9,FGF2
MMP9,TLR4
MMP9,HP
MMP9,PTGS2
MMP9,ACE
MPL,JAK1
MPL,TYK2
TLR4,ACE2
TLR4,PPARG
TLR4,LTF
TLR4,HMOX1
TLR4,NOD2
TLR4,PTGS2
TLR4,EGFR
TLR4,AKT1
TLR4,TLR9
TLR4,MMP9
TLR4,CXCL8
TLR4,TIRAP
TLR4,ALB
TLR4,NOS2
TLR4,TGFB1
TLR4,ANXA2
TLR4,PTAFR
TLR4,RELA
TLR4,JUN
TLR4,STAT3
TLR4,PIK3CA
TLR4,TNF
TLR4,IL1B
TLR4,CD44
TLR4,XDH
TLR4,GAPDH
TLR4,CASP3
TLR4,NFKB1
TLR4,ICAM1
TLR4,BCL2
ALOX5,PTGS2
ALOX5,PLA2G2A
CNR2,CNR1
HTR1D,MAOB
HTR1D,NPY
HTR1D,SST
HTR1D,SLC6A4
ABCA1,PPARG
ABCA1,STAT3
ABCA1,HMGCR
ABCA1,NR1H4
ABCA1,PPARA
ALPL,NT5E
HDAC6,HDAC9
HDAC6,AKT1
HDAC6,EGFR
HDAC6,CFTR
HDAC6,MAPT
EDNRB,NOS3
EDNRB,F2
EDNRB,RET
MAOB,HTR1D
MAOB,BCHE
MAOB,ALDH2
MAOB,MAOA
MAOB,DBH
MAOB,CYP3A4
MAOB,SLC18A2
MAOB,CYP2D6
MAOB,HNMT
MAOB,SLC6A3
MAOB,DDC
MAOB,TH
MAOB,SLC6A4
MAOB,COMT
PCNA,DNMT1
PCNA,RRM1
PCNA,CDK6
PCNA,CDK4
PCNA,PARP1
PCNA,TOP2A
PCNA,CCND1
XDH,PNP
XDH,NOS1
XDH,TLR4
XDH,ACE
XDH,PTGS2
XDH,NOS3
TH,DRD2
TH,DHFR
TH,DDC
TH,AKR1B1
TH,SLC6A3
TH,CASP3
TH,MAOB
TH,SLC18A2
TH,NPY
TH,DBH
TH,COMT
TH,SST
TH,MAOA
TH,TPO
ALK,KRAS
ALK,ERBB2
ALK,JAK1
ALK,PIK3CA
ALK,ATIC
ALK,STAT3
ALK,TGFB1
HCAR2,NPY
TFRC,ALB
TFRC,EGFR
TFRC,TFR2
TFRC,FTH1
TFRC,LTF
TFRC,GAPDH
TFRC,TNF
TFRC,EPHA2
TIRAP,NFKB1
TIRAP,IL1B
TIRAP,TNF
TIRAP,TLR9
TIRAP,TLR4
DBH,MAOA
DBH,MAOB
DBH,NPY
DBH,SLC18A2
DBH,DRD2
DBH,TH
DBH,SLC6A3
DBH,DDC
DBH,COMT
G6PD,IDH2
G6PD,GAPDH
G6PD,IDH1
G6PD,NFE2L2
FOLR1,EGFR
DRD1,SLC6A4
DRD1,COMT
DRD1,SLC6A3
CPT1B,PPARA
CYP19A1,AKR1D1
CYP19A1,ESR2
CYP19A1,ESR1
CYP19A1,CYP3A4
CYP19A1,GNRH1
CYP19A1,PGR
CYP19A1,HSD3B2
CYP19A1,AKT1
CYP19A1,CCND1
CYP19A1,ERBB2
GAPDH,IDH2
GAPDH,ALB
GAPDH,ERBB2
GAPDH,PTGS2
GAPDH,TLR4
GAPDH,MAPT
GAPDH,CD44
GAPDH,ESR1
GAPDH,IDH1
GAPDH,MCL1
GAPDH,BCL2
GAPDH,TGFB1
GAPDH,JUN
GAPDH,AKT1
GAPDH,EGFR
GAPDH,TFRC
GAPDH,MMP9
GAPDH,CCND1
GAPDH,FGF2
GAPDH,PPARG
GAPDH,HMOX1
GAPDH,TNF
GAPDH,IL1B
GAPDH,CASP3
GAPDH,NFKB1
GAPDH,CDK4
GAPDH,PARP1
GAPDH,G6PD
GAPDH,ANXA2
GAPDH,STAT3
HRH1,TRPV1
NFE2L2,HMOX1
NFE2L2,PPARG
NFE2L2,AKT1
NFE2L2,JUN
NFE2L2,STAT3
NFE2L2,G6PD
NFE2L2,CASP3
NFE2L2,NQO1
NFE2L2,TNF
NFE2L2,IL1B
NFE2L2,IDH1
BCL2,CDK6
BCL2,PARP1
BCL2,CDK4
BCL2,NFKB1
BCL2,GAPDH
BCL2,CASP3
BCL2,MCL1
BCL2,ESR1
BCL2,TNF
BCL2,IL1B
BCL2,RAF1
BCL2,RELA
BCL2,STAT3
BCL2,JUN
BCL2,CCND1
BCL2,ALB
BCL2,MMP9
BCL2,EGFR
BCL2,AKT1
BCL2,BRAF
BCL2,MAP2K1
BCL2,TLR4
BCL2,HMOX1
BCL2,ERBB2
BCL2,PTGS2
BCL2,KRAS
TNFSF11,EGFR
TNFSF11,AKT1
TNFSF11,MMP9
TNFSF11,JUN
TNFSF11,TNF
TNFSF11,IL1B
TNFSF11,CALCR
TNFSF11,NFKB1
PLA2G2A,ALOX5
PLA2G2A,PTGS2
RELA,PPARG
RELA,PTGS2
RELA,TLR4
RELA,REL
RELA,CXCL8
RELA,EGFR
RELA,AKT1
RELA,CCND1
RELA,NFKB2
RELA,PGR
RELA,EZH2
RELA,JUN
RELA,STAT3
RELA,ESR1
RELA,TNF
RELA,IL1B
RELA,RAF1
RELA,PARP1
RELA,ICAM1
RELA,BCL2
RELA,NFKB1
NPY,GNRH1
NPY,SST
NPY,TH
NPY,DRD2
NPY,HTR1D
NPY,DBH
NPY,HCAR2
ESRRA,ESR1
ESRRA,PPARG
PPARA,HMGCR
PPARA,TNF
PPARA,IL1B
PPARA,JUN
PPARA,TRPV1
PPARA,CPT1B
PPARA,ALB
PPARA,ABCA1
PPARA,PTGS2
PPARA,LPL
ACE2,ALB
ACE2,AGTR1
ACE2,ACE
ACE2,TLR4
ACE2,IL1B
ACE2,TNF
ACE2,REN
IDH1,KRAS
IDH1,TERT
IDH1,PDGFRA
IDH1,FGFR2
IDH1,IDH3B
IDH1,IDH2
IDH1,EGFR
IDH1,BRAF
IDH1,NFE2L2
IDH1,EZH2
IDH1,G6PD
IDH1,GAPDH
IDH1,PIK3CA
ATP2B1,TRPV4
FGFR1,FGFR3
FGFR1,CD44
FGFR1,PIK3CA
FGFR1,GNRH1
FGFR1,FGF2
FGFR1,KRAS
FGFR1,ERBB2
FGFR1,FGFR2
FGFR1,PDGFRA
FGFR1,TLR9
DHFR,ATIC
DHFR,TH
DHFR,AKR1B1
CD44,MMP9
CD44,AKT1
CD44,EGFR
CD44,CXCL8
CD44,ABCG2
CD44,ALB
CD44,FGF2
CD44,TLR4
CD44,ERBB2
CD44,FGFR2
CD44,NT5E
CD44,MET
CD44,ESR1
CD44,TNF
CD44,IL1B
CD44,FGFR1
CD44,ICAM1
CD44,GAPDH
CD44,TGFB1
CD44,SERPINC1
CD44,STAT3
CD44,ANXA2
TNF,NFKB1
TNF,CASP3
TNF,GAPDH
TNF,BCL2
TNF,ICAM1
TNF,NQO1
TNF,PARP1
TNF,CD44
TNF,REN
TNF,IL1B
TNF,PPARA
TNF,RELA
TNF,STAT3
TNF,NFE2L2
TNF,JUN
TNF,IL12B
TNF,NOS2
TNF,TGFB1
TNF,NFKB2
TNF,ALB
TNF,TIRAP
TNF,MAP2K1
TNF,TYK2
TNF,MMP9
TNF,TLR9
TNF,AKT1
TNF,EGFR
TNF,TNFSF11
TNF,TFRC
TNF,CXCL8
TNF,REL
TNF,KRAS
TNF,F2
TNF,TNFSF10
TNF,TLR4
TNF,JAK1
TNF,HMOX1
TNF,PTGS2
TNF,ACE
TNF,NOD2
TNF,ACE2
TNF,PPARG
TNF,FGF2
AGTR1,NOS3
AGTR1,REN
AGTR1,CXCL8
AGTR1,ACE2
AGTR1,F2
AGTR1,ACE
RAF1,PIK3CA
RAF1,NFKB1
RAF1,BCL2
RAF1,MAP2K2
RAF1,STAT3
RAF1,RELA
RAF1,MAP2K1
RAF1,BRAF
RAF1,EGFR
RAF1,AKT1
RAF1,KRAS
DDC,TPO
DDC,MAOA
DDC,SLC6A4
DDC,COMT
DDC,DBH
DDC,MAOB
DDC,SLC18A2
DDC,SLC6A3
DDC,TH
ESR1,RELA
ESR1,EZH2
ESR1,JUN
ESR1,STAT3
ESR1,PGR
ESR1,GNRH1
ESR1,GAPDH
ESR1,NFKB1
ESR1,NR1H4
ESR1,BCL2
ESR1,PARP1
ESR1,CDK4
ESR1,PIK3CA
ESR1,IL1B
ESR1,CD44
ESR1,NOS3
ESR1,AHR
ESR1,CYP19A1
ESR1,CYP2D6
ESR1,ESR2
ESR1,REL
ESR1,KRAS
ESR1,FGFR2
ESR1,ERBB2
ESR1,PPARG
ESR1,NTRK1
ESR1,CCND1
ESR1,ALB
ESR1,ESRRA
ESR1,EGFR
ESR1,AKT1
ESR1,MMP9
ESR1,BRAF
TRPV4,ATP2B1
TRPV4,TRPA1
TRPV4,TRPV1
HDAC9,HDAC6
HDAC9,EZH2
FGFR2,ESR1
FGFR2,IDH1
FGFR2,FGFR1
FGFR2,PIK3CA
FGFR2,CD44
FGFR2,PGR
FGFR2,STAT3
FGFR2,FGFR3
FGFR2,TLR9
FGFR2,FGF2
FGFR2,ERBB2
FGFR2,JAK1
FGFR2,KRAS
TOP2A,PCNA
TOP2A,CDK4
TOP2A,PARP1
TOP2A,RRM1
CFB,SERPING1
BRAF,STAT3
BRAF,MAP2K2
BRAF,BCL2
BRAF,IDH1
BRAF,ESR1
BRAF,PIK3CA
BRAF,RAF1
BRAF,TERT
BRAF,KRAS
BRAF,MC1R
BRAF,CCND1
BRAF,AKT1
BRAF,IDH2
BRAF,MAP2K1
PIK3CG,ERBB2
PIK3CG,KRAS
PIK3CG,AKT1
PIK3CG,EGFR
PIK3CG,STAT3
PIK3CG,PIK3CA
TFR2,TFRC
GPBAR1,NR1H4
GPBAR1,NR1I2
NTRK1,NTRK2
NTRK1,STAT3
NTRK1,ESR1
NTRK1,PIK3CA
NTRK1,NTRK3
NTRK1,FGF2
NTRK1,ERBB2
TYK2,PIK3CA
TYK2,TNF
TYK2,IL12B
TYK2,MAP2K2
TYK2,STAT3
TYK2,PTAFR
TYK2,EGFR
TYK2,MPL
TYK2,MAP2K1
TYK2,JAK1
CCKBR,GAST
HTR2A,COMT
HTR2A,CNR1
HTR2A,MAOA
HTR2A,SLC6A4
HTR2A,DRD2
HTR2A,SLC6A3
PTAFR,TYK2
PTAFR,TLR4
PTAFR,STAT3
HSD3B2,AKR1D1
HSD3B2,CYP19A1
HSD3B2,CYP3A4
HSD3B2,SIGMAR1
NR1H4,GPBAR1
NR1H4,ABCA1
NR1H4,ESR1
MC1R,BRAF
MC1R,CDK4
AKT1,ALB
AKT1,TNFSF11
AKT1,TLR4
AKT1,PTGS2
AKT1,KRAS
AKT1,HDAC6
AKT1,NQO1
AKT1,BCL2
AKT1,GNRH1
AKT1,GAPDH
AKT1,MCL1
AKT1,CYP19A1
AKT1,ESR1
AKT1,PIK3CG
AKT1,CD44
AKT1,MAPT
AKT1,RELA
AKT1,JUN
AKT1,DNMT1
AKT1,NOS2
AKT1,TGFB1
AKT1,CCND1
AKT1,EGFR
AKT1,MMP9
AKT1,BRAF
AKT1,CXCL8
AKT1,HMOX1
AKT1,TERT
AKT1,PPARG
AKT1,NOS1
AKT1,FGF2
AKT1,ICAM1
AKT1,PARP1
AKT1,CASP3
AKT1,NFKB1
AKT1,PIK3CA
AKT1,IL1B
AKT1,TNF
AKT1,RAF1
AKT1,NOS3
AKT1,EZH2
AKT1,STAT3
AKT1,NFE2L2
TRPV1,HRH1
TRPV1,TRPV4
TRPV1,PPARA
TRPV1,TRPA1
TRPV1,CNR1
NOS1,XDH
NOS1,NOS3
NOS1,NOS2
NOS1,GUCY1A1
NOS1,AKT1
NOS1,KRAS
IDH3B,IDH1
IDH3B,IMPDH1
IDH3B,IDH2
HBB,HP
KCNJ10,KCNJ4
CYP2D6,CYP3A4
CYP2D6,ESR1
CYP2D6,MAOB
CYP2D6,MAOA
SLC18A2,SLC6A4
SLC18A2,MAOA
SLC18A2,DBH
SLC18A2,MAOB
SLC18A2,SLC6A3
SLC18A2,DDC
SLC18A2,DRD2
SLC18A2,TH
LPL,ALB
LPL,PPARA
LPL,PPARG
ABCG2,CYP3A4
ABCG2,CD44
ABCG2,CFTR
ABCG2,NR1I2
ABCG2,ALB
ABCG2,ERBB2
SLC29A1,RRM1
CYP3A4,KCNH2
CYP3A4,MAOA
CYP3A4,ALB
CYP3A4,ABCG2
CYP3A4,HSD3B2
CYP3A4,NR1I2
CYP3A4,MAOB
CYP3A4,CYP19A1
CYP3A4,CYP2D6
JAK1,MPL
JAK1,TYK2
JAK1,EGFR
JAK1,KRAS
JAK1,PDGFRA
JAK1,ERBB2
JAK1,FGFR2
JAK1,TNF
JAK1,PIK3CA
JAK1,MET
JAK1,ALK
JAK1,FGFR3
JAK1,STAT3
